age,gender,weight,distance_km,response_rate,last_donation_days,label
54,Male,58,7.7661,0.36,72,0
35,Female,58,18.9439,0.3,665,0
65,Male,63,14.7007,0.71,271,0
63,Male,65,12.114,0.64,508,0
29,Male,71,3.5268,0.78,94,1
34,Female,52,3.5263,0.48,96,1
54,Female,50,1.6268,0.26,229,1
63,Male,60,17.3038,0.26,69,0
55,Female,56,12.1616,0.9,79,1
32,Female,46,14.2366,0.17,85,1
24,Female,60,0.8993,0.63,286,1
31,Female,51,19.3163,0.31,106,0
18,Male,74,16.6494,0.29,107,0
55,Male,67,4.6194,0.19,967,0
20,Female,51,4.0274,0.98,112,1
54,Female,63,4.058,0.15,171,1
61,Male,64,6.4023,0.23,124,0
48,Female,63,10.6803,0.43,365,0
60,Female,52,8.8797,0.51,832,0
30,Female,60,6.1498,0.96,215,1
65,Male,64,12.3699,0.32,568,0
35,Female,60,3.2062,0.75,233,1
34,Female,53,6.1676,0.69,159,1
34,Male,64,7.6074,0.57,67,1
28,Male,70,9.3478,0.34,328,0
37,Male,70,15.7324,0.24,261,0
27,Female,63,4.3737,0.26,121,1
46,Male,52,10.4761,0.41,286,0
65,Male,76,11.9928,0.22,81,0
51,Male,59,1.4011,0.99,182,1
34,Male,60,12.2864,0.5,238,0
59,Male,67,3.8082,0.59,82,1
30,Female,60,1.762,0.65,344,1
61,Female,51,18.9084,0.28,213,0
64,Female,45,19.2333,0.53,579,0
56,Male,58,16.1829,0.16,67,0
44,Male,63,6.4095,0.97,337,1
43,Male,64,2.3948,0.53,76,1
45,Male,74,13.7741,0.13,264,0
30,Male,61,9.039,0.64,104,1
29,Male,60,2.8675,0.19,241,1
61,Other,42,10.1064,0.81,243,0
45,Male,57,1.1671,0.96,106,1
19,Female,58,18.1408,0.92,295,0
54,Male,59,5.5203,0.49,185,1
51,Male,79,13.3529,0.74,262,0
40,Female,52,6.5472,0.24,141,0
62,Male,76,10.5893,0.17,139,0
46,Male,56,11.1062,0.84,85,1
52,Other,55,4.0862,0.73,336,1
28,Female,70,19.3099,0.92,290,0
65,Male,82,15.5376,0.92,575,0
50,Male,61,18.7263,0.41,271,0
28,Female,49,17.8597,0.39,87,0
26,Female,52,12.0993,0.5,681,0
31,Male,65,18.3844,0.7,140,0
26,Male,64,2.2168,0.1,167,1
56,Female,64,4.3021,0.58,720,1
65,Male,56,1.3774,0.12,234,0
20,Male,55,6.8114,0.51,135,1
46,Female,61,8.0403,0.17,573,0
36,Male,58,5.7642,0.61,140,1
53,Female,53,16.5775,0.38,299,0
49,Female,55,7.421,0.53,220,1
24,Female,63,5.9501,0.96,95,1
45,Male,62,11.0283,0.41,325,0
61,Male,68,3.2339,0.75,660,0
35,Male,69,16.0626,0.71,66,1
22,Male,79,1.9463,0.88,205,1
40,Female,63,19.6456,0.4,329,0
39,Male,69,15.4815,0.15,177,0
43,Male,56,4.3551,0.97,124,1
59,Male,80,0.6071,0.43,810,1
29,Male,56,16.32,0.27,108,0
57,Female,52,14.213,0.92,228,0
36,Female,63,14.6427,0.27,149,0
64,Female,51,15.4626,0.58,214,0
18,Female,56,1.9365,0.78,66,1
20,Female,43,7.4542,0.76,214,1
44,Male,86,2.7479,0.13,878,0
35,Male,48,17.2442,0.28,160,0
47,Female,61,12.592,0.9,170,0
19,Male,55,6.9194,0.6,758,0
22,Male,55,1.733,0.72,320,1
46,Other,63,6.5331,0.46,348,0
50,Male,81,6.8086,0.77,913,0
59,Female,65,14.6544,0.36,70,1
37,Female,50,12.8686,0.31,238,0
47,Male,65,17.7119,0.99,353,0
59,Male,60,9.661,0.24,145,0
22,Female,54,2.8201,0.98,321,1
38,Male,63,14.3369,0.93,111,1
32,Male,67,15.2592,0.74,172,0
37,Female,55,11.3888,0.62,68,1
25,Male,54,15.4568,0.1,71,0
48,Male,65,10.0796,0.67,363,1
29,Male,65,10.641,0.8,952,0
38,Female,63,8.7943,0.76,86,1
47,Male,58,0.9931,0.25,159,1
44,Male,70,2.5931,0.59,143,1
61,Male,69,1.1097,0.6,90,1
43,Male,82,12.8464,0.69,550,0
50,Female,56,6.5985,0.85,369,0
43,Female,45,10.3663,0.73,105,1
43,Male,63,18.1068,0.23,543,0
53,Male,53,5.3363,0.12,227,0
57,Male,48,8.4614,0.22,326,0
18,Female,53,15.1577,0.14,255,0
32,Male,78,4.9387,0.49,183,1
18,Male,59,1.9934,0.36,206,0
28,Other,49,6.1212,0.11,226,0
19,Male,78,3.6277,0.17,320,0
18,Other,59,18.5361,0.46,801,0
48,Male,73,16.1775,0.95,395,0
61,Male,61,12.788,0.99,125,0
33,Female,56,17.4063,0.15,73,0
39,Male,92,16.0912,0.85,296,1
59,Male,79,4.1195,0.53,323,1
35,Male,64,17.8156,0.66,551,0
64,Other,48,10.9632,0.56,961,0
34,Male,48,16.1643,0.93,665,0
47,Female,58,17.8842,0.53,301,0
27,Female,47,6.6693,0.25,854,0
52,Female,49,2.635,0.8,87,1
38,Female,48,4.9219,0.56,218,1
33,Male,68,8.7859,0.21,87,0
23,Male,73,16.3695,0.52,687,0
20,Male,44,17.1982,0.72,970,0
58,Male,62,0.6349,0.37,110,0
60,Male,57,10.4085,0.92,327,1
38,Male,71,8.5978,0.86,825,0
30,Female,57,4.8089,0.61,305,1
35,Female,42,2.8254,0.15,291,0
41,Male,55,7.0497,0.62,315,1
44,Male,66,18.7924,0.47,168,0
21,Male,55,6.7701,0.75,830,1
39,Male,63,10.5645,0.34,170,1
41,Male,62,14.1386,0.65,76,0
57,Female,60,7.5544,0.6,74,0
62,Male,68,19.3526,0.57,98,0
27,Male,66,19.1715,0.2,305,0
19,Male,80,5.3846,0.54,367,1
57,Other,51,10.1466,0.6,302,0
23,Female,53,6.337,0.93,724,0
65,Female,58,6.0259,0.51,679,0
35,Male,58,1.2156,0.68,259,1
34,Male,56,12.3255,0.61,271,0
55,Male,52,10.252,0.28,175,0
62,Male,75,1.4987,0.27,107,0
40,Female,42,5.9057,0.77,241,1
63,Male,68,18.1204,0.57,363,0
47,Male,62,5.1475,0.91,245,1
38,Female,42,3.311,0.92,323,1
27,Male,75,9.9954,0.37,198,0
60,Female,48,19.6216,0.19,135,0
30,Male,57,5.1959,0.41,245,0
29,Male,60,13.5394,0.16,102,0
26,Male,73,15.2754,0.8,329,0
21,Female,57,5.1102,0.23,141,0
56,Male,73,14.6274,0.88,382,0
41,Male,63,7.635,0.47,56,1
51,Male,52,12.7667,0.35,214,0
56,Female,59,12.7905,0.55,162,0
58,Female,54,10.894,0.64,76,1
22,Male,68,2.2516,0.73,364,1
32,Male,53,16.7049,0.4,140,0
21,Female,51,6.7231,0.98,242,1
56,Female,67,4.1185,0.48,58,1
25,Female,57,1.291,0.85,168,1
62,Male,69,11.9633,0.13,56,0
41,Male,65,13.6447,0.8,347,1
45,Female,42,0.8218,0.6,592,0
60,Female,43,10.4346,0.68,107,0
44,Female,62,4.894,0.44,349,0
18,Male,71,13.0164,0.59,253,0
51,Female,56,3.8827,0.94,200,1
34,Female,62,13.9042,0.45,223,1
54,Female,55,8.0027,0.2,228,0
55,Male,57,18.6726,0.75,88,0
43,Female,54,3.1679,0.55,70,1
41,Female,55,7.1167,0.48,244,1
56,Female,51,2.7014,0.8,91,1
38,Female,44,18.4391,0.61,115,0
47,Other,56,17.5204,0.67,230,0
64,Other,59,5.5041,0.93,81,1
65,Male,74,13.3037,0.15,106,0
30,Female,48,16.3541,0.34,229,0
54,Female,49,11.2709,0.91,77,0
20,Male,68,10.7752,0.81,181,1
49,Male,68,5.1919,0.27,95,0
52,Male,62,2.3062,0.25,215,0
36,Female,50,17.906,0.84,328,1
31,Male,61,17.9681,0.6,176,0
65,Female,57,12.7822,0.87,106,0
39,Female,58,7.0772,0.93,962,1
34,Female,55,7.2747,0.16,189,0
21,Male,75,14.5835,0.97,79,1
62,Male,68,17.9039,0.74,85,0
57,Male,60,17.7095,0.85,187,0
36,Male,58,15.6296,0.67,892,0
54,Female,54,12.9554,0.37,194,0
19,Female,51,2.1323,0.64,136,1
32,Male,62,3.6356,0.56,106,1
19,Female,60,17.932,0.94,171,0
28,Male,74,12.2647,0.6,282,1
62,Male,66,0.6784,0.13,249,0
40,Female,45,2.4685,0.72,63,1
27,Male,58,13.3719,0.15,119,0
20,Female,65,0.5982,0.95,176,1
22,Female,57,3.6197,0.54,220,0
20,Female,55,11.1454,0.97,129,1
55,Male,72,13.9228,0.12,444,0
30,Male,59,13.148,0.58,200,0
59,Male,63,4.8508,0.3,293,0
36,Other,62,14.3163,0.68,209,0
57,Male,63,5.1026,0.55,252,0
52,Male,54,6.8128,0.61,961,0
41,Female,55,14.9819,0.42,82,0
41,Female,45,13.1029,0.15,82,0
34,Female,57,16.9749,0.2,358,0
57,Other,73,13.2577,0.87,146,1
27,Male,52,11.5252,0.73,82,0
19,Male,76,2.3173,0.79,180,1
61,Male,68,7.6337,0.21,255,0
40,Male,68,5.6449,0.14,278,0
23,Female,50,5.2334,0.12,216,0
19,Male,58,19.3764,0.57,67,0
38,Female,58,8.1261,0.55,79,1
52,Male,57,17.8057,0.2,140,0
46,Male,76,12.7441,0.41,170,1
24,Female,65,15.9193,0.58,879,0
46,Male,70,10.2512,0.71,115,1
54,Female,48,11.6919,0.83,599,0
40,Other,63,10.0548,0.68,121,1
50,Female,55,4.2877,0.13,277,0
25,Male,57,14.5156,0.63,177,0
29,Female,55,5.947,0.18,339,1
63,Male,61,0.9717,0.61,328,1
65,Female,57,13.0222,0.44,355,0
27,Male,66,3.9359,0.36,139,1
32,Male,54,18.7449,0.53,287,0
41,Other,59,19.0062,0.44,276,0
43,Male,55,18.2484,0.85,252,1
64,Female,45,7.6811,0.3,86,1
59,Male,63,0.7999,0.22,777,1
56,Female,56,18.5094,0.85,330,0
20,Other,61,8.8068,0.32,681,0
19,Male,66,19.2531,0.13,69,0
23,Female,65,19.1942,0.45,795,0
38,Female,56,17.0484,0.84,704,0
26,Female,48,6.2123,0.49,294,0
27,Male,67,7.9709,0.52,217,1
53,Female,50,17.0121,0.14,791,0
20,Male,77,6.6483,0.74,886,0
58,Male,67,3.7882,0.41,272,0
41,Male,53,11.3019,0.76,337,0
39,Female,43,18.6614,0.47,664,0
31,Female,56,14.003,0.57,106,0
59,Male,61,11.5592,0.63,321,0
62,Female,58,2.3852,0.28,813,0
61,Female,52,12.4311,0.36,575,0
44,Male,69,19.707,0.63,811,0
50,Female,51,3.2176,0.84,183,1
39,Male,79,10.5556,0.97,203,1
46,Male,61,17.521,0.57,432,0
36,Male,71,14.8709,0.17,179,0
36,Female,54,14.0221,0.96,217,1
23,Other,62,14.1282,0.48,342,0
62,Male,65,7.4741,0.19,109,0
36,Male,58,6.1957,0.97,59,1
30,Female,50,16.2016,0.35,342,0
43,Female,42,16.2162,0.69,311,0
39,Female,52,17.3212,0.23,90,0
38,Female,57,18.2169,0.75,166,0
53,Female,55,10.42,0.98,335,0
19,Female,64,10.2294,0.99,152,0
64,Female,63,15.9869,0.21,105,0
61,Male,58,13.1093,0.79,140,0
47,Female,42,14.1182,0.7,97,0
44,Male,56,15.9384,0.82,64,1
24,Male,68,17.7661,0.4,71,0
37,Male,66,7.0571,0.46,161,0
48,Female,56,7.7863,0.41,59,1
40,Female,59,2.3232,0.79,81,1
30,Female,58,11.7186,0.83,84,1
34,Male,84,1.1973,0.32,773,0
21,Female,58,9.5326,0.62,400,0
31,Male,63,11.0273,0.21,83,1
37,Female,61,6.0589,0.11,145,1
30,Male,58,11.9622,0.65,782,0
20,Female,63,1.0917,0.86,79,1
43,Female,65,1.2246,0.92,106,1
43,Female,58,16.4585,0.66,97,0
35,Female,45,7.4877,0.83,903,0
49,Female,51,2.965,0.46,160,0
31,Male,65,10.6315,0.89,73,1
64,Female,68,15.4379,0.8,58,0
20,Male,60,4.6869,0.38,764,0
18,Male,59,12.5841,0.64,214,0
43,Male,62,2.1557,0.15,238,0
41,Female,46,1.5026,0.23,269,0
52,Male,57,10.8083,0.95,353,1
31,Male,61,10.9883,0.11,89,0
20,Other,48,12.8661,0.28,294,0
30,Female,60,14.5862,0.22,64,0
64,Male,69,19.4315,0.73,65,0
31,Female,58,10.5162,0.2,206,0
38,Male,55,6.7654,0.12,696,0
43,Female,56,15.9266,0.94,245,1
20,Female,57,5.7541,0.89,70,1
57,Female,56,9.016,0.42,335,0
21,Female,64,2.0221,0.19,219,1
53,Male,73,0.9918,0.71,192,1
60,Male,72,19.1754,0.89,351,0
18,Female,57,16.718,0.98,68,0
57,Male,65,14.0019,0.22,146,0
64,Other,62,8.4337,0.64,164,0
50,Male,80,3.8619,0.49,726,0
24,Male,54,3.5349,0.24,132,0
28,Female,59,5.3547,0.83,298,1
44,Male,53,11.155,0.8,121,0
31,Male,61,14.3632,0.97,195,1
39,Male,66,13.3078,0.18,224,0
33,Other,59,5.9307,0.31,216,0
63,Male,83,19.0244,0.84,997,0
29,Male,74,14.8152,0.46,178,0
63,Male,69,11.2545,0.53,133,0
27,Male,74,12.3674,0.65,106,0
41,Male,68,8.6402,0.47,296,1
63,Female,51,5.306,0.13,78,0
35,Other,44,7.4059,0.64,229,1
39,Male,66,15.2022,0.31,360,0
26,Female,58,0.7792,0.97,217,1
34,Other,55,2.7518,0.72,128,1
55,Male,65,1.3925,0.86,326,1
57,Male,55,1.2901,0.96,437,1
30,Female,56,17.0959,0.16,231,0
54,Female,63,14.151,0.23,160,0
23,Male,74,9.699,0.83,108,1
38,Male,69,2.398,0.9,336,1
53,Male,69,10.0373,0.1,90,0
24,Male,58,9.6854,0.95,151,1
53,Female,55,3.8601,0.51,294,0
42,Female,48,8.9167,0.52,140,1
28,Female,61,8.231,0.89,79,1
61,Male,64,12.4475,0.36,350,0
31,Male,59,12.8208,0.63,189,1
62,Male,72,1.3789,0.4,230,0
46,Female,60,7.7675,0.2,515,0
27,Female,52,12.6417,0.42,121,0
65,Male,58,10.2608,0.26,278,0
22,Male,73,17.1159,0.57,175,0
25,Female,63,13.2787,0.58,277,0
63,Female,42,3.6609,0.49,310,1
22,Male,70,1.869,0.26,611,0
41,Male,65,12.9629,0.21,137,0
57,Male,61,1.0143,0.19,988,0
43,Female,57,11.864,0.2,66,1
23,Female,44,18.7405,0.37,309,0
33,Female,61,11.6642,0.1,90,0
53,Female,57,8.0305,0.16,346,0
29,Other,62,12.9798,0.52,877,0
28,Male,62,9.3901,0.26,141,0
20,Male,72,11.085,0.34,965,0
61,Male,65,18.7644,0.42,57,0
54,Male,71,7.9904,0.14,325,0
23,Female,60,19.1471,0.3,153,0
36,Female,58,18.0638,0.8,64,0
35,Female,53,4.2983,0.41,77,1
33,Male,76,1.8456,0.27,111,1
40,Male,55,2.4551,0.28,782,0
60,Male,57,0.8535,0.99,300,1
54,Female,58,2.3322,0.23,296,0
26,Male,80,13.7503,0.91,64,0
20,Male,68,1.8811,0.17,62,0
25,Male,55,6.6881,0.89,199,1
55,Other,63,16.8906,0.56,611,0
21,Female,47,0.9515,0.65,157,1
29,Female,42,16.3007,0.32,265,0
61,Female,57,5.968,0.91,142,0
48,Female,51,2.7924,0.63,597,0
42,Male,75,14.0167,0.71,167,1
33,Male,62,12.7015,0.6,733,0
59,Female,66,17.523,0.21,72,0
31,Female,55,14.7604,0.85,293,0
30,Male,76,16.0875,0.27,232,0
58,Male,59,5.9715,0.36,141,0
24,Female,55,3.9423,0.7,244,1
29,Male,71,15.0619,0.18,106,0
54,Female,55,16.1526,0.94,63,0
21,Male,67,19.7158,0.21,956,0
19,Male,80,8.5048,0.7,58,1
52,Male,60,7.7172,0.67,773,0
61,Female,48,15.5624,0.73,303,0
20,Female,50,7.1116,0.49,161,1
21,Male,77,18.5567,0.44,769,0
55,Female,52,17.1532,0.98,309,0
29,Male,64,8.8225,0.84,364,1
36,Male,82,15.0669,0.54,85,0
27,Female,53,15.1381,0.26,439,0
18,Male,63,2.5006,0.9,300,1
34,Female,53,18.0095,0.68,201,0
33,Female,46,10.3019,0.22,352,0
26,Female,55,16.5333,0.26,172,1
26,Female,59,6.709,0.59,567,0
26,Female,56,17.8732,0.55,117,0
29,Male,57,8.0505,0.47,98,0
58,Male,56,0.7103,0.48,93,1
32,Male,66,18.0644,0.25,118,0
19,Female,54,2.271,0.33,316,1
28,Male,52,6.6947,0.54,105,1
28,Male,54,18.9312,0.16,58,0
25,Female,58,18.9418,0.42,68,0
49,Female,58,11.6247,0.29,247,0
23,Other,76,12.7576,0.26,288,0
37,Female,59,9.1998,0.23,240,0
56,Male,60,6.1883,0.23,305,0
52,Female,57,6.8761,0.24,241,0
25,Male,63,13.5469,0.44,304,0
60,Male,50,15.0961,0.19,423,0
51,Female,55,15.8566,0.91,99,1
36,Female,55,15.8186,0.55,285,0
24,Female,56,2.2694,0.55,337,1
48,Other,57,10.0918,0.29,241,0
35,Female,46,1.6166,0.88,600,1
57,Male,60,11.1609,0.85,118,1
31,Female,62,9.0657,0.13,292,0
56,Female,58,17.7215,0.76,142,0
53,Other,52,7.3078,0.27,76,0
34,Male,75,2.7711,0.6,92,1
54,Male,72,3.274,0.88,155,1
61,Female,48,15.2733,0.94,61,1
26,Male,77,12.4934,0.27,74,0
37,Female,56,2.4618,0.95,85,1
62,Male,66,2.1317,0.16,101,0
45,Male,72,14.0988,0.92,94,1
37,Female,45,1.9116,0.8,164,1
58,Male,69,16.4441,0.92,243,0
53,Female,48,14.2011,0.43,629,0
44,Male,44,2.0782,0.95,104,1
25,Male,70,2.1459,0.84,200,1
49,Male,51,19.6408,0.4,768,0
18,Female,50,7.7609,0.41,754,0
34,Male,72,7.6905,0.42,130,1
26,Female,55,16.2683,0.63,155,0
37,Female,48,18.8766,0.26,197,0
62,Female,60,19.6284,0.49,867,0
49,Female,64,15.1155,0.16,88,0
19,Male,63,7.7994,0.42,270,0
49,Male,74,2.1199,0.7,456,0
62,Female,59,15.5767,0.63,270,0
26,Male,53,11.333,0.38,355,0
47,Female,50,8.7299,0.33,243,0
37,Female,55,18.0833,0.39,61,1
55,Male,62,2.6572,0.16,135,0
18,Female,72,10.0569,0.33,222,0
22,Female,69,0.7203,0.74,203,1
52,Male,62,9.592,0.26,855,0
53,Female,53,1.5923,0.22,266,1
18,Male,66,2.8051,0.86,79,1
31,Female,63,2.78,0.31,215,1
26,Female,53,13.0947,0.33,310,0
47,Female,49,14.9733,0.52,169,0
41,Female,54,11.8174,0.52,332,0
21,Female,51,19.1661,0.27,320,0
31,Female,61,7.7725,0.6,162,1
42,Female,71,6.0428,0.73,138,1
21,Female,60,17.3508,0.54,721,0
42,Female,61,4.8378,0.91,99,1
27,Female,63,19.1865,0.99,332,0
52,Other,63,0.7358,0.58,137,1
24,Female,51,19.3156,0.98,647,1
59,Female,52,1.3373,0.68,115,1
30,Male,63,17.7882,0.58,133,0
21,Female,56,10.7374,0.88,785,0
60,Female,47,19.7635,0.97,515,0
53,Female,63,1.9317,0.99,867,1
31,Male,51,11.2448,0.78,121,1
35,Female,46,19.3045,0.54,879,0
25,Male,62,10.6481,0.37,125,1
49,Male,58,12.7103,0.6,218,0
44,Female,61,13.9975,0.8,113,1
59,Female,56,9.3181,0.12,272,0
54,Male,57,12.6746,0.34,192,0
40,Female,48,11.8357,0.42,297,0
24,Male,61,17.9825,0.8,342,0
29,Male,86,1.3817,0.65,60,1
42,Male,69,5.9507,0.48,97,1
20,Female,53,18.938,0.93,275,1
43,Male,76,17.7711,0.58,121,0
21,Male,66,9.3397,0.75,116,1
59,Female,71,12.5306,0.69,220,0
53,Male,79,5.8812,0.87,306,1
32,Female,51,4.1496,0.83,271,1
49,Female,55,9.4957,0.99,309,1
46,Female,47,7.355,0.44,346,0
27,Male,61,11.8229,0.25,74,0
38,Female,63,2.0081,0.78,157,1
33,Female,56,19.4033,0.89,340,1
64,Male,84,19.6325,0.15,737,0
36,Male,59,14.0443,0.4,102,0
46,Female,47,10.9003,0.83,238,1
35,Male,61,6.5048,0.72,834,0
61,Female,48,16.2876,0.78,495,0
33,Female,44,13.7838,0.59,63,1
18,Male,65,3.6548,0.44,229,0
65,Male,77,18.172,0.83,102,0
19,Other,61,16.4572,0.6,193,0
32,Male,72,18.9261,0.56,217,0
56,Female,47,14.579,0.76,182,0
45,Male,48,12.4003,0.27,442,0
18,Female,44,8.6139,0.63,405,0
22,Female,58,18.5949,0.37,622,0
59,Male,82,17.3016,0.12,66,0
39,Male,61,1.3772,0.77,119,1
53,Female,48,1.0115,0.53,338,1
63,Female,53,7.8034,0.91,297,1
30,Male,60,16.2247,0.55,83,0
18,Female,47,19.6532,0.11,193,0
33,Male,66,3.4181,0.47,864,0
58,Female,44,12.0261,0.25,916,0
39,Female,54,7.8893,0.93,76,1
49,Male,59,19.3163,0.5,255,0
33,Male,71,16.8371,0.56,125,1
32,Male,71,16.7636,0.43,678,0
63,Female,51,9.5926,0.57,316,0
59,Male,76,8.5475,0.17,907,0
29,Male,57,5.8041,0.51,230,1
18,Other,44,1.5937,0.7,983,0
34,Male,59,17.2756,0.44,157,0
58,Female,53,16.2703,0.45,665,0
45,Male,59,19.8945,0.85,784,0
24,Male,63,19.8348,0.58,114,0
26,Male,57,11.2754,0.63,91,1
39,Female,62,15.4184,0.37,526,0
43,Female,61,18.8285,0.53,105,0
29,Female,53,16.9832,0.15,183,0
24,Male,70,5.2986,0.49,639,0
63,Male,72,9.2406,0.82,781,0
64,Female,59,3.0057,0.25,59,0
32,Male,73,19.0086,0.79,183,0
55,Male,72,12.2598,0.44,297,0
38,Male,82,4.9357,0.12,294,1
31,Female,58,13.531,0.96,947,0
19,Female,64,12.4917,0.26,138,0
25,Male,66,7.4484,0.4,914,0
62,Male,78,2.703,0.53,94,1
23,Female,63,13.5285,0.95,312,0
54,Female,72,10.594,0.62,798,1
54,Male,59,15.483,0.91,346,0
50,Female,59,10.5912,0.61,330,1
58,Male,69,17.0323,0.28,854,0
23,Male,55,11.207,0.61,563,0
43,Male,61,11.3822,0.19,151,0
56,Male,76,17.5071,0.21,155,0
58,Male,71,8.3276,0.2,68,0
54,Female,44,3.0999,0.11,404,0
31,Male,53,1.0584,0.24,853,0
54,Male,84,15.1497,0.42,110,1
25,Male,76,12.534,0.16,119,0
56,Female,47,14.1591,0.11,449,0
30,Female,55,4.6315,0.2,80,1
30,Male,54,3.1456,0.94,393,1
57,Male,70,0.7822,0.57,401,0
60,Male,83,7.3014,0.49,871,0
45,Male,82,11.9444,0.54,337,0
35,Male,51,8.1095,0.6,237,1
36,Female,50,8.987,0.2,109,0
55,Female,51,18.0407,0.63,184,0
49,Female,57,7.2562,0.85,196,1
39,Male,53,10.4714,0.6,183,0
19,Male,60,15.7029,0.89,142,0
30,Female,48,8.1929,0.22,85,1
40,Female,50,12.5685,0.84,203,1
42,Male,60,17.2299,0.7,786,0
45,Female,54,18.9207,0.64,189,0
28,Male,70,3.3532,0.63,306,1
50,Male,80,18.4758,0.21,192,0
41,Male,84,10.0471,0.68,63,1
19,Other,64,5.5099,0.46,534,0
47,Male,64,9.4072,0.16,301,0
34,Female,52,19.5126,0.28,116,0
57,Male,76,10.0568,0.5,318,0
51,Male,73,6.8778,0.99,369,1
55,Female,42,12.788,0.49,341,0
39,Male,76,5.1588,0.23,354,0
22,Male,68,1.9717,0.91,273,1
65,Male,57,3.0003,0.13,118,0
57,Female,60,2.9841,0.21,91,0
33,Female,58,3.4469,0.53,654,1
30,Male,42,3.1932,0.18,301,0
43,Male,64,12.933,0.61,642,0
48,Female,54,4.0285,0.24,159,0
56,Male,58,7.2059,0.69,65,1
65,Male,61,17.8977,0.21,811,0
40,Male,52,9.6949,0.83,363,1
65,Female,61,13.4506,0.76,248,0
29,Male,46,3.843,0.93,963,1
31,Female,47,4.2304,0.16,944,0
35,Female,56,1.2929,0.6,105,1
44,Female,50,3.7773,0.74,78,1
45,Female,59,5.9047,0.91,357,1
35,Male,46,3.934,0.53,338,1
33,Female,54,2.2208,0.96,265,1
33,Female,51,2.8403,0.21,77,1
30,Female,61,9.4391,0.49,148,1
46,Male,71,4.5029,0.33,99,1
26,Male,78,7.5668,0.24,497,0
43,Female,45,10.2663,0.36,250,1
45,Male,72,13.8937,0.7,81,0
58,Male,65,1.2627,0.53,473,0
30,Female,45,16.0086,0.26,201,0
53,Female,57,12.6813,0.13,255,0
26,Male,54,2.0861,0.93,61,1
64,Female,47,17.4474,0.38,790,0
31,Female,61,18.3649,0.21,205,0
29,Male,73,1.6849,0.23,73,1
49,Female,53,5.8714,0.33,493,0
55,Female,60,16.1403,0.31,63,0
20,Female,59,15.0162,0.35,735,0
33,Female,44,4.0797,0.3,218,0
37,Female,55,4.5614,0.49,586,0
49,Male,61,7.6872,0.79,145,1
40,Male,53,9.8997,0.12,869,0
34,Male,56,12.4941,0.27,699,0
33,Female,47,7.6569,0.74,738,0
55,Female,61,9.4732,0.23,296,0
25,Male,65,15.0009,0.77,371,0
36,Male,81,1.2117,0.56,296,1
47,Male,50,5.3973,0.89,81,1
51,Male,86,14.339,0.11,480,0
31,Male,76,17.867,0.81,312,1
39,Male,62,10.4265,0.61,71,1
61,Female,59,10.823,0.52,191,0
34,Male,59,2.5791,0.23,168,0
32,Female,51,9.1798,0.31,182,0
65,Female,46,10.8328,0.81,279,0
49,Female,51,5.2039,0.23,74,0
30,Male,63,5.7233,0.57,138,0
38,Female,42,7.8193,0.29,676,0
57,Female,48,0.8894,0.54,297,1
50,Male,61,6.7483,0.33,356,0
44,Male,55,4.6021,0.42,65,0
52,Male,63,6.8534,0.82,109,1
33,Female,54,2.8234,0.13,209,0
45,Female,56,17.7762,0.93,91,1
51,Male,44,12.0157,0.39,357,0
64,Male,64,13.6746,0.64,256,0
18,Female,45,15.8099,0.3,282,0
58,Female,54,10.1698,0.42,190,0
65,Female,57,2.1863,0.51,394,0
48,Female,54,10.9199,0.72,61,0
53,Female,44,11.8847,0.89,156,0
61,Female,60,14.9615,0.88,451,0
50,Male,56,8.8742,0.4,800,0
50,Male,70,2.9751,0.18,154,0
56,Female,65,6.0053,0.93,231,1
35,Male,71,7.5438,0.13,58,0
40,Male,84,13.0308,0.89,105,1
40,Female,58,11.5731,0.12,272,0
32,Female,42,7.4083,0.98,101,1
43,Female,51,19.6384,0.11,585,0
47,Female,50,12.252,0.12,171,0
42,Female,57,5.1022,0.56,94,1
62,Male,64,2.4746,0.7,94,1
33,Female,57,3.4655,0.42,323,0
56,Male,65,5.2716,0.65,109,1
65,Male,54,3.6172,0.86,173,1
62,Male,72,4.1194,0.82,815,0
31,Female,55,6.0308,0.9,600,1
34,Male,64,3.8634,0.24,243,1
29,Female,64,17.8972,0.3,772,0
46,Male,61,2.0565,0.63,337,1
49,Male,49,10.6755,0.75,228,0
41,Female,60,8.4617,0.2,266,0
30,Female,56,19.5581,0.26,72,0
37,Male,71,2.6736,0.93,109,1
32,Female,57,8.2184,0.12,164,0
21,Female,50,19.3077,0.46,835,0
51,Female,49,17.2908,0.29,320,0
45,Female,62,16.3512,0.8,333,0
19,Male,57,5.5033,0.88,225,1
64,Female,67,3.8152,0.32,152,0
47,Male,73,13.4717,0.63,237,1
43,Male,56,18.5299,0.86,427,0
64,Female,51,11.3012,0.64,290,0
43,Male,67,11.5893,0.64,65,1
37,Male,71,5.9316,0.47,319,1
59,Female,42,15.4282,0.69,213,0
45,Female,64,4.1286,0.96,273,1
37,Female,51,6.7794,0.37,164,0
28,Female,61,8.7535,0.28,359,1
27,Male,52,10.3476,0.96,69,1
40,Female,61,5.2027,0.15,102,1
54,Female,51,2.7278,0.86,200,1
58,Male,79,12.346,0.92,300,0
36,Male,64,6.0994,0.3,96,1
62,Male,73,11.776,0.48,129,0
35,Female,58,3.4946,0.21,417,0
44,Male,65,9.8341,0.43,64,1
23,Female,42,10.8322,0.51,477,0
27,Male,91,1.5054,0.56,984,1
19,Male,78,7.0301,0.21,842,0
41,Male,57,3.1076,0.46,699,0
55,Male,78,1.7295,0.66,313,1
45,Male,49,19.7052,0.55,130,0
45,Male,78,6.7537,0.86,182,1
62,Male,42,16.2116,0.96,361,0
56,Other,59,5.44,0.84,314,1
19,Female,50,13.7212,0.14,293,0
63,Female,56,15.2484,0.29,115,0
22,Female,44,12.0554,0.18,260,0
28,Female,44,9.6486,0.49,810,1
27,Female,57,8.4897,0.75,599,1
60,Male,67,7.268,0.13,101,0
19,Female,42,18.5329,0.34,106,0
32,Female,49,16.614,0.18,350,0
56,Female,62,19.2215,0.47,279,0
58,Female,61,2.9114,0.93,438,1
54,Male,79,14.6788,0.47,346,0
24,Other,54,18.7038,0.67,217,0
37,Male,61,4.0159,0.45,61,1
51,Male,77,1.79,0.76,91,1
52,Male,77,14.8777,0.77,101,1
51,Male,59,11.6448,0.22,258,0
39,Male,58,16.8315,0.69,427,0
48,Male,81,3.2116,0.45,104,1
40,Other,69,15.9282,0.87,102,1
36,Male,65,4.4116,0.24,190,1
21,Female,71,3.6749,0.91,351,1
41,Female,72,3.6868,0.56,537,0
37,Female,51,16.3027,0.33,68,0
56,Male,66,13.4048,0.4,885,0
45,Female,46,10.6475,0.1,897,0
56,Male,60,7.4613,0.95,388,0
34,Male,62,17.5177,0.3,68,0
36,Female,51,8.1134,0.92,301,1
65,Female,73,16.342,0.87,544,0
52,Female,51,9.0192,0.41,495,0
49,Male,60,7.8127,0.29,170,0
64,Male,51,9.476,0.48,234,0
63,Male,49,6.3467,0.94,243,1
64,Female,44,15.0036,0.87,749,0
63,Male,69,10.2528,0.54,89,0
56,Female,55,5.0049,0.59,87,0
52,Male,67,17.9517,0.47,78,0
47,Male,67,7.9475,0.95,286,1
34,Male,63,11.0449,0.99,56,1
59,Male,57,18.0856,0.36,215,0
64,Female,55,12.6102,0.95,287,0
46,Female,54,2.7678,0.96,58,1
23,Male,74,18.7327,0.53,325,0
34,Male,53,12.6775,0.47,72,0
34,Other,50,6.9972,0.88,140,1
31,Female,68,3.2019,0.95,178,1
41,Female,52,15.9041,0.46,336,0
54,Male,55,12.5294,0.54,79,0
57,Male,57,10.8491,0.4,700,0
56,Male,65,17.8415,0.29,704,0
49,Male,60,15.7988,0.99,205,1
53,Female,56,3.4425,0.27,191,0
54,Male,76,6.5474,0.83,229,1
65,Female,46,5.3207,0.48,660,0
31,Male,72,14.9326,0.18,229,0
44,Female,55,1.1505,0.39,113,1
36,Male,77,11.5559,0.17,752,0
48,Male,62,15.2917,0.98,189,0
63,Female,67,17.5093,0.34,189,0
26,Male,57,7.1364,0.77,195,1
55,Male,55,16.4324,0.48,119,0
34,Male,52,2.6463,0.71,532,1
36,Female,51,16.9212,0.33,166,0
61,Female,54,2.9733,0.18,74,1
21,Female,51,8.2074,0.83,208,0
65,Female,53,15.9675,0.75,138,0
28,Other,67,3.4084,0.2,104,1
39,Female,42,4.9475,0.76,346,1
21,Female,60,14.5117,0.64,260,0
34,Female,55,14.4687,0.25,336,0
25,Male,62,12.9383,0.84,359,1
63,Other,72,13.9626,0.73,84,0
51,Female,55,11.0289,0.56,279,1
28,Male,61,5.3849,0.26,277,0
48,Male,59,7.2065,0.59,94,1
28,Male,64,4.023,0.25,245,0
55,Male,69,18.1239,0.27,289,0
38,Male,62,11.8178,0.32,228,0
63,Male,67,8.2765,0.69,351,0
47,Male,69,9.4629,0.71,227,0
27,Female,53,18.8773,0.17,191,0
43,Male,82,3.475,0.69,352,1
44,Male,58,11.8729,0.13,289,0
25,Male,70,10.3142,0.91,86,1
56,Female,53,12.3622,0.8,817,0
25,Male,66,0.8513,0.75,571,1
25,Male,66,17.4192,0.32,122,0
51,Female,52,18.5831,0.99,551,0
33,Male,63,11.4636,0.93,362,1
58,Male,77,14.015,0.54,83,0
30,Male,68,18.3965,0.13,289,0
40,Female,48,14.2204,0.56,497,0
29,Female,54,3.4593,0.24,105,1
44,Female,46,11.68,0.63,271,0
39,Male,42,12.2703,0.99,877,0
49,Female,52,8.7281,0.78,447,1
44,Male,74,14.787,0.39,336,0
19,Male,78,18.6267,0.45,86,0
62,Male,72,18.456,0.95,118,0
50,Female,54,9.2463,0.2,221,0
43,Male,70,2.6968,0.9,395,1
45,Female,51,19.6059,0.17,332,0
36,Female,57,16.7746,0.47,518,0
60,Male,74,2.9185,0.77,175,1
22,Male,61,18.3643,0.46,351,0
50,Male,75,17.376,0.61,66,0
37,Male,73,10.5655,0.54,265,0
47,Male,60,11.9707,0.64,108,1
62,Female,59,8.2407,0.25,169,0
25,Male,72,1.5624,0.62,68,1
55,Female,64,7.0028,0.99,94,1
34,Male,65,16.0754,0.27,303,0
61,Female,56,0.5899,0.16,144,0
18,Female,67,6.9699,0.45,90,1
20,Female,48,8.2245,0.44,302,0
63,Female,59,10.9255,0.21,203,0
43,Male,76,18.3452,0.61,350,0
48,Male,56,7.2191,0.49,331,0
25,Female,72,7.2309,0.85,254,1
60,Female,58,14.8075,0.48,923,0
63,Female,67,9.273,0.99,74,1
25,Male,69,4.8573,0.8,277,1
52,Male,53,9.2773,0.54,82,1
56,Male,76,3.2326,0.6,304,1
45,Female,61,3.9219,0.88,284,1
21,Female,54,10.1683,0.8,302,1
33,Female,55,8.6272,0.69,105,1
30,Female,52,18.248,0.34,184,0
37,Female,53,7.5304,0.47,171,0
22,Female,54,11.7634,0.81,122,1
54,Male,58,12.7659,0.66,196,0
37,Female,54,0.754,0.96,784,1
41,Male,72,13.3726,0.89,189,1
53,Female,58,3.9539,0.48,76,1
51,Male,62,19.1448,0.36,834,0
62,Female,42,3.3841,0.21,95,0
65,Female,43,8.5437,0.47,135,0
51,Female,51,2.1558,0.3,56,0
36,Female,63,19.8394,0.12,535,0
34,Female,58,10.2426,0.22,119,0
22,Female,49,12.0505,0.51,77,1
42,Male,66,1.8013,0.9,985,1
35,Female,62,15.0492,0.39,169,0
25,Male,62,4.5722,0.5,206,1
44,Female,46,17.9223,0.45,56,0
32,Female,60,4.4797,0.43,229,0
62,Female,62,4.1993,0.75,958,0
30,Female,50,1.2091,0.56,258,1
33,Female,57,9.6581,0.47,720,0
39,Female,54,11.4579,0.95,508,0
37,Female,50,1.7747,0.35,292,1
30,Female,62,15.5452,0.85,285,1
37,Female,49,9.2938,0.56,123,0
19,Male,74,10.6732,0.5,96,0
52,Female,54,9.0508,0.16,292,0
64,Female,53,8.2748,0.87,530,0
36,Other,62,11.357,0.34,240,0
62,Female,47,3.5117,0.71,446,0
54,Male,58,4.0294,0.89,498,0
23,Male,53,17.2186,0.58,728,0
31,Female,55,18.8546,0.68,849,0
21,Female,46,7.7422,0.41,287,1
39,Female,53,5.7524,0.75,626,0
56,Male,47,12.9936,0.69,284,0
53,Female,49,8.4294,0.5,313,0
51,Female,59,0.9925,0.67,139,1
44,Male,66,3.5294,0.34,131,0
24,Male,51,14.3899,0.69,157,0
20,Male,66,13.2831,0.71,277,0
64,Male,64,1.0257,0.5,166,1
50,Male,43,4.8063,0.32,56,0
19,Male,80,4.9829,0.82,361,1
59,Female,43,13.5347,0.78,666,0
33,Male,63,0.8824,0.15,318,0
42,Male,70,2.5197,0.54,109,1
32,Male,65,16.0184,0.18,867,0
41,Male,68,3.9638,0.39,759,0
32,Female,46,13.1633,0.48,548,0
48,Male,64,5.1207,0.26,234,0
31,Female,47,2.4292,0.52,96,1
31,Female,55,5.2175,0.74,218,1
23,Male,78,14.512,0.49,222,0
31,Female,56,17.1005,0.31,89,0
34,Female,51,16.6063,0.47,90,0
35,Male,46,8.2054,0.63,710,0
37,Female,49,13.4609,0.94,156,1
34,Female,47,4.4767,0.55,244,1
33,Female,56,6.1871,0.9,185,1
57,Male,60,17.8889,0.99,186,0
56,Female,43,0.7522,0.6,59,1
49,Male,54,2.1589,0.23,166,0
61,Male,76,4.533,0.89,92,0
26,Male,73,1.0147,0.88,843,1
44,Female,56,4.0198,0.88,819,0
63,Female,50,11.811,0.96,299,0
50,Male,56,8.6756,0.35,187,0
27,Male,77,17.8178,0.4,106,0
34,Female,49,16.3584,0.72,145,0
53,Female,60,7.1313,0.61,166,1
34,Male,53,5.5328,0.88,326,1
35,Female,42,7.866,0.33,65,0
40,Male,76,11.9517,0.69,122,1
51,Female,50,5.7004,0.95,249,1
25,Female,63,12.6085,0.29,350,0
30,Male,55,8.4426,0.38,288,0
40,Female,51,11.2097,0.47,149,0
37,Female,56,8.9609,0.18,284,0
39,Male,74,6.2126,0.26,56,1
64,Male,62,18.9,0.44,971,0
40,Male,71,15.314,0.17,128,0
58,Male,75,3.2182,0.43,110,1
52,Female,58,17.3483,0.32,128,0
20,Male,51,9.9562,0.88,239,1
51,Female,54,17.8543,0.65,57,0
50,Male,76,16.0172,0.91,271,1
63,Other,63,8.7491,0.28,516,0
34,Male,74,0.9359,0.17,364,0
62,Male,63,5.7123,0.42,261,0
36,Male,81,11.0077,0.15,112,0
47,Female,53,12.7895,0.9,547,0
40,Male,74,5.503,0.27,137,1
32,Male,50,3.2035,0.23,116,1
31,Female,52,16.6976,0.81,335,0
19,Female,56,19.5974,0.74,105,0
56,Female,50,10.6984,0.15,90,0
35,Male,70,3.8306,0.56,77,1
23,Male,58,5.7828,0.5,88,0
49,Female,54,0.8568,0.45,110,1
38,Female,45,18.2374,0.21,547,0
57,Male,82,2.7844,0.81,423,1
45,Male,59,11.6844,0.32,338,0
44,Other,51,5.8167,0.51,153,1
19,Male,88,11.2511,0.89,222,1
50,Female,55,13.1376,0.39,266,0
33,Male,63,16.597,0.13,253,0
56,Female,53,4.5046,0.9,277,1
39,Female,61,0.7133,0.54,211,1
60,Male,77,3.1556,0.55,259,0
64,Male,61,17.9604,0.6,262,0
30,Female,67,17.4535,0.26,228,0
19,Male,52,12.0898,0.74,868,0
31,Female,49,12.15,0.31,222,1
55,Female,59,13.4017,0.37,602,0
58,Female,50,3.9022,0.67,183,1
45,Male,50,18.2396,0.77,78,1
24,Male,74,8.6241,0.76,305,0
35,Female,42,7.9329,0.17,219,0
58,Male,81,10.567,0.78,186,0
53,Other,57,1.4111,0.7,120,1
58,Other,61,3.7259,0.64,87,1
53,Male,51,14.8179,0.97,862,0
61,Male,59,2.1063,0.41,601,0
21,Male,57,12.2012,0.71,124,0
47,Other,59,5.2598,0.62,99,1
41,Male,79,8.0523,0.45,399,0
37,Male,64,6.1007,0.81,129,1
63,Female,59,7.4001,0.46,121,0
48,Male,58,14.4495,0.6,142,0
41,Male,60,6.2642,0.6,222,1
24,Male,70,11.4883,0.56,78,0
43,Female,61,9.7354,0.51,303,1
30,Male,66,13.3752,0.25,266,0
25,Female,59,18.6745,0.32,285,0
22,Female,51,14.7119,0.21,166,0
61,Female,52,4.6698,0.75,60,1
30,Female,66,1.105,0.77,80,1
46,Male,78,5.5879,0.67,107,1
37,Male,76,12.0445,0.93,62,1
31,Male,60,1.4977,0.34,299,0
49,Female,50,10.1295,0.84,113,1
44,Male,62,12.0788,0.27,318,0
42,Male,62,6.9843,0.16,270,0
21,Male,66,15.4557,0.1,169,0
38,Male,73,2.568,0.62,136,1
35,Female,69,1.9577,0.8,167,1
56,Female,51,14.6269,0.84,89,0
32,Male,54,10.1125,0.52,91,1
55,Female,42,13.855,0.15,316,0
65,Female,45,8.9357,0.13,309,0
41,Female,53,5.2802,0.93,420,1
25,Female,57,16.3906,0.18,132,0
45,Male,62,16.0087,0.81,180,0
38,Male,76,13.9771,0.16,130,0
33,Female,63,5.7796,0.27,335,0
33,Female,66,11.9505,0.25,107,1
52,Female,52,7.5029,0.35,59,0
34,Female,48,2.2767,0.47,154,1
26,Female,59,18.2959,0.21,855,0
52,Female,61,3.1543,0.98,332,0
46,Female,55,18.9346,0.1,187,0
56,Male,54,9.1525,0.79,83,1
35,Female,50,4.0916,0.57,160,1
29,Female,54,11.0129,0.18,215,1
36,Female,59,17.4351,0.21,290,0
65,Male,64,14.7052,0.63,296,0
39,Male,61,16.1473,0.38,258,0
32,Female,58,13.2804,0.51,186,0
18,Female,48,13.9302,0.59,73,0
19,Female,55,16.9744,0.62,171,0
25,Male,81,5.3436,0.62,664,0
39,Male,74,9.9948,0.16,204,0
42,Male,58,4.7915,0.77,95,1
19,Female,66,19.6608,0.36,305,0
26,Male,66,18.8148,0.2,325,0
26,Female,50,1.2649,0.19,851,0
30,Male,70,14.1882,0.31,362,0
23,Female,67,18.4498,0.67,364,0
47,Female,55,4.0032,0.52,276,1
32,Female,65,11.5181,0.2,278,0
32,Male,64,18.2605,0.13,102,0
24,Female,48,1.1586,0.12,80,1
28,Male,72,14.03,0.48,77,0
57,Male,80,6.2686,0.81,111,1
55,Male,82,18.4333,0.62,118,0
57,Female,55,19.3385,0.83,211,0
19,Male,71,18.8188,0.39,266,0
65,Female,61,9.6998,0.23,837,0
56,Male,67,17.2236,0.82,131,0
27,Male,71,16.8843,0.76,379,0
61,Male,66,6.6905,0.63,335,0
34,Female,58,16.581,0.9,71,0
24,Male,61,1.2179,0.67,143,1
57,Female,53,12.0676,0.57,184,0
56,Female,55,4.9622,0.55,211,0
21,Female,62,2.839,0.66,998,0
52,Male,64,1.9929,0.56,268,1
64,Male,57,14.008,0.35,341,0
53,Female,46,7.0936,0.96,657,1
48,Female,48,14.5605,0.96,145,0
42,Male,59,1.7679,0.25,112,1
58,Female,64,6.6166,0.58,282,1
30,Male,64,10.9661,0.81,342,1
35,Female,66,15.84,0.15,199,0
38,Male,75,6.6838,0.21,759,0
65,Male,52,12.6423,0.59,119,0
18,Male,79,17.688,0.13,276,0
53,Female,69,12.4477,0.85,393,0
25,Other,59,5.0194,0.89,256,1
65,Male,61,0.9734,0.76,197,1
38,Female,51,17.3799,0.84,240,1
60,Female,72,0.9126,0.7,191,1
38,Female,56,17.4692,0.23,121,0
44,Male,59,10.7614,0.13,398,0
36,Female,48,18.7179,0.86,80,0
40,Male,64,15.9964,0.74,230,1
60,Male,65,19.8599,0.46,85,0
52,Female,45,7.3038,0.82,188,1
57,Female,62,15.3835,0.15,241,0
59,Female,60,8.2975,0.39,106,1
65,Female,53,9.8096,0.41,318,0
22,Female,63,12.6736,0.19,105,0
58,Male,69,17.4493,0.77,138,0
25,Male,59,19.5912,0.8,138,0
28,Female,49,15.4045,0.62,305,0
33,Female,57,8.6047,0.48,58,1
56,Other,53,8.6743,0.65,330,0
64,Female,57,14.8091,0.91,296,0
41,Female,55,5.1323,0.42,65,1
38,Female,56,2.6432,0.4,351,1
40,Male,63,7.3797,0.66,95,1
55,Male,49,6.0724,0.72,194,0
64,Female,45,6.2484,0.51,169,0
25,Female,47,5.032,0.87,71,1
24,Other,46,1.3166,0.42,65,0
19,Male,57,0.8468,0.68,256,1
47,Female,55,19.6618,0.7,108,0
30,Female,46,8.7988,0.37,82,0
40,Female,47,7.9559,0.12,340,1
46,Male,65,13.6852,0.84,232,0
55,Female,52,4.7341,0.53,268,0
54,Female,46,18.9292,0.19,167,0
37,Female,53,15.7551,0.96,177,1
50,Female,61,2.2346,0.37,316,1
46,Female,62,8.6011,0.53,344,1
32,Male,74,17.5549,0.54,554,0
40,Male,70,18.8278,0.43,314,1
59,Female,56,9.5676,0.24,325,0
20,Male,70,12.4002,0.73,96,0
54,Other,52,3.7405,0.28,99,0
46,Male,74,19.7287,0.71,61,0
62,Male,77,4.9944,0.82,325,1
25,Female,42,18.789,0.12,243,0
39,Male,75,13.1031,0.76,83,1
46,Female,62,12.2901,0.67,284,1
19,Female,49,10.4462,0.28,267,0
58,Male,74,4.975,0.66,456,0
62,Female,54,3.9246,0.48,262,0
18,Male,60,4.7774,0.18,352,0
61,Female,42,4.1169,0.57,637,0
37,Male,61,15.6239,0.98,776,0
38,Male,53,7.2924,0.68,131,1
54,Female,43,1.6221,0.4,228,0
25,Female,57,19.3006,0.61,289,0
44,Male,53,17.6454,0.76,158,0
64,Female,54,18.4984,0.24,70,0
52,Female,56,19.8012,0.58,300,1
23,Female,63,3.8736,0.56,85,1
62,Male,69,8.1871,0.44,319,0
61,Female,58,15.2098,0.77,61,0
36,Female,63,14.0028,0.61,166,0
35,Female,72,3.4856,0.73,102,1
18,Other,62,16.3272,0.64,332,0
42,Male,79,4.8541,0.8,297,1
44,Male,64,4.8421,0.67,237,1
24,Male,62,10.9173,0.71,804,0
61,Male,63,12.003,0.3,102,0
59,Male,76,11.7537,0.86,865,0
46,Female,69,2.2748,0.24,80,1
48,Male,64,17.5227,0.41,922,0
61,Male,83,5.6526,0.9,67,1
60,Male,53,3.0126,0.2,158,0
53,Male,68,17.7417,0.88,113,1
36,Male,64,19.0396,0.53,284,0
23,Female,52,17.2253,0.27,70,0
42,Male,56,16.2046,0.76,253,0
48,Other,56,13.2117,0.36,339,0
26,Male,61,11.1866,0.71,566,0
37,Female,50,2.1875,0.81,131,1
27,Male,73,8.424,0.61,357,1
54,Female,51,7.7302,0.81,66,1
44,Female,59,5.5392,0.94,185,1
30,Female,54,14.5344,0.6,109,1
58,Female,54,10.12,0.24,432,0
19,Other,45,2.0723,0.74,76,1
38,Female,42,4.7716,0.47,154,0
50,Female,57,13.7552,0.58,271,0
41,Female,58,1.9769,0.66,294,1
61,Female,60,17.0134,0.75,231,1
59,Female,51,10.1058,0.68,110,1
51,Male,62,9.8234,0.31,84,0
26,Female,42,11.9927,0.77,763,1
19,Female,49,16.4988,0.83,199,0
47,Female,55,7.2475,0.13,341,0
39,Male,80,13.6535,0.38,230,0
63,Female,67,11.4752,0.98,350,0
28,Female,52,5.6803,0.26,97,1
60,Female,60,17.5454,0.26,316,0
34,Male,65,15.9701,0.63,276,1
53,Male,71,13.274,0.4,348,0
30,Male,73,17.0013,0.69,743,0
24,Female,67,17.3255,0.34,68,0
33,Male,69,14.2422,0.48,300,0
50,Female,48,16.7381,0.99,305,0
62,Female,54,14.0309,0.44,160,0
18,Other,51,13.6947,0.18,206,0
28,Male,75,12.5011,0.77,343,0
23,Male,71,15.1027,0.63,357,0
37,Female,55,3.5769,0.5,170,0
52,Female,42,17.5889,0.92,245,0
61,Male,61,17.4138,0.23,105,0
54,Female,67,1.0674,0.54,160,1
58,Female,55,16.5208,0.27,218,0
43,Male,84,3.0001,0.18,308,0
29,Male,61,7.0013,0.5,105,1
47,Female,51,14.9241,0.95,575,0
45,Male,57,3.6187,0.75,60,1
44,Male,51,16.3686,0.31,147,0
59,Male,74,16.6434,0.52,99,0
36,Female,54,10.3449,0.82,140,0
22,Female,64,0.6239,0.28,303,1
22,Male,78,6.0685,0.28,188,0
58,Male,62,12.4684,0.26,88,0
44,Male,77,19.535,0.65,98,0
45,Female,43,12.7572,0.13,92,0
43,Male,57,5.5402,0.63,793,0
44,Female,56,12.7997,0.84,455,0
59,Male,51,10.9757,0.8,280,0
38,Male,65,15.629,0.7,273,0
18,Male,76,2.5754,0.3,818,0
45,Female,50,15.2639,0.83,269,0
65,Female,44,11.0006,0.96,458,0
32,Female,49,19.182,0.27,121,0
34,Male,55,7.1323,0.92,63,1
43,Male,59,12.7729,0.87,173,1
37,Female,58,18.5813,0.98,304,0
42,Female,48,2.4887,0.39,265,0
30,Female,42,18.6822,0.94,96,1
50,Male,82,13.845,0.26,343,0
42,Male,48,1.816,0.26,165,0
25,Male,65,6.3387,0.2,194,0
22,Female,48,14.2385,0.48,268,0
23,Female,50,1.8066,0.11,269,0
40,Female,51,11.7941,0.44,122,0
47,Male,58,7.2101,0.66,665,0
31,Female,58,12.5458,0.17,121,0
40,Male,68,1.3874,0.84,357,1
28,Male,52,17.4078,0.36,147,0
48,Other,54,19.3857,0.14,153,0
23,Female,58,19.2962,0.44,750,0
28,Female,65,15.0432,0.22,178,0
30,Female,62,3.0237,0.82,129,1
29,Male,62,15.2103,0.4,202,0
19,Female,53,0.977,0.21,88,1
52,Female,57,0.9292,0.51,85,1
53,Male,47,6.778,0.51,167,0
34,Female,52,9.9797,0.35,253,0
45,Female,59,15.4459,0.39,163,0
45,Male,67,13.7559,0.79,301,0
39,Male,70,9.1505,0.67,70,1
55,Male,69,5.8084,0.29,118,1
24,Female,44,19.8442,0.95,255,0
32,Female,52,8.7679,0.37,202,0
49,Female,53,9.2569,0.58,129,0
28,Male,62,3.6743,0.61,781,1
41,Female,54,15.9193,0.29,348,0
20,Female,57,13.9574,0.36,221,0
47,Male,42,4.7829,0.53,116,0
23,Female,57,2.0982,0.33,961,0
19,Female,56,13.7017,0.38,138,0
31,Male,52,13.1975,0.65,137,0
58,Male,67,5.8012,0.76,506,0
35,Female,52,18.9468,0.82,298,0
61,Female,48,3.4305,0.21,142,0
48,Female,56,8.8873,0.76,248,0
30,Female,48,18.8061,0.94,178,0
43,Male,61,8.6427,0.62,363,1
61,Male,52,12.8874,0.64,226,1
29,Female,52,8.2133,0.96,250,1
35,Male,58,5.8198,0.88,669,1
26,Female,42,19.5892,0.6,242,0
38,Male,56,8.4411,0.79,63,1
65,Male,85,17.8455,0.26,168,0
57,Male,79,4.9611,0.47,175,1
60,Male,84,4.6342,0.74,209,1
41,Female,56,1.104,0.36,111,1
51,Male,59,13.1423,0.51,103,0
25,Female,53,7.6494,0.26,117,1
61,Female,63,17.2686,0.91,417,0
50,Female,42,9.6803,0.91,72,1
40,Male,72,19.283,0.53,163,0
30,Female,56,4.0992,0.27,127,1
31,Male,60,17.3513,0.71,519,0
31,Other,64,15.566,0.29,164,0
33,Female,52,15.4559,0.31,442,0
55,Male,72,16.8888,0.97,216,1
56,Female,62,15.2639,0.19,982,0
43,Male,60,12.6487,0.44,136,1
43,Male,65,3.0462,0.6,342,0
18,Female,42,1.131,0.2,656,0
49,Male,67,18.3644,0.14,356,0
32,Female,55,12.463,0.59,679,0
38,Other,57,15.9528,0.2,198,0
35,Male,89,9.8415,0.33,175,0
47,Male,63,2.7758,0.55,163,1
30,Male,64,2.9286,0.41,172,1
41,Male,83,13.8,0.74,67,1
47,Male,49,8.8479,0.97,82,1
19,Female,61,4.3902,0.78,455,0
36,Female,57,10.0369,0.99,800,0
64,Female,56,1.7457,0.45,77,1
61,Male,55,11.7902,0.37,144,0
64,Female,59,5.7185,0.29,285,0
42,Female,58,15.9726,0.9,315,0
31,Male,68,6.521,0.45,199,0
23,Male,71,9.3313,0.74,151,1
29,Male,67,0.7254,0.71,198,1
37,Female,51,1.9055,0.15,353,0
40,Female,46,8.1144,0.89,197,1
47,Female,46,9.8108,0.54,288,0
47,Female,57,12.1404,0.3,198,0
55,Female,45,6.1583,0.98,190,1
47,Male,70,13.9826,0.78,126,0
58,Female,61,17.1864,0.66,319,0
47,Female,54,15.6291,0.99,330,1
53,Male,62,1.2686,0.78,137,1
51,Female,61,9.8218,0.21,136,0
33,Male,75,2.5356,0.99,329,1
41,Male,69,5.1957,0.64,330,1
31,Female,46,19.6413,0.37,236,0
43,Female,52,3.2644,0.84,223,1
25,Male,82,10.1784,0.14,196,0
31,Female,55,12.4922,0.69,94,1
48,Female,58,14.1278,0.24,117,0
19,Female,55,11.3572,0.18,244,0
65,Male,71,0.6896,0.42,107,1
21,Male,64,6.8333,0.42,126,1
18,Male,75,10.5436,0.64,274,0
37,Male,67,2.2046,0.61,306,1
31,Male,74,7.3022,0.72,156,1
57,Female,51,1.1441,0.26,124,1
42,Male,54,2.0244,0.88,181,1
42,Male,62,8.2003,0.87,319,1
20,Male,53,3.0747,0.29,80,1
22,Male,69,11.5103,0.53,348,0
55,Male,47,13.8756,0.54,76,0
43,Male,61,16.0314,0.93,107,0
57,Female,42,4.3829,0.92,63,1
55,Male,56,3.7492,0.16,263,0
55,Female,60,2.5286,0.96,660,1
21,Female,63,12.8467,0.16,211,0
24,Male,76,14.2056,0.59,193,0
47,Male,56,1.1128,0.38,720,0
47,Male,68,18.6625,0.45,107,0
36,Male,70,1.5082,0.66,298,1
56,Male,65,11.0011,0.63,616,0
52,Female,44,14.2558,0.25,372,0
57,Male,55,17.3968,0.97,93,1
50,Other,62,14.3533,0.13,223,0
50,Male,66,16.0535,0.41,82,0
31,Female,65,7.0853,0.82,197,1
55,Female,51,16.3076,0.87,355,1
27,Male,67,2.0542,0.82,152,0
45,Male,88,17.8594,0.44,76,0
31,Female,45,11.1233,0.71,77,1
53,Female,58,16.3556,0.79,63,0
55,Male,53,9.275,0.62,66,0
33,Male,64,12.9854,0.71,98,1
38,Male,64,10.7122,0.6,376,0
45,Male,61,14.6928,0.15,216,0
50,Female,58,2.0836,0.35,94,1
23,Female,61,1.6708,0.73,320,1
58,Male,64,5.2938,0.32,273,0
32,Male,58,3.5952,0.51,326,1
61,Male,78,17.4126,0.58,268,0
20,Female,48,4.7528,0.7,90,1
60,Female,64,19.4318,0.33,302,0
64,Male,54,7.0358,0.64,165,0
52,Male,57,4.0331,0.64,160,1
31,Female,65,15.8202,0.86,804,0
19,Male,64,13.2789,0.6,821,0
46,Male,67,10.165,0.37,564,0
21,Male,55,11.2741,0.57,86,0
43,Male,61,14.4525,0.2,363,0
29,Male,56,4.932,0.65,835,1
19,Female,63,19.8289,0.92,124,1
34,Female,65,19.411,0.58,77,0
52,Male,52,13.1163,0.36,209,0
27,Male,66,4.3711,0.46,72,1
65,Female,59,13.6964,0.91,180,0
39,Male,76,1.9006,0.83,666,0
58,Male,69,1.0947,0.82,188,1
60,Male,65,5.499,0.61,303,1
38,Female,43,9.4749,0.46,169,0
32,Male,68,17.3445,0.22,413,0
52,Male,78,14.6071,0.98,155,1
65,Male,64,14.9085,0.26,271,0
38,Male,74,8.7546,0.33,326,0
38,Other,50,7.2111,0.79,149,1
38,Female,62,7.6982,0.42,188,1
61,Male,64,19.6604,0.63,351,0
49,Male,50,1.2781,0.79,513,0
22,Female,50,17.3204,0.6,109,1
56,Male,72,11.7263,0.54,94,1
26,Female,56,9.0091,0.15,188,0
35,Female,52,14.57,0.54,215,0
38,Male,49,9.9414,0.51,169,0
25,Other,53,17.4444,0.89,593,0
61,Male,69,17.9736,0.5,88,0
51,Male,52,8.6814,0.67,102,1
27,Female,50,5.8705,0.8,58,1
58,Female,65,11.9916,0.52,457,0
41,Female,51,18.1998,0.33,97,0
57,Female,69,4.5868,0.9,300,1
41,Male,61,12.5856,0.91,210,1
49,Male,66,12.7523,0.91,356,1
50,Male,53,14.7224,0.35,56,0
55,Female,57,3.0524,0.38,351,0
61,Male,73,14.387,0.93,291,0
51,Male,59,18.1352,0.21,911,0
28,Female,54,3.9859,0.69,613,1
48,Male,56,5.1083,0.36,361,0
35,Male,70,19.3451,0.75,653,0
40,Male,56,4.011,0.85,115,1
39,Male,63,17.0751,0.47,209,0
60,Male,50,10.0502,0.24,328,0
35,Male,70,5.2963,0.76,284,1
57,Male,70,17.3925,0.15,91,0
64,Male,63,9.1389,0.11,142,0
58,Male,67,10.4875,0.89,66,0
64,Male,72,7.4691,0.84,304,1
56,Male,67,12.0032,0.62,85,0
37,Male,72,3.6724,0.7,351,1
30,Male,54,8.087,0.96,177,0
62,Female,49,19.3066,0.16,266,0
18,Female,55,5.5078,0.29,274,0
21,Male,76,13.2407,0.76,79,1
41,Male,65,6.8087,0.34,114,1
53,Female,49,15.5054,0.29,144,0
53,Female,58,3.0389,0.5,909,0
62,Female,59,19.3145,0.75,242,0
19,Male,44,9.3035,0.29,144,0
45,Female,51,5.0794,0.49,773,1
43,Female,59,1.9258,0.57,660,0
40,Male,63,3.7933,0.26,190,0
32,Male,62,10.5836,0.53,154,1
53,Male,64,7.0379,0.88,940,0
44,Male,69,16.5803,0.77,732,0
23,Male,58,8.8592,0.55,297,0
52,Female,46,5.3251,0.21,262,0
56,Male,68,12.4726,0.12,271,0
55,Male,56,14.2115,0.16,168,0
52,Female,62,3.7406,0.78,726,0
53,Male,68,3.7518,0.73,126,1
27,Male,58,1.2114,0.77,68,1
47,Male,54,14.7862,0.38,80,0
58,Male,58,13.3778,0.18,629,0
55,Male,66,9.7078,0.74,301,0
46,Female,56,16.8769,0.93,157,0
60,Male,78,16.13,0.51,114,0
56,Female,49,11.8559,0.79,164,0
21,Male,57,17.3445,0.76,71,1
22,Female,62,4.4933,0.87,256,1
21,Female,60,2.6712,0.13,174,0
53,Female,49,5.7331,0.96,330,0
62,Male,58,1.6075,0.88,815,0
33,Female,50,10.8047,0.89,116,1
42,Female,52,18.6702,0.99,230,0
31,Female,48,1.2633,0.68,76,1
28,Male,73,2.8689,0.17,86,0
46,Male,82,9.2727,0.84,109,1
51,Male,79,18.6172,0.22,330,0
39,Male,62,6.6334,0.76,189,1
31,Female,49,10.3404,0.48,380,0
41,Female,54,1.3065,0.11,104,1
56,Female,60,3.3779,0.49,230,0
43,Male,58,19.6406,0.82,410,0
60,Male,63,19.2233,0.18,117,0
53,Male,68,0.5958,0.1,220,0
56,Male,79,18.9651,0.51,157,0
33,Female,51,12.8989,0.1,317,0
55,Male,58,17.3376,0.94,168,1
49,Female,56,9.322,0.84,211,1
23,Female,44,10.5026,0.67,127,0
51,Female,62,9.9836,0.12,362,0
25,Male,76,13.4372,0.61,70,0
47,Male,63,3.2092,0.7,821,0
44,Male,69,1.0815,0.63,332,1
24,Male,73,6.4738,0.95,292,1
44,Female,65,14.1708,0.85,377,0
42,Female,53,4.416,0.43,198,1
63,Male,73,13.5646,0.73,81,0
58,Male,70,19.3163,0.52,143,0
32,Female,46,2.3217,0.94,268,1
42,Male,88,13.5485,0.66,232,0
39,Female,52,9.1088,0.62,658,1
35,Female,47,17.342,0.55,72,0
29,Female,49,3.9367,0.44,345,1
40,Female,62,13.9369,0.23,275,0
62,Female,53,16.7594,0.35,279,0
56,Female,47,18.8255,0.4,269,0
42,Female,57,13.755,0.24,777,0
27,Male,63,10.1452,0.83,102,1
47,Male,71,12.4862,0.1,115,0
27,Other,56,17.3568,0.92,919,0
51,Male,52,11.5698,0.22,125,0
63,Female,48,1.0895,0.15,573,0
30,Female,61,18.5604,0.99,141,1
46,Female,61,13.8768,0.99,76,1
55,Male,54,13.6244,0.27,315,0
58,Male,70,4.6841,0.22,484,0
62,Male,67,13.2824,0.28,235,0
26,Male,64,8.141,0.56,90,1
30,Other,57,13.1339,0.39,319,0
54,Female,53,2.5679,0.4,101,1
31,Female,57,13.2622,0.83,803,0
54,Male,48,19.8886,0.9,289,0
26,Male,71,1.4353,0.97,679,1
25,Male,61,19.4572,0.56,308,0
56,Male,56,8.394,0.32,138,0
57,Female,50,17.3926,0.6,227,0
20,Male,47,15.6783,0.88,89,0
64,Male,57,11.5001,0.13,988,0
57,Female,48,14.8259,0.92,60,0
50,Other,63,17.5432,0.3,335,0
49,Male,79,8.3403,0.38,167,0
24,Female,57,6.8444,0.43,365,0
36,Male,58,13.4513,0.92,103,1
51,Male,81,16.1722,0.26,297,0
31,Male,71,15.2883,0.3,261,0
64,Female,60,15.9776,0.76,136,0
63,Male,66,8.9503,0.94,215,1
36,Male,67,16.366,0.19,344,0
43,Female,49,2.8321,0.57,113,1
34,Male,64,11.0631,0.92,240,1
45,Male,67,0.6117,0.9,364,1
36,Male,43,6.797,0.95,590,1
44,Male,81,7.6094,0.91,298,1
65,Female,64,8.1858,0.38,217,0
36,Female,52,13.9921,0.29,86,0
50,Male,73,8.038,0.91,309,1
24,Male,54,9.2047,0.74,521,0
46,Female,64,5.1084,0.44,239,1
60,Male,70,7.7411,0.74,310,0
22,Female,51,4.909,0.38,261,0
47,Male,69,1.92,0.62,153,1
60,Female,52,12.2069,0.31,306,0
25,Female,54,13.4633,0.61,66,0
59,Female,44,12.5181,0.93,312,0
29,Male,77,9.4918,0.79,205,1
59,Female,53,7.8678,0.69,280,0
30,Female,49,17.2487,0.32,227,0
43,Female,46,10.5702,0.16,866,0
35,Male,62,9.7961,0.74,113,0
59,Female,48,0.9975,0.62,177,0
37,Male,72,7.1202,0.29,137,1
33,Male,73,7.8758,0.94,115,1
54,Female,52,8.2372,0.6,222,0
20,Male,60,11.7553,0.61,259,0
44,Female,62,10.8519,0.37,117,0
32,Female,59,12.2934,0.89,100,1
51,Female,60,15.3387,0.9,249,1
62,Female,42,16.2719,0.74,722,0
39,Female,51,14.4316,0.19,92,0
57,Male,47,19.0372,0.18,839,0
40,Female,48,0.8537,0.52,147,1
21,Male,64,4.2981,0.23,239,0
58,Male,69,0.6467,0.4,242,0
40,Female,44,13.061,0.25,593,0
64,Male,76,17.9218,0.38,122,0
26,Male,68,5.2236,0.95,404,1
41,Female,48,18.4845,0.78,348,0
38,Male,68,1.6692,0.22,348,1
58,Male,49,18.6281,0.7,641,0
63,Male,68,7.3215,0.13,652,0
33,Female,57,2.4676,0.99,118,1
42,Female,62,9.9259,0.58,547,0
43,Female,53,5.4815,0.55,176,1
62,Male,62,6.0265,0.32,963,0
26,Female,53,6.4614,0.51,448,0
32,Female,42,16.0787,0.57,761,0
56,Male,61,10.9597,0.69,450,0
50,Male,68,6.5394,0.14,91,1
18,Female,46,12.3405,0.41,60,0
22,Female,46,14.3933,0.45,58,1
26,Female,59,5.7889,0.23,106,0
61,Male,75,8.5229,0.32,145,0
23,Female,42,2.8646,0.31,203,0
45,Male,76,4.0143,0.83,210,1
62,Male,55,13.7137,0.72,184,0
43,Male,55,4.0199,0.93,982,1
45,Female,52,10.6882,0.38,321,0
57,Female,44,14.2555,0.89,180,0
32,Female,51,2.5734,0.88,304,1
23,Female,58,11.5059,0.5,96,1
44,Male,61,5.4773,0.67,279,1
55,Female,57,19.1808,0.64,362,0
21,Female,51,9.8808,0.38,151,0
28,Male,65,16.1363,0.34,354,0
38,Male,79,11.1744,0.25,274,0
47,Male,79,1.3422,0.85,65,1
35,Male,76,12.7831,0.58,136,0
52,Male,72,18.9572,0.4,60,0
20,Male,68,12.1713,0.56,208,0
29,Female,51,16.3923,0.17,673,0
44,Male,47,17.6536,0.2,59,0
47,Male,74,4.9247,0.78,283,1
38,Female,49,4.6137,0.91,166,1
55,Male,57,12.353,0.39,313,0
38,Female,46,8.474,0.47,89,1
55,Female,48,16.7933,0.44,578,0
57,Male,60,17.9604,0.53,113,0
32,Male,71,7.3564,0.47,214,0
35,Male,70,5.0953,0.45,242,1
46,Male,62,15.6422,0.69,87,1
65,Male,66,5.8312,0.34,320,0
55,Male,84,16.4587,0.95,81,0
38,Male,62,8.7205,0.38,363,0
34,Female,44,13.4505,0.29,62,0
58,Male,66,2.3534,0.97,757,1
35,Female,42,12.6029,0.31,100,0
54,Male,72,9.2643,0.58,776,0
55,Female,62,11.8802,0.4,808,0
29,Male,63,3.7595,0.17,200,0
28,Female,58,14.7954,0.96,150,0
65,Male,83,17.2383,0.44,238,0
37,Female,59,4.7048,0.68,995,1
26,Male,50,2.3569,0.88,150,1
18,Female,47,0.9586,0.6,462,0
20,Male,75,12.9542,0.74,123,0
38,Female,51,12.2776,0.81,674,0
40,Male,78,11.1059,0.44,226,0
26,Male,89,4.9998,0.67,431,0
36,Male,56,8.0836,0.29,100,1
62,Male,58,12.0328,0.15,305,0
63,Female,54,10.1373,0.99,236,1
36,Other,54,19.663,0.18,364,0
40,Male,66,3.1469,0.49,198,1
44,Female,62,13.9858,0.16,348,0
44,Female,53,8.3438,0.93,73,1
56,Female,42,8.8071,0.2,142,0
53,Male,62,14.4214,0.81,316,0
29,Male,75,13.9333,0.74,224,1
44,Female,53,19.7304,0.14,307,0
63,Male,72,2.9908,0.75,72,1
51,Female,60,2.5197,0.97,91,1
50,Female,56,14.5522,0.57,341,0
45,Male,64,11.7207,0.36,732,0
48,Male,60,5.8187,0.59,314,1
49,Female,50,2.0407,0.21,430,0
37,Male,56,2.1618,0.96,315,1
57,Male,59,17.8473,0.43,174,0
52,Male,56,4.2222,0.51,294,1
48,Other,70,6.7734,0.46,734,0
48,Male,53,4.8971,0.13,306,0
55,Female,51,7.3869,0.13,348,0
39,Male,45,1.8468,0.61,63,1
62,Male,87,10.5698,0.55,497,0
58,Female,59,1.8117,0.99,347,1
26,Female,69,16.0269,0.34,700,0
26,Male,63,5.034,0.43,71,1
32,Female,53,10.9762,0.99,102,1
30,Male,68,17.5735,0.14,336,0
39,Female,52,13.127,0.68,120,0
33,Male,54,10.8394,0.19,892,0
49,Female,55,6.7921,0.95,337,1
19,Female,57,6.9602,0.36,292,0
43,Male,48,13.488,0.83,213,1
31,Female,57,19.7863,0.92,362,0
55,Other,70,13.3397,0.86,253,0
51,Male,46,11.321,0.6,400,0
25,Female,56,14.6746,0.98,118,1
53,Female,45,9.525,0.71,138,0
38,Female,56,1.6668,0.81,221,1
63,Female,53,11.4086,0.32,72,0
60,Female,46,19.0779,0.48,290,0
45,Female,58,3.9009,0.64,138,0
63,Female,58,13.8861,0.23,158,0
61,Male,63,4.3981,0.97,227,0
65,Female,58,10.8951,0.2,109,0
23,Male,68,2.3755,0.76,674,1
37,Female,52,9.2372,0.15,184,0
48,Female,66,15.1696,0.19,336,0
50,Male,67,7.2429,0.66,166,1
61,Male,56,13.3993,0.51,60,0
24,Male,57,15.9317,0.1,193,0
25,Male,78,18.4872,0.45,381,0
26,Female,42,5.0521,0.33,699,0
19,Male,51,8.2467,0.88,333,1
34,Female,45,3.4569,0.74,317,1
62,Female,52,19.7542,0.76,274,0
54,Female,57,18.4838,0.96,191,0
59,Male,59,10.9752,0.74,492,0
61,Other,58,16.8354,0.24,81,0
34,Male,55,10.6066,0.94,116,1
55,Female,72,12.5976,0.2,128,0
52,Female,58,2.229,0.27,67,1
64,Male,74,15.1522,0.36,507,0
56,Male,75,2.9776,0.26,361,1
47,Male,59,16.5257,0.12,723,0
23,Female,61,15.6713,0.51,110,0
21,Male,63,14.2496,0.72,233,0
54,Other,48,1.2015,0.48,120,0
52,Male,75,6.3807,0.31,130,0
26,Other,47,5.6044,0.89,224,1
23,Male,72,7.4866,0.45,353,0
30,Male,72,2.2003,0.85,733,1
39,Male,82,18.677,0.26,82,0
45,Female,64,11.2438,0.4,383,0
47,Female,54,6.4272,0.82,617,0
53,Male,70,8.2014,0.13,242,0
19,Male,71,9.1757,0.93,355,1
53,Male,63,12.1515,0.46,113,0
25,Female,58,10.5042,0.98,170,1
62,Male,68,18.3362,0.73,136,0
59,Female,63,10.1411,0.95,222,1
26,Female,61,19.7479,0.16,226,0
18,Female,54,17.0176,0.75,991,0
30,Female,60,4.5451,0.89,313,1
32,Male,57,18.5535,0.99,698,0
49,Other,50,2.7575,0.13,142,0
51,Male,53,16.3585,0.17,288,0
60,Male,60,7.8841,0.76,245,0
48,Female,48,17.5327,0.14,178,0
31,Male,78,17.3403,0.11,104,0
64,Male,84,16.135,0.59,92,0
31,Male,61,15.8266,0.58,225,0
65,Male,76,6.4108,0.65,460,0
46,Male,68,2.0698,0.11,346,1
64,Male,63,8.3178,0.55,62,0
36,Male,69,3.8664,0.36,264,0
44,Female,48,13.9821,0.78,229,1
26,Female,51,7.2143,0.41,138,0
54,Female,53,19.4268,0.42,598,0
54,Female,57,12.9349,0.69,201,1
60,Female,45,16.4561,0.69,165,0
45,Female,47,3.071,0.15,154,1
41,Female,52,17.2231,0.66,321,0
45,Female,54,18.4015,0.69,142,0
53,Male,68,9.949,0.51,228,0
35,Female,56,12.2613,0.85,333,1
42,Female,51,15.3373,0.11,163,0
52,Female,56,3.8919,0.97,117,1
21,Female,55,10.2498,0.44,279,0
31,Male,63,8.2341,0.64,84,0
56,Male,48,3.3397,0.13,970,0
43,Female,42,7.6302,0.74,65,1
25,Female,61,1.8225,0.59,161,1
41,Male,57,1.0008,0.96,309,1
33,Male,47,3.1222,0.48,266,0
37,Female,48,19.1844,0.75,359,0
32,Male,64,11.1609,0.17,212,0
24,Male,63,19.2369,0.16,236,0
34,Male,61,8.8905,0.95,246,1
39,Male,62,6.5492,0.33,154,1
39,Male,60,10.3192,0.92,464,1
29,Female,61,9.0265,0.18,551,0
35,Male,64,2.5499,0.67,336,1
63,Male,67,12.932,0.6,675,0
64,Female,58,4.6911,0.97,625,1
32,Female,58,12.52,0.46,162,1
54,Male,72,13.1139,0.14,164,0
33,Female,64,3.4493,0.53,253,1
22,Female,63,1.6902,0.84,839,1
19,Female,44,15.6468,0.15,130,0
45,Female,57,9.4201,0.13,831,0
58,Female,50,1.6284,0.84,66,1
44,Male,64,19.8004,0.84,62,0
48,Female,47,1.6209,0.28,254,1
58,Female,55,13.9837,0.69,79,0
53,Male,48,19.5834,0.16,668,0
64,Female,54,5.1401,0.79,111,0
60,Female,69,3.2596,0.37,226,0
18,Female,66,2.8549,0.31,86,1
46,Male,75,6.3835,0.71,106,1
18,Male,50,2.4603,0.92,74,1
25,Female,54,13.9279,0.14,778,0
33,Male,80,1.7085,0.23,144,1
45,Female,55,10.3828,0.33,169,1
39,Male,62,19.8359,0.94,858,0
35,Female,47,16.291,0.89,489,0
39,Female,51,12.4353,0.92,348,1
58,Male,52,6.4413,0.44,285,0
29,Male,77,12.6036,0.31,185,0
36,Male,61,10.7246,0.27,84,0
42,Male,71,8.766,0.89,141,0
22,Female,58,3.0358,0.31,175,1
51,Female,60,17.7001,0.58,97,1
56,Male,65,9.2258,0.4,866,0
27,Male,53,4.2757,0.55,375,0
64,Male,69,7.6345,0.41,86,0
24,Female,47,8.5341,0.36,996,0
54,Male,76,16.5542,0.48,167,0
64,Female,58,14.7321,0.4,280,0
32,Female,49,15.4245,0.86,271,0
59,Female,52,0.714,0.62,296,1
41,Female,59,8.5734,0.26,98,1
43,Female,47,9.8381,0.31,177,0
43,Female,43,0.8723,0.15,167,1
63,Female,63,5.5404,0.37,119,1
43,Male,67,15.2496,0.7,311,0
27,Female,63,3.1599,0.26,961,0
34,Male,65,10.885,0.19,353,0
31,Female,59,4.6749,0.39,361,1
19,Female,55,0.7351,0.65,300,0
65,Female,55,5.1793,0.53,307,0
30,Female,62,19.432,0.4,101,0
44,Male,83,16.0498,0.89,685,0
26,Female,50,19.1158,0.52,409,0
24,Male,74,9.9644,0.51,232,0
65,Male,51,2.6289,0.13,290,0
27,Male,78,11.1304,0.68,288,0
26,Male,62,9.3149,0.51,108,0
39,Female,50,16.8805,0.23,78,0
40,Other,58,2.4028,0.32,58,1
24,Female,57,9.9719,0.28,451,0
65,Male,69,3.4109,0.21,56,0
26,Female,59,6.7987,0.49,363,0
44,Female,51,14.8047,0.43,118,0
41,Female,61,9.7348,0.42,252,0
46,Female,55,7.7922,0.33,663,0
34,Female,55,8.1528,0.49,137,1
37,Male,61,9.4133,0.59,117,0
24,Female,52,15.7293,0.65,336,1
60,Female,55,17.8064,0.3,231,0
57,Female,61,19.0335,0.76,352,0
24,Male,56,15.7659,0.12,159,0
45,Female,61,6.6189,0.78,221,1
36,Female,49,13.8498,0.35,83,0
37,Female,56,8.9895,0.43,76,1
61,Female,50,5.4406,0.62,604,0
56,Male,42,16.8129,0.65,204,0
57,Male,67,1.2455,0.48,271,1
24,Female,56,17.9942,0.94,904,0
23,Female,50,9.4527,0.87,650,1
42,Female,43,12.8617,0.3,111,0
58,Male,76,13.2915,0.63,62,0
30,Female,55,17.8653,0.75,807,0
56,Male,73,12.8514,0.3,867,0
57,Female,44,12.4103,0.12,152,0
39,Male,63,1.793,0.98,484,1
34,Female,57,10.5571,0.96,63,1
65,Male,82,3.4133,0.39,119,0
39,Other,56,14.8062,0.32,282,0
51,Female,49,10.4371,0.24,635,0
25,Female,48,13.6964,0.72,354,0
62,Male,66,1.3085,0.78,294,1
35,Female,52,2.145,0.48,69,1
41,Female,63,14.3967,0.32,338,0
59,Male,78,1.8984,0.5,531,0
19,Female,48,1.8824,0.56,100,1
19,Female,60,0.7349,0.59,284,1
44,Male,59,19.0561,0.5,120,0
31,Male,56,14.8077,0.1,333,0
65,Female,64,7.3531,0.52,999,0
56,Female,55,6.2528,0.41,303,0
29,Male,83,7.2842,0.6,254,1
49,Female,49,15.5283,0.16,60,0
45,Female,64,13.3306,0.89,311,1
45,Male,70,4.0928,0.89,127,1
63,Male,58,3.8777,0.61,119,1
42,Female,51,2.4089,0.76,825,1
21,Female,58,13.3099,0.49,245,0
43,Female,55,15.3288,0.63,341,1
53,Male,78,5.6419,0.66,103,1
20,Male,89,0.9063,0.42,304,1
18,Male,62,2.0941,0.96,147,0
34,Female,53,19.2765,0.64,413,0
24,Male,53,6.2316,0.99,153,1
65,Female,42,15.4229,0.49,90,0
22,Male,60,12.6185,0.13,60,0
36,Male,76,7.9096,0.37,141,0
56,Male,94,4.4903,0.69,243,1
63,Male,58,2.8549,0.92,86,1
51,Female,61,12.4313,0.65,92,1
52,Male,54,15.5279,0.52,270,0
33,Female,56,12.9917,0.17,186,0
57,Male,68,10.7879,0.23,266,0
64,Male,66,1.3139,0.15,533,0
56,Male,61,19.2887,0.74,351,0
44,Male,77,15.9951,0.85,158,0
58,Male,72,6.1807,0.25,104,1
55,Female,45,19.5114,0.39,63,0
42,Male,68,12.1765,0.53,248,0
43,Male,63,11.799,0.23,59,1
31,Female,52,15.0126,0.47,134,0
31,Male,70,16.2483,0.97,108,1
31,Female,44,13.2357,0.75,104,1
42,Male,70,2.9851,0.25,58,1
53,Male,51,7.0624,0.19,597,0
21,Female,67,18.5048,0.5,299,0
64,Other,47,4.8575,0.99,71,1
32,Male,57,7.72,0.81,293,1
49,Male,72,8.8823,0.36,205,1
35,Male,67,9.0245,0.12,169,0
31,Male,86,12.391,0.47,88,0
18,Female,54,18.7957,0.24,224,0
59,Male,62,5.1694,0.26,309,0
37,Female,47,2.8571,0.25,358,1
27,Male,54,4.3309,0.75,162,1
27,Female,60,17.7063,0.13,124,0
41,Female,42,13.0287,0.61,326,0
51,Female,52,6.0466,0.78,85,1
45,Male,55,16.3294,0.24,259,0
44,Female,66,17.2106,0.9,89,0
57,Female,46,16.9224,0.17,541,0
18,Female,57,18.3272,0.71,77,0
50,Female,51,5.3935,0.25,302,0
21,Female,46,15.1478,0.83,90,1
24,Female,63,9.4345,0.61,80,1
26,Male,65,16.8348,0.63,319,0
33,Female,61,14.6327,0.41,192,0
22,Female,43,15.5631,0.35,274,0
51,Male,71,13.2295,0.52,81,0
40,Female,58,3.9421,0.78,284,1
60,Other,55,11.0735,0.25,64,0
42,Male,75,19.6026,0.83,138,1
30,Male,49,18.6853,0.53,341,0
41,Male,69,1.3376,0.51,298,1
28,Female,64,3.6974,0.11,70,1
34,Female,56,3.0555,0.21,164,1
54,Female,59,14.584,0.49,125,0
30,Female,57,16.365,0.98,102,1
44,Female,57,4.6421,0.33,248,0
37,Male,70,10.3135,0.11,110,0
50,Male,74,16.8096,0.49,240,0
59,Male,69,14.7163,0.11,349,0
49,Male,68,11.0194,0.4,837,0
25,Female,50,11.9527,0.42,346,0
46,Female,52,10.3622,0.1,64,0
57,Female,53,6.2724,0.8,107,1
36,Other,80,11.4614,0.92,138,1
23,Female,58,13.8644,0.99,257,1
61,Female,44,17.4425,0.56,82,0
56,Male,51,12.8441,0.38,190,0
65,Male,66,15.2658,0.75,112,0
58,Female,52,3.6054,0.76,334,1
38,Male,64,9.4542,0.44,117,1
39,Male,79,0.681,0.61,226,1
59,Female,48,5.2856,0.84,278,1
27,Male,63,14.5934,0.27,67,0
27,Male,62,19.7411,0.12,255,0
46,Female,52,2.4241,0.59,977,0
33,Female,50,8.289,0.7,217,1
18,Male,54,16.0214,0.62,86,0
34,Male,53,4.4583,0.64,120,1
47,Other,56,11.2686,0.45,58,1
43,Male,65,14.7216,0.69,233,0
63,Female,53,12.4501,0.14,130,0
36,Male,47,4.1477,0.24,274,1
38,Male,63,7.3945,0.5,108,1
34,Male,63,15.7056,0.95,486,0
63,Female,42,11.252,0.68,330,0
57,Female,61,0.6015,0.42,772,0
38,Male,57,15.2632,0.51,189,0
58,Male,47,1.185,0.86,917,0
57,Male,60,14.9672,0.59,304,0
62,Female,42,4.4281,0.14,90,0
36,Male,45,19.0866,0.48,287,0
24,Male,67,7.6381,0.45,158,0
34,Male,54,6.8425,0.91,680,0
18,Female,65,3.3884,0.37,250,1
54,Female,59,6.4287,0.16,302,0
23,Female,52,17.507,0.42,513,0
43,Male,73,19.8289,0.14,772,0
19,Male,62,7.6452,0.85,102,1
49,Male,65,9.203,0.63,314,0
65,Male,70,14.5082,0.52,309,0
22,Female,53,17.6922,0.42,111,0
54,Male,66,12.0051,0.48,721,0
48,Male,58,8.0956,0.81,264,1
29,Female,55,8.5049,0.26,167,0
52,Female,43,13.995,0.16,907,0
47,Female,56,0.5624,0.61,83,1
65,Female,57,12.52,0.87,881,0
23,Female,50,7.3966,0.61,222,0
32,Female,58,15.9074,0.82,633,0
32,Female,60,2.304,0.9,221,1
33,Male,55,11.9111,0.17,97,0
37,Male,80,9.8309,0.63,262,1
30,Female,59,12.9611,0.85,209,1
61,Female,63,1.7582,0.68,237,1
59,Female,52,11.7517,0.63,258,0
63,Female,64,11.3928,0.81,254,1
48,Male,77,11.3768,0.74,166,1
51,Female,54,12.2077,0.55,359,0
46,Other,68,13.6235,0.14,255,0
20,Female,42,16.1168,0.65,124,1
26,Male,58,5.7345,0.29,370,0
28,Male,68,16.506,0.33,87,0
28,Female,49,10.1662,0.71,419,0
42,Male,58,1.9949,0.51,210,1
39,Male,59,1.6359,0.75,182,1
59,Female,49,6.9842,0.45,140,1
63,Male,69,15.727,0.88,318,0
26,Female,67,14.229,0.48,238,0
37,Female,42,15.7991,0.54,93,0
38,Female,58,10.535,0.21,100,1
27,Female,42,9.0399,0.55,221,1
39,Female,44,3.3606,0.32,68,0
46,Female,57,6.8669,0.79,70,1
26,Female,47,8.92,0.74,57,1
22,Female,56,2.2188,0.11,66,1
57,Male,76,4.7799,0.54,976,0
28,Female,42,12.1056,0.14,301,0
18,Male,67,14.7719,0.61,657,0
59,Male,72,19.8679,0.91,257,0
18,Male,78,18.6024,0.88,802,0
56,Female,49,12.9658,0.32,359,0
63,Male,55,8.6722,0.23,135,0
22,Female,45,12.8418,0.81,262,0
39,Female,47,15.7416,0.59,305,0
43,Male,60,2.7957,0.48,326,1
23,Female,61,8.4522,0.83,795,0
49,Male,65,16.7922,0.33,203,0
65,Female,57,7.9464,0.3,251,0
28,Female,55,11.5943,0.65,465,0
27,Male,54,11.9027,0.35,684,0
64,Other,59,4.0788,0.48,282,0
56,Female,53,7.5274,0.51,643,0
51,Female,54,6.9895,0.28,112,1
48,Female,64,1.0082,0.16,107,1
29,Female,46,0.9693,0.79,92,1
61,Male,51,16.6349,0.81,189,0
33,Male,61,5.7976,0.64,92,1
55,Female,56,10.5507,0.23,119,0
20,Female,58,6.2953,0.53,114,1
19,Male,46,18.7492,0.26,155,0
22,Other,57,5.5304,0.89,321,1
28,Male,72,8.8353,0.73,79,1
42,Male,67,17.431,0.13,143,0
52,Male,66,16.8335,0.1,71,0
52,Female,55,4.1104,0.99,287,1
39,Female,62,16.0713,0.14,819,0
54,Male,73,9.3888,0.88,688,1
39,Female,55,9.8696,0.96,232,1
28,Male,54,3.0895,0.38,161,1
49,Female,50,2.0637,0.59,667,0
52,Male,72,14.622,0.68,334,0
48,Female,56,10.1313,0.57,140,1
62,Female,51,8.9749,0.29,215,0
25,Female,55,14.6525,0.62,113,0
37,Male,56,15.351,0.33,328,0
59,Male,73,3.5828,0.25,170,0
51,Female,48,12.3384,0.55,200,0
21,Female,57,3.1259,0.43,174,1
35,Female,50,15.0767,0.12,770,0
21,Female,59,13.2449,0.95,243,1
37,Other,66,19.0583,0.14,251,0
26,Male,69,1.8378,0.91,181,1
33,Male,53,1.6069,0.27,206,0
43,Male,66,5.9744,0.23,102,1
55,Male,60,5.5771,0.16,343,1
42,Female,59,5.2914,0.48,114,1
21,Female,42,18.0813,0.63,261,0
58,Male,65,5.3412,0.91,160,1
62,Female,58,5.7758,0.81,943,0
58,Female,53,15.2323,0.24,549,0
55,Female,60,9.225,0.25,304,0
36,Male,66,15.5682,0.11,639,0
31,Female,53,1.7681,0.72,72,1
38,Male,66,9.9589,0.12,650,0
32,Female,64,1.1521,0.22,62,1
20,Female,61,1.7155,0.67,327,1
54,Male,59,18.0849,0.24,56,0
63,Male,75,3.2014,0.24,552,0
33,Female,54,10.829,0.31,263,0
31,Male,67,8.4753,0.45,138,1
26,Male,52,7.2385,0.11,863,0
64,Female,49,17.9568,0.77,354,0
24,Male,72,0.9234,0.8,204,1
31,Male,59,13.3775,0.43,104,1
23,Female,51,19.1899,0.82,951,0
38,Male,58,11.3673,0.36,743,0
32,Male,58,18.6744,0.99,659,0
25,Female,51,1.5138,0.46,58,1
51,Male,70,8.6246,0.7,59,1
57,Female,48,5.5471,0.39,311,0
18,Other,48,14.6779,0.51,354,0
49,Female,60,19.5372,0.68,244,0
22,Male,62,5.4767,0.41,260,0
47,Male,61,13.191,0.69,776,0
39,Female,57,4.3431,0.23,592,0
37,Female,57,11.4674,0.54,76,1
33,Female,49,9.5003,0.35,242,0
24,Female,62,19.3569,0.93,76,1
24,Male,61,12.3054,0.84,142,0
19,Male,67,7.2804,0.54,227,0
64,Female,51,2.7135,0.51,267,0
31,Female,55,3.4342,0.85,773,0
48,Male,54,4.8711,0.72,320,1
58,Female,52,5.3688,0.71,305,0
31,Male,74,17.002,0.59,178,0
22,Female,57,11.3877,0.88,267,1
28,Male,51,10.6538,0.27,358,0
57,Female,52,2.7265,0.88,702,1
22,Female,53,17.1867,0.57,197,0
46,Female,50,14.5226,0.66,922,0
28,Other,50,1.8128,0.97,337,1
22,Male,47,14.232,0.48,97,0
49,Female,65,11.0446,0.7,723,1
53,Female,68,2.0855,0.57,340,1
32,Female,63,9.391,0.94,279,1
36,Female,51,9.9031,0.54,288,0
39,Male,77,3.716,0.33,356,0
51,Female,42,18.8465,0.53,188,0
34,Male,59,16.9895,0.93,937,1
29,Male,44,13.479,0.55,916,0
42,Male,68,9.4685,0.23,140,0
34,Male,57,8.4883,0.59,344,1
27,Male,70,13.1289,0.45,587,0
45,Male,60,11.0814,0.68,271,0
35,Male,83,1.7081,0.32,263,1
35,Male,81,10.4426,0.39,62,0
62,Male,44,16.1442,0.56,330,0
49,Female,58,9.4093,0.21,100,0
31,Female,64,1.508,0.29,94,1
33,Female,55,15.7538,0.82,530,1
35,Female,52,4.4065,0.95,350,1
33,Male,78,5.5172,0.97,999,1
34,Male,74,3.6953,0.94,240,1
24,Male,52,6.9062,0.95,235,1
29,Female,50,15.181,0.84,76,1
51,Female,60,10.5761,0.76,870,1
27,Male,71,4.4747,0.31,84,0
22,Male,65,17.5299,0.5,263,0
38,Female,56,17.5639,0.46,117,1
20,Male,64,17.3892,0.76,335,0
36,Female,42,5.1326,0.53,115,1
62,Female,57,9.254,0.42,292,0
61,Female,42,19.6088,0.83,650,0
52,Female,48,15.477,0.77,353,0
23,Male,78,1.027,0.43,345,1
31,Female,57,1.765,0.48,756,1
21,Female,53,9.5003,0.9,325,1
62,Female,48,18.1389,0.76,634,0
35,Female,51,10.9508,0.72,177,0
46,Female,58,10.1576,0.74,377,0
52,Female,53,2.5462,0.19,269,1
55,Male,65,13.2415,0.61,88,1
33,Male,55,16.4488,0.36,113,0
37,Male,54,7.8801,0.18,59,0
41,Female,57,15.5469,0.76,149,1
52,Female,55,19.2108,0.37,950,0
61,Male,66,4.4531,0.38,131,0
36,Male,64,10.6526,0.68,786,0
21,Female,49,6.0705,0.7,133,0
50,Male,68,15.8814,0.53,155,0
19,Male,43,11.7053,0.6,164,0
30,Male,74,12.8109,0.86,319,1
62,Male,53,15.9795,0.2,143,0
47,Female,49,8.1818,0.16,742,0
51,Male,61,18.2527,0.69,250,1
47,Female,47,10.8408,0.64,197,1
41,Female,52,3.5643,0.27,105,1
65,Male,73,14.0004,0.57,361,0
61,Male,65,15.8893,0.77,879,0
50,Female,45,6.6452,0.76,356,1
58,Female,49,17.1293,0.64,117,0
27,Male,79,18.0792,0.22,157,0
35,Male,64,5.8719,0.37,211,0
36,Male,61,19.5803,0.47,206,0
24,Female,61,3.2298,0.81,329,1
36,Male,75,4.4191,0.59,417,0
41,Female,52,4.074,0.76,216,1
32,Male,42,17.8434,0.93,57,1
58,Female,51,13.1933,0.66,350,0
59,Male,44,3.4508,0.31,348,0
40,Female,54,9.0423,0.23,898,0
21,Male,60,12.4368,0.1,362,0
55,Male,57,2.1192,0.26,110,1
21,Female,52,17.6189,0.34,112,0
22,Female,48,16.0899,0.34,90,0
58,Female,55,10.301,0.7,927,0
61,Female,54,19.2623,0.24,161,0
40,Male,66,8.6046,0.49,813,1
57,Female,50,19.5917,0.1,159,0
54,Male,57,13.4576,0.34,256,0
28,Male,71,12.8126,0.14,407,0
28,Female,52,3.7195,0.74,275,1
30,Female,51,17.6094,0.42,70,0
31,Female,42,8.7933,0.53,135,0
25,Female,60,3.6473,0.79,251,1
42,Other,68,0.7446,0.88,511,1
35,Male,64,11.3593,0.57,520,0
61,Other,64,10.7316,0.68,879,0
61,Female,46,14.4555,0.76,510,0
35,Female,42,17.771,0.36,253,0
27,Female,63,2.0405,0.74,321,1
24,Female,50,14.691,0.69,97,1
61,Female,63,4.1358,0.5,328,0
31,Male,84,17.1486,0.41,103,1
32,Female,42,16.3898,0.98,678,0
33,Male,71,10.9914,0.99,933,0
19,Male,75,14.2787,0.73,88,1
47,Male,74,6.5984,0.45,61,1
47,Male,63,9.6407,0.78,354,1
35,Male,53,16.4398,0.71,233,0
48,Male,79,9.4097,0.59,333,1
61,Female,64,7.4413,0.22,311,0
65,Male,62,10.0877,0.95,576,0
30,Male,84,16.568,0.31,100,0
37,Male,54,7.003,0.45,159,0
52,Female,68,3.871,0.41,340,0
40,Male,58,14.3131,0.24,90,0
59,Male,58,16.524,0.12,274,0
50,Male,67,2.4524,0.94,425,0
55,Male,71,5.1536,0.77,643,0
52,Female,49,3.2543,0.12,159,0
53,Male,75,7.2501,0.72,573,0
37,Male,59,9.2368,0.22,67,0
20,Male,55,15.0272,0.75,969,0
25,Female,64,13.1323,0.55,79,0
57,Female,61,12.546,0.98,281,0
49,Male,63,7.3361,0.49,325,0
46,Male,42,16.8241,0.77,761,0
24,Male,49,9.643,0.14,88,0
19,Female,69,19.4946,0.94,119,1
38,Male,73,12.8024,0.61,171,0
23,Female,54,2.9495,0.38,57,1
45,Male,72,13.6178,0.21,307,0
65,Male,52,6.807,0.68,328,1
59,Male,67,13.8147,0.77,121,0
53,Male,67,1.851,0.18,88,0
49,Male,69,3.8927,0.25,74,1
62,Male,56,17.1013,0.45,117,0
59,Female,57,4.9073,0.87,283,1
63,Male,72,16.7386,0.98,216,0
26,Female,54,5.918,0.77,141,1
28,Female,42,12.9719,0.11,75,0
40,Female,46,13.9665,0.91,346,1
28,Female,66,10.4455,0.12,345,0
19,Male,68,6.423,0.91,201,1
20,Male,71,4.6253,0.47,283,0
28,Female,48,1.1439,0.77,59,1
52,Female,42,6.3966,0.18,87,1
32,Female,49,13.1714,0.25,291,0
60,Male,89,18.7031,0.51,90,0
28,Female,65,17.4014,0.13,263,0
48,Female,59,15.3617,0.45,258,0
45,Male,69,15.7959,0.78,994,0
45,Other,55,13.4007,0.69,298,0
49,Male,61,5.5496,0.42,289,1
42,Male,78,18.0996,0.11,332,0
37,Male,58,13.5122,0.34,63,0
45,Female,45,11.3725,0.8,346,1
42,Female,42,2.6532,0.41,239,1
28,Female,52,9.1729,0.44,125,0
36,Female,53,9.431,0.17,453,0
45,Male,74,17.2725,0.64,86,0
18,Male,64,11.105,0.66,106,1
22,Male,46,7.8798,0.49,281,1
27,Other,59,19.4499,0.78,160,0
59,Male,56,2.648,0.89,97,0
63,Female,60,8.6974,0.78,120,0
51,Male,53,1.3153,0.59,250,0
53,Male,60,14.8541,0.94,171,0
19,Male,61,18.3107,0.44,221,0
35,Male,67,5.9327,0.69,338,1
30,Other,67,17.1518,0.62,363,0
22,Female,49,6.169,0.86,678,0
37,Female,59,18.1689,0.55,468,0
19,Female,50,15.1269,0.6,166,0
28,Female,51,16.1152,0.51,233,0
47,Female,46,0.8493,0.23,202,0
49,Female,58,19.1785,0.9,58,1
49,Female,57,14.5974,0.88,110,0
55,Male,60,6.4122,0.73,78,1
45,Male,60,16.5903,0.41,236,0
27,Female,57,5.9615,0.42,197,1
39,Male,70,17.4314,0.13,99,0
34,Female,52,2.6841,0.17,183,1
39,Female,55,14.1515,0.56,226,0
60,Female,61,10.9896,0.14,363,0
36,Female,48,2.3728,0.19,292,0
34,Male,45,5.1927,0.33,105,0
41,Female,58,0.7406,0.44,78,1
53,Male,70,9.5941,0.54,706,0
49,Female,46,6.3445,0.39,108,1
63,Other,59,12.1081,0.95,270,0
53,Female,57,6.2664,0.96,279,1
45,Male,73,6.3184,0.15,890,0
31,Male,66,14.9179,0.99,292,1
53,Female,45,1.434,0.26,275,0
23,Female,52,18.0162,0.4,351,0
26,Female,56,17.0339,0.85,495,0
38,Female,45,13.4554,0.72,130,0
29,Female,51,12.0085,0.15,58,0
47,Male,66,17.8107,0.8,183,0
48,Female,60,4.0954,0.7,184,1
57,Female,52,2.032,0.96,81,1
21,Male,60,5.1465,0.92,176,1
48,Male,67,15.9148,0.98,185,1
44,Female,53,1.1726,0.51,251,1
42,Female,44,11.8065,0.74,276,1
22,Male,71,19.8115,0.97,123,0
23,Male,68,17.1005,0.1,243,0
22,Male,76,10.616,0.81,248,1
44,Male,63,1.7346,0.15,211,0
25,Female,50,16.6286,0.99,67,1
26,Female,53,12.1202,0.11,102,0
32,Female,58,2.7297,0.6,913,1
53,Female,55,2.3208,0.57,955,0
58,Male,67,18.1468,0.37,189,0
24,Female,45,13.4825,0.76,296,1
49,Other,67,16.5882,0.33,616,0
25,Female,53,17.5522,0.36,70,0
64,Male,65,11.5924,0.26,222,0
32,Female,51,10.5385,0.74,100,1
54,Female,43,8.8503,0.25,149,0
36,Male,53,6.6488,0.91,865,0
56,Male,63,8.9312,0.36,672,0
23,Female,49,15.5133,0.57,226,0
36,Female,47,12.1773,0.53,275,0
45,Female,61,17.815,0.73,364,0
34,Male,63,9.1016,0.31,97,1
59,Male,67,12.2775,0.85,59,1
36,Female,55,12.7474,0.76,996,0
48,Female,55,11.9789,0.41,99,0
28,Male,56,14.1311,0.21,271,0
32,Male,62,5.1062,0.55,196,1
27,Female,70,10.4399,0.98,547,1
60,Male,57,2.522,0.12,291,0
40,Female,54,7.9595,0.86,268,1
20,Male,63,9.9607,0.73,269,1
20,Female,62,13.1532,0.26,192,0
35,Other,56,18.9403,0.53,305,0
42,Male,65,12.1526,0.66,376,1
60,Female,60,14.9257,0.73,247,1
37,Other,58,10.3216,0.93,226,1
46,Other,52,12.8016,0.89,741,1
39,Male,75,1.8761,0.4,199,1
32,Female,51,5.4352,0.21,79,1
56,Male,50,7.52,0.19,90,0
27,Male,57,9.6664,0.97,785,0
38,Female,52,1.3856,0.96,314,1
46,Male,62,3.2165,0.84,219,1
49,Female,53,5.8702,0.98,171,1
27,Female,46,19.3477,0.35,234,0
30,Female,42,6.9281,0.84,353,1
64,Female,51,9.8516,0.55,260,0
40,Male,62,4.3043,0.82,248,1
40,Female,66,12.3491,0.65,113,1
48,Female,51,5.9453,0.86,784,1
21,Male,70,4.5157,0.46,816,0
20,Male,45,10.5215,0.99,252,1
38,Female,66,0.6068,0.3,313,1
19,Male,63,0.6487,0.71,328,1
21,Female,45,4.7499,0.82,920,0
18,Female,59,1.2124,0.63,267,1
32,Male,70,2.5957,0.36,852,0
50,Female,62,7.0739,0.61,262,0
23,Male,73,16.0702,0.55,187,0
24,Female,55,11.5977,0.27,173,0
36,Female,43,10.4458,0.79,130,1
61,Male,53,6.1937,0.34,270,0
18,Female,54,18.576,0.85,248,0
56,Female,53,8.2021,0.29,289,0
36,Male,74,2.1896,0.55,361,1
62,Other,72,12.4711,0.73,91,0
43,Male,71,2.7085,0.99,234,1
61,Female,48,7.1973,0.34,115,0
29,Male,68,10.3438,0.67,945,0
39,Female,43,17.4599,0.24,249,0
30,Female,42,10.0748,0.84,164,1
45,Female,64,14.1238,0.88,274,0
31,Female,47,19.7606,0.9,59,0
39,Female,55,3.0509,0.95,324,1
47,Male,53,5.8298,0.42,705,0
61,Male,56,8.1548,0.7,71,1
37,Male,74,8.6835,0.38,201,1
61,Male,55,8.4738,0.82,130,0
44,Male,55,18.1077,0.47,316,0
55,Female,59,14.3522,0.6,660,0
59,Other,61,12.2934,0.22,144,0
58,Male,74,6.5018,0.87,197,1
51,Male,71,16.4815,0.53,69,0
56,Male,58,19.0282,0.68,118,0
58,Female,42,16.4312,0.7,109,0
61,Female,51,0.5304,0.35,160,1
54,Female,62,12.8462,0.82,349,0
18,Female,56,1.492,0.85,56,1
32,Female,63,5.4976,0.56,884,0
49,Male,61,1.6548,0.91,220,1
25,Male,77,12.2136,0.24,56,0
50,Male,60,13.8198,0.47,108,0
35,Male,64,2.7211,0.14,116,1
62,Female,54,7.9465,0.46,91,1
46,Male,56,9.351,0.99,125,0
49,Male,56,7.6596,0.52,753,0
50,Female,66,2.8479,0.48,835,1
22,Male,65,8.6276,0.72,895,0
35,Male,72,15.0729,0.14,166,0
65,Female,46,1.8775,0.42,182,0
27,Female,51,2.0555,0.58,668,1
53,Male,72,7.3826,0.54,269,0
50,Female,64,18.7695,0.68,186,1
40,Female,42,13.4703,0.23,266,0
57,Male,73,13.6662,0.46,302,0
22,Female,50,7.5212,0.67,281,1
51,Female,61,12.017,0.37,931,0
41,Other,70,0.6965,0.65,110,1
34,Other,82,12.8403,0.96,78,1
48,Male,48,18.2178,0.94,176,0
24,Female,49,12.3839,0.75,88,1
34,Male,42,17.4498,0.26,178,0
45,Male,77,14.5451,0.81,285,1
55,Male,74,2.8388,0.5,256,1
39,Female,48,18.0076,0.96,324,0
32,Female,60,1.789,0.65,153,1
54,Male,84,10.859,0.3,165,0
32,Female,58,3.2575,0.38,284,1
42,Female,51,0.7271,0.39,162,1
38,Female,60,8.6875,0.35,166,1
55,Male,79,6.2238,0.79,253,1
19,Female,49,9.9284,0.4,285,0
44,Female,62,11.6977,0.28,231,0
49,Male,73,1.3485,0.64,242,0
38,Male,72,2.8863,0.52,363,0
21,Other,51,11.3377,0.12,82,0
61,Female,57,7.1574,0.35,251,0
36,Female,48,14.646,0.13,592,0
19,Male,66,13.1545,0.79,189,0
43,Female,62,16.9047,0.96,59,1
51,Male,64,13.9344,0.55,76,0
31,Male,65,8.8407,0.6,76,0
32,Male,58,13.5556,0.86,85,1
37,Male,91,5.8424,0.12,211,0
51,Female,62,6.4425,0.25,196,1
53,Other,52,15.8063,0.69,225,0
36,Male,82,9.1605,0.77,75,1
26,Female,42,15.9886,0.66,303,0
24,Male,71,16.455,0.95,95,1
47,Male,65,17.1367,0.45,306,0
30,Other,72,18.2827,0.6,77,0
44,Male,57,8.8611,0.96,315,1
61,Male,58,6.686,0.91,150,0
52,Male,65,11.7947,0.13,80,0
30,Female,56,7.7007,0.42,333,0
32,Male,61,12.1608,0.77,79,1
63,Male,83,14.1884,0.1,167,0
26,Female,42,13.8551,0.88,688,0
62,Male,58,7.7663,0.55,894,0
40,Male,61,3.7371,0.18,703,0
53,Male,69,8.8523,0.5,70,1
57,Male,68,3.2663,0.54,600,0
20,Female,61,17.7679,0.43,245,0
51,Female,66,7.21,0.51,170,1
36,Female,46,3.4965,0.9,813,1
45,Male,64,0.9937,0.39,871,0
40,Male,59,13.029,0.96,170,1
57,Male,77,12.8559,0.72,997,0
62,Male,70,7.1077,0.91,239,1
24,Male,66,1.8912,0.29,228,0
58,Male,62,8.4468,0.54,59,1
29,Male,81,6.5376,0.61,901,0
31,Female,68,13.6361,0.18,277,0
63,Male,61,12.2521,0.54,972,0
32,Male,61,7.5731,0.87,343,1
20,Male,68,4.7271,0.15,169,0
32,Male,71,19.6679,0.68,301,0
41,Female,46,9.3076,0.99,202,0
63,Male,59,13.8525,0.57,205,0
25,Male,69,3.2267,0.37,89,1
22,Male,59,9.9204,0.63,356,0
21,Male,61,1.0342,0.59,131,1
31,Female,52,10.3058,0.19,262,0
33,Other,54,19.2019,0.29,262,0
37,Male,67,7.9536,0.7,257,0
41,Female,59,1.2565,0.63,59,1
23,Male,65,1.1005,0.41,467,0
48,Male,78,8.0269,0.98,682,0
23,Male,72,3.6045,0.68,300,1
52,Female,52,0.953,0.31,109,1
32,Male,62,15.1705,0.52,362,0
46,Other,60,9.3953,0.74,176,0
20,Male,59,6.1113,0.7,342,0
28,Male,63,17.9616,0.32,128,0
20,Female,62,2.7531,0.68,59,1
45,Female,51,19.0448,0.4,126,0
27,Female,56,6.591,0.51,319,1
50,Female,42,17.735,0.7,627,0
65,Male,62,12.1971,0.62,264,0
33,Male,67,16.5381,0.74,198,0
27,Male,53,19.5899,0.44,263,0
50,Male,63,6.0951,0.78,318,0
53,Female,56,19.146,0.11,66,0
20,Female,68,8.0559,0.27,202,1
22,Female,58,7.9789,0.98,93,1
29,Male,74,7.1035,0.18,93,0
61,Female,63,11.0033,0.7,117,0
30,Female,51,3.4904,0.93,75,1
41,Male,49,11.242,0.87,81,1
61,Male,68,11.0091,0.92,129,1
49,Female,65,15.2809,0.99,93,1
33,Female,61,16.6728,0.42,169,0
49,Other,54,9.0446,0.4,315,0
62,Male,59,6.3653,0.21,84,0
54,Male,76,5.5311,0.28,753,0
53,Male,45,4.2757,0.69,284,1
38,Male,64,1.6184,0.4,516,0
64,Female,65,7.1435,0.41,353,0
29,Male,62,5.7428,0.68,173,1
38,Female,54,19.2485,0.19,652,0
38,Female,47,11.3196,0.15,162,0
60,Male,70,7.2372,0.82,315,0
23,Male,51,11.7611,0.81,347,1
26,Female,63,3.2004,0.45,399,0
18,Female,53,9.1144,0.63,65,1
29,Male,58,12.6489,0.31,288,0
31,Male,71,9.9846,0.43,60,1
23,Female,42,8.2945,0.13,885,0
18,Female,62,19.7807,0.35,248,0
39,Male,57,17.5781,0.11,909,0
51,Female,49,12.5941,0.48,375,0
28,Female,59,11.5459,0.57,156,1
20,Male,65,12.5408,0.55,284,0
59,Female,42,4.4055,0.41,254,0
23,Male,73,8.1657,0.29,159,0
23,Male,69,1.2655,0.51,298,0
37,Male,64,9.7256,0.88,98,1
38,Male,65,11.0347,0.98,344,1
19,Female,49,4.9183,0.38,785,0
43,Female,42,19.2022,0.98,141,1
48,Male,59,18.1434,0.49,162,0
43,Male,54,14.5096,0.65,116,1
49,Female,51,10.8477,0.82,301,0
27,Male,61,17.3774,0.42,59,0
40,Male,70,3.0347,0.29,148,1
23,Female,45,15.8359,0.35,85,0
40,Female,47,2.9215,0.85,332,1
45,Male,74,15.9077,0.94,258,1
47,Female,71,5.8499,0.22,140,1
31,Male,81,17.5156,0.73,256,1
54,Female,58,18.8144,0.13,650,0
49,Female,68,3.3866,0.89,246,1
51,Female,57,9.4759,0.87,65,1
58,Female,62,19.5312,0.8,205,0
61,Male,52,9.8781,0.84,91,0
39,Male,60,17.2528,0.64,226,0
48,Male,64,11.9214,0.23,270,0
24,Female,52,7.7814,0.92,432,0
58,Female,50,6.0442,0.23,340,0
38,Female,50,4.4425,0.3,350,1
33,Female,49,15.2789,0.49,199,0
37,Male,68,7.9989,0.55,92,1
60,Male,62,10.4187,0.19,846,0
61,Male,63,10.0511,0.79,108,1
64,Male,64,11.6992,0.22,454,0
36,Male,71,17.2922,0.69,97,0
65,Female,54,19.5263,0.51,939,0
49,Male,60,8.4071,0.83,282,1
32,Female,49,16.5539,0.37,318,0
22,Female,51,15.3318,0.85,731,0
28,Male,66,11.6265,0.33,346,0
32,Female,56,19.0473,0.62,91,0
46,Male,70,4.3892,0.54,68,1
62,Male,77,2.6197,0.42,357,0
21,Male,60,17.0669,0.11,222,0
53,Male,72,9.0195,0.46,976,0
65,Female,51,16.9312,0.21,81,0
40,Female,53,17.8259,0.3,955,0
32,Male,65,1.7117,0.72,733,1
63,Male,77,17.6392,0.61,222,0
61,Male,63,9.1974,0.57,774,0
20,Female,59,10.4024,0.61,184,1
49,Male,64,12.6559,0.21,297,0
27,Female,67,18.4718,0.25,290,0
57,Female,54,0.8709,0.59,290,1
55,Male,52,9.7508,0.47,95,0
39,Other,51,13.8418,0.52,87,0
31,Male,62,14.5205,0.89,323,0
34,Other,51,13.9351,0.27,96,0
38,Male,79,3.108,0.92,719,1
65,Male,66,6.3083,0.87,206,1
32,Female,57,7.4591,0.91,330,1
32,Female,59,16.1061,0.68,90,0
18,Female,45,5.9079,0.88,297,1
41,Male,70,4.5877,0.99,140,1
29,Female,51,19.0745,0.52,99,0
27,Male,57,0.6719,0.88,371,1
63,Male,57,19.8577,0.91,289,0
59,Male,73,13.6303,0.38,362,0
59,Female,46,16.5723,0.5,111,0
48,Female,42,6.2156,0.62,568,0
28,Male,62,0.7777,0.41,262,0
33,Male,70,14.8147,0.39,297,0
26,Male,74,16.6824,0.44,248,0
64,Male,57,14.8652,0.48,170,0
31,Male,55,3.2713,0.33,87,1
36,Female,62,15.1165,0.53,161,0
48,Female,58,15.4171,0.8,181,0
26,Female,42,13.2757,0.66,214,0
53,Male,73,15.3626,0.44,361,0
56,Male,56,16.9109,0.24,481,0
43,Female,42,12.4039,0.84,98,1
25,Female,50,2.2189,0.56,79,1
41,Female,57,9.96,0.97,964,1
25,Female,46,2.0064,0.33,781,0
36,Female,63,8.4063,0.26,689,0
64,Male,72,8.3979,0.11,305,0
65,Male,65,1.7806,0.17,113,0
47,Female,57,7.2671,0.45,982,0
39,Female,50,2.6534,0.28,74,1
26,Male,63,16.1798,0.13,68,0
61,Male,49,18.8851,0.3,112,0
65,Female,53,1.9029,0.76,137,1
21,Female,51,19.0292,0.76,71,0
54,Male,72,10.638,0.23,174,0
25,Male,66,6.3116,0.94,112,1
18,Male,63,1.9911,0.24,89,1
45,Female,63,10.2121,0.18,173,0
23,Male,57,15.9136,0.25,137,0
64,Female,67,14.2175,0.23,782,0
53,Female,65,1.4744,0.67,849,1
28,Male,51,1.9143,0.24,77,0
22,Female,56,8.3157,0.67,415,0
41,Male,67,6.2286,0.35,168,1
64,Female,52,5.0083,0.32,213,0
35,Female,57,5.9515,0.91,282,1
37,Male,83,16.0876,0.29,696,0
45,Male,66,18.527,0.88,99,0
30,Female,51,8.359,0.37,82,0
22,Male,84,18.0786,0.99,357,0
47,Female,58,6.737,0.98,84,1
18,Male,81,9.7429,0.84,176,0
39,Female,55,4.885,0.88,125,1
35,Female,62,12.9252,0.84,425,0
63,Female,48,19.4922,0.67,357,0
22,Male,70,12.2078,0.83,340,0
48,Male,81,7.4416,0.67,343,1
23,Male,60,13.0677,0.86,197,1
44,Male,74,2.8847,0.94,695,0
42,Female,58,17.74,0.78,757,0
46,Female,54,10.2598,0.97,908,0
45,Male,61,9.2174,0.5,323,0
33,Female,59,11.8658,0.93,261,1
29,Male,68,12.6208,0.3,71,0
37,Male,59,1.8925,0.13,270,0
35,Female,51,13.7428,0.22,915,0
51,Female,42,5.1935,0.24,61,0
40,Female,54,14.3507,0.84,66,1
62,Male,53,16.4572,0.46,671,0
44,Male,49,16.0968,0.31,93,0
34,Male,62,11.2185,0.83,60,1
65,Female,49,10.5913,0.28,715,0
38,Female,56,3.2718,0.17,93,1
57,Male,70,15.5417,0.52,117,0
48,Female,59,5.7653,0.16,316,0
20,Male,71,10.1359,0.35,286,0
34,Female,60,6.0149,0.73,321,1
43,Male,77,3.0963,0.44,205,0
40,Male,70,12.7134,0.18,162,0
23,Male,62,1.554,0.46,355,1
45,Male,67,15.0237,0.56,117,0
25,Female,52,6.6612,0.33,110,1
62,Female,59,0.5026,0.25,278,0
25,Female,45,10.4159,0.79,189,1
36,Female,53,1.4089,0.16,219,0
55,Male,60,5.8577,0.96,250,1
46,Female,58,14.2153,0.11,251,0
40,Female,46,1.7162,0.69,105,0
64,Male,69,16.7832,0.22,641,0
49,Male,54,0.5741,0.59,758,0
27,Female,55,5.2884,0.27,348,1
44,Male,76,14.8735,0.13,68,0
18,Female,55,6.6356,0.87,224,1
56,Male,58,2.4767,0.48,219,0
46,Female,53,7.4885,0.35,77,1
62,Female,55,5.7456,0.95,294,1
20,Male,61,16.8486,0.17,179,0
64,Male,60,6.5789,0.41,433,0
54,Male,69,15.8053,0.26,91,0
48,Male,55,17.8023,0.99,93,1
28,Female,57,8.9161,0.59,180,1
39,Male,64,18.1529,0.83,376,0
35,Female,57,7.82,0.25,126,1
52,Male,61,19.2031,0.37,277,0
23,Female,56,2.2322,0.66,90,1
20,Female,61,13.8282,0.26,235,0
22,Male,60,10.08,0.55,639,0
26,Female,55,8.0204,0.94,340,1
45,Female,60,12.7746,0.94,516,0
36,Male,67,14.1548,0.42,247,0
45,Female,58,0.5846,0.56,580,1
44,Male,60,3.7389,0.28,109,1
30,Male,80,14.3331,0.98,107,1
55,Female,60,13.4279,0.57,95,0
60,Female,64,19.2413,0.29,291,0
38,Female,62,15.2641,0.86,318,1
44,Male,66,18.945,0.48,350,0
63,Female,58,14.1293,0.67,843,0
23,Female,57,6.2822,0.86,198,1
55,Female,53,2.5441,0.38,62,1
28,Male,47,15.6674,0.62,545,0
64,Female,42,12.9965,0.15,329,0
58,Female,43,1.4348,0.31,193,0
34,Male,71,7.485,0.22,835,0
56,Other,61,19.0619,0.68,568,0
24,Male,75,10.2078,0.33,130,0
47,Male,70,8.8949,0.78,828,1
38,Female,42,9.3794,0.79,223,1
18,Other,54,4.5523,0.81,294,0
42,Male,53,7.6529,0.22,249,0
49,Male,60,7.6744,0.57,338,1
25,Female,53,1.5157,0.71,299,1
22,Female,50,15.3908,0.39,237,0
47,Female,58,8.5802,0.33,84,1
25,Female,61,16.4503,0.75,356,0
36,Female,45,16.9968,0.42,361,0
61,Male,58,4.6127,0.32,815,0
47,Other,71,13.2527,0.61,319,0
32,Male,67,9.6623,0.66,434,0
53,Female,61,17.575,0.8,621,0
61,Male,67,4.6854,0.14,157,0
44,Male,60,13.6496,0.26,135,0
30,Female,58,12.2904,0.8,239,0
31,Other,59,6.2288,0.58,463,0
54,Female,59,3.1501,0.83,334,1
65,Female,52,13.1418,0.5,238,0
47,Male,62,14.8288,0.51,197,0
56,Female,65,6.6232,0.44,146,0
64,Male,76,13.0098,0.72,119,0
30,Male,56,8.1655,0.63,242,0
33,Male,69,14.3362,0.45,63,0
61,Female,51,4.3648,0.27,336,0
24,Other,57,17.7702,0.1,313,0
65,Female,44,6.0757,0.18,795,0
44,Male,58,7.635,0.2,280,0
62,Male,80,1.627,0.61,247,0
52,Female,63,2.6633,0.78,619,0
32,Male,66,10.5077,0.51,297,0
45,Male,42,5.6913,0.47,959,0
52,Female,42,16.7083,0.22,105,0
24,Other,61,0.7851,0.91,879,1
63,Male,72,7.8544,0.76,117,1
63,Male,58,7.0445,0.48,587,0
37,Female,61,0.875,0.19,305,1
49,Female,69,2.9127,0.86,68,1
55,Female,50,8.5247,0.25,93,0
57,Male,62,10.0616,0.71,118,1
49,Male,72,8.3432,0.41,124,0
43,Other,58,10.8002,0.87,269,1
56,Male,56,12.0456,0.63,695,0
37,Female,65,0.6925,0.3,312,0
35,Male,58,9.5034,0.11,78,1
32,Female,53,19.1919,0.29,264,0
39,Female,58,10.5692,0.43,85,1
39,Female,64,13.6443,0.74,644,0
38,Female,46,6.5502,0.29,256,0
19,Male,68,15.5154,0.34,321,1
57,Other,61,15.4947,0.49,107,0
60,Male,80,10.6131,0.14,114,0
35,Male,65,19.4347,0.79,228,0
40,Male,70,2.9357,0.17,276,0
30,Female,56,0.8288,0.76,755,1
58,Female,56,15.4411,0.34,272,0
26,Male,64,16.1588,0.51,845,0
24,Female,53,2.832,0.47,815,0
58,Female,44,5.6523,0.33,338,0
18,Female,46,0.8405,0.33,469,0
19,Female,50,6.1902,0.95,57,1
21,Female,47,15.499,0.37,222,0
31,Female,50,10.5484,0.26,219,0
49,Male,68,7.2531,0.33,122,0
53,Male,67,7.7117,0.73,56,1
19,Other,53,0.5263,0.38,318,0
57,Male,52,6.3161,0.25,623,0
31,Male,56,13.0413,0.47,736,0
37,Female,58,19.3994,0.21,136,0
42,Male,56,16.933,0.46,200,0
59,Female,48,0.9577,0.88,469,1
25,Female,51,17.9321,0.44,790,0
45,Other,63,15.694,0.56,186,0
63,Male,62,15.6393,0.81,115,0
38,Male,60,9.3851,0.56,890,0
40,Female,47,8.2213,0.14,841,0
49,Male,69,6.3766,0.29,71,1
25,Female,55,1.7745,0.9,898,0
48,Female,43,4.9278,0.82,189,1
54,Male,56,5.2841,0.78,881,0
33,Female,54,9.8911,0.59,228,1
57,Female,56,15.0004,0.42,269,0
59,Male,65,9.6919,0.72,280,0
44,Male,71,1.6222,0.7,889,1
57,Male,54,19.0811,0.68,318,0
58,Male,68,18.7889,0.55,916,0
35,Female,44,15.7327,0.33,91,0
52,Male,56,19.7318,0.49,330,0
32,Male,60,11.063,0.56,231,1
44,Female,43,19.1777,0.29,111,0
34,Female,60,1.9667,0.31,58,1
57,Male,87,7.5942,0.81,112,1
19,Female,71,4.8724,0.39,193,1
48,Male,64,4.2992,0.98,334,1
54,Female,70,3.2316,0.49,58,1
58,Female,59,12.5748,0.65,93,0
58,Female,42,15.6576,0.55,271,0
51,Female,46,11.719,0.54,107,1
51,Female,56,3.3511,0.9,240,1
20,Female,42,16.2358,0.18,132,0
34,Female,48,12.8375,0.41,183,0
31,Male,58,8.0304,0.36,124,0
31,Male,67,13.5781,0.39,265,0
63,Female,62,5.5422,0.92,64,1
55,Female,52,7.1967,0.16,957,0
52,Female,65,18.2992,0.36,983,0
18,Female,63,6.1358,0.76,173,1
65,Female,63,9.6178,0.31,151,0
46,Male,59,17.7687,0.85,147,0
21,Male,65,14.2298,0.4,381,0
50,Female,46,1.7067,0.2,164,0
34,Female,53,3.3577,0.57,469,0
45,Female,48,0.6521,0.56,184,1
43,Female,46,12.7399,0.14,189,0
25,Female,62,9.1849,0.75,322,1
51,Female,59,3.1049,0.23,161,1
35,Male,56,19.0839,0.29,280,1
48,Female,61,10.7754,0.61,135,0
44,Male,66,5.1927,0.9,789,0
33,Female,52,10.2117,0.12,765,0
27,Male,72,13.6846,0.84,63,1
57,Male,64,1.979,0.78,359,1
29,Male,70,5.8293,0.25,917,0
39,Male,49,16.1551,0.44,70,0
33,Male,56,9.4175,0.92,229,1
29,Other,51,11.1036,0.23,103,0
28,Male,56,8.8966,0.2,87,0
37,Female,64,1.3517,0.76,697,1
18,Female,62,3.7155,0.52,274,1
44,Male,61,9.1435,0.36,228,1
20,Male,73,4.5582,0.25,113,0
29,Male,66,1.4696,0.75,61,1
47,Female,61,16.8668,0.5,605,0
26,Male,60,19.5351,0.32,195,0
54,Male,72,15.887,0.95,74,0
18,Male,67,17.0634,0.6,384,0
59,Female,50,5.1944,0.42,139,0
21,Female,51,19.1362,0.75,198,0
32,Male,61,4.3204,0.55,184,1
44,Female,56,18.9577,0.11,56,0
25,Male,79,19.7995,0.86,321,0
40,Male,49,14.3074,0.16,261,0
32,Male,65,19.5342,0.99,326,1
44,Female,44,11.5491,0.41,217,0
48,Female,44,5.5351,0.57,168,1
56,Female,45,8.9777,0.99,336,0
64,Female,59,12.0151,0.34,101,0
25,Male,73,1.9178,0.52,696,0
47,Male,54,12.5735,0.78,634,0
59,Male,66,19.5349,0.52,75,0
35,Female,64,4.1881,0.4,509,1
21,Male,76,15.8763,0.21,147,0
64,Female,46,18.1132,0.56,221,0
60,Female,56,18.8078,0.6,739,0
39,Male,67,19.1266,0.31,68,0
20,Female,59,10.6163,0.4,103,1
32,Male,66,19.4598,0.37,132,0
52,Female,48,15.1918,0.48,242,0
64,Female,58,3.6364,0.82,129,1
55,Male,42,9.7519,0.4,199,0
50,Female,66,14.4356,0.35,115,1
31,Female,55,5.2984,0.86,218,1
65,Male,74,12.9279,0.83,92,1
18,Male,63,13.432,0.81,270,0
43,Male,72,3.6564,0.77,78,1
25,Female,56,11.4627,0.9,240,1
33,Male,65,15.4696,0.74,927,0
55,Male,66,10.1786,0.25,108,0
27,Male,78,0.7348,0.13,307,1
59,Male,67,0.6753,0.26,675,0
54,Female,57,7.4264,0.43,458,1
43,Female,50,18.4682,0.15,241,0
45,Female,61,4.9363,0.78,345,1
29,Female,50,12.8067,0.68,146,0
37,Female,61,4.8083,0.75,243,1
31,Male,77,6.7404,0.19,266,0
63,Male,57,16.952,0.4,290,0
52,Male,58,14.6399,0.51,162,0
46,Female,59,2.3507,0.64,77,1
29,Female,64,8.8168,0.82,79,1
35,Male,60,1.0659,0.98,724,1
61,Male,75,9.8293,0.17,532,0
19,Male,71,13.3512,0.68,174,0
19,Female,42,2.799,0.22,56,0
34,Female,61,6.1044,0.37,758,0
27,Male,84,8.218,0.79,58,1
35,Female,57,18.3389,0.99,196,1
39,Female,63,19.7691,0.57,78,0
36,Male,73,1.3713,0.42,201,1
18,Male,62,15.2636,0.29,265,0
41,Female,63,7.7114,0.8,759,1
53,Male,70,8.1137,0.91,343,1
42,Male,58,15.1327,0.86,423,0
53,Male,42,18.3175,0.56,208,0
48,Female,64,18.948,0.63,204,0
48,Female,59,11.6962,0.85,338,1
19,Female,50,7.4282,0.94,113,1
36,Male,50,15.7785,0.95,231,1
29,Male,73,5.3694,0.72,644,0
27,Female,52,11.443,0.27,118,0
48,Male,70,7.4564,0.38,104,1
62,Female,62,13.2386,0.34,77,1
39,Male,71,5.1637,0.26,878,0
40,Female,52,4.2169,0.33,302,0
40,Female,59,18.3138,0.88,79,1
32,Female,64,2.475,0.79,100,1
43,Male,72,10.3156,0.14,185,0
20,Female,59,4.7845,0.23,131,0
40,Male,72,1.2552,0.99,459,1
37,Female,53,1.1988,0.3,193,0
62,Male,71,3.8993,0.67,112,1
57,Female,64,17.3153,0.29,461,0
56,Male,64,5.9801,0.31,733,0
25,Female,52,18.9389,0.55,305,0
35,Female,62,11.7835,0.54,88,1
58,Male,51,8.9703,0.68,665,0
23,Female,51,11.7537,0.25,124,0
44,Male,61,10.5239,0.34,519,0
53,Other,55,15.2203,0.66,279,0
32,Female,55,5.9804,0.19,186,1
54,Other,62,7.3492,0.92,129,0
22,Male,69,17.8454,0.26,960,0
56,Male,69,18.8613,0.49,968,0
26,Female,65,17.8156,0.2,60,0
24,Female,52,8.6373,0.72,181,0
58,Male,65,15.6391,0.39,156,0
37,Male,81,9.7409,0.17,417,0
27,Male,67,10.1523,0.63,294,0
43,Female,65,4.4708,0.98,402,1
21,Female,59,11.9679,0.88,168,1
55,Male,70,4.111,0.73,116,1
41,Male,67,6.9324,0.11,86,1
31,Female,54,17.0876,0.87,113,1
58,Male,63,4.5173,0.91,225,1
18,Female,42,1.8805,0.13,789,0
34,Male,68,1.8387,0.21,126,0
62,Female,58,18.7512,0.51,354,0
41,Female,51,10.3343,0.46,868,0
44,Female,53,8.4426,0.36,872,0
24,Male,59,16.231,0.28,360,0
26,Female,60,16.715,0.59,57,0
60,Male,58,6.9445,0.79,277,1
52,Female,42,13.9562,0.94,360,1
29,Male,44,15.4598,0.37,328,0
38,Female,60,13.2002,0.73,242,1
20,Male,74,3.4409,0.81,139,1
32,Male,68,17.4921,0.53,374,0
38,Male,69,10.9584,0.93,403,1
27,Female,56,5.98,0.12,405,0
50,Other,72,8.7494,0.91,984,0
63,Male,64,1.2289,0.9,105,0
23,Male,69,2.9806,0.22,119,1
19,Male,75,15.3516,0.5,134,0
46,Male,74,0.5002,0.56,192,1
57,Female,56,8.5814,0.46,329,0
50,Male,60,10.6367,0.91,295,1
21,Female,54,1.5599,0.74,879,0
21,Female,46,19.3777,0.21,318,0
46,Female,42,4.8868,0.93,747,1
54,Female,47,6.4015,0.14,229,0
37,Male,77,6.3965,0.64,88,1
58,Male,57,4.9701,0.57,114,1
40,Female,50,0.5286,0.17,114,1
62,Male,57,14.6493,0.73,70,0
35,Male,74,19.2568,0.97,283,1
42,Female,57,4.8513,0.51,111,1
18,Female,61,13.3631,0.56,852,0
32,Male,79,14.8928,0.45,128,0
51,Female,49,16.9595,0.89,70,1
65,Male,58,8.699,0.94,896,0
37,Female,66,6.3769,0.46,193,1
54,Male,66,6.8107,0.9,357,1
44,Female,62,14.3249,0.28,163,0
39,Female,69,16.3455,0.51,58,1
22,Male,59,4.0233,0.33,313,0
51,Female,49,7.6963,0.3,266,0
56,Female,55,17.9976,0.87,61,0
20,Female,42,16.1499,0.74,353,0
34,Male,46,19.6063,0.16,939,0
41,Female,54,15.1324,0.78,67,1
41,Female,56,8.128,0.62,568,0
20,Male,64,11.9584,0.81,116,0
62,Female,42,13.3237,0.63,936,0
24,Male,59,2.022,0.44,977,1
42,Male,57,11.0632,0.55,86,1
20,Male,47,14.2608,0.23,559,0
32,Female,53,3.746,0.38,250,0
46,Female,53,15.6443,0.12,111,0
46,Male,64,11.8252,0.47,272,0
27,Female,57,18.9731,0.18,907,0
49,Female,53,1.323,0.69,847,1
40,Female,42,5.6473,0.92,299,1
56,Male,76,12.1701,0.77,135,0
26,Female,51,6.2533,0.29,89,1
54,Female,45,14.3598,0.56,175,0
57,Female,51,15.2247,0.74,315,0
31,Male,57,2.4888,0.83,255,1
21,Male,70,10.4688,0.35,222,0
37,Male,81,10.3725,0.53,903,0
45,Female,52,7.664,0.19,291,0
31,Male,59,18.5987,0.75,377,0
61,Female,48,16.5536,0.49,270,0
51,Male,79,14.0259,0.14,974,0
30,Male,70,14.3579,0.58,69,1
48,Male,74,9.4573,0.81,163,1
50,Female,62,18.3673,0.14,327,0
56,Female,52,13.9752,0.46,943,0
45,Female,56,14.6422,0.53,88,1
42,Female,46,17.2168,0.99,142,0
49,Male,58,5.817,0.3,263,0
26,Female,60,16.1572,0.84,347,1
45,Male,62,4.2877,0.23,323,0
48,Female,60,7.1996,0.97,348,1
34,Male,64,7.0108,0.38,128,1
40,Female,53,19.4834,0.23,80,0
30,Male,71,17.1168,0.44,72,1
27,Male,61,14.1027,0.11,441,0
33,Male,72,14.6049,0.2,332,0
23,Male,75,11.4042,0.55,305,0
65,Male,69,18.8736,0.95,312,0
28,Female,63,10.1274,0.5,108,1
20,Female,58,7.882,0.69,270,0
45,Male,69,3.6629,0.74,83,1
58,Male,71,15.7524,0.13,813,0
32,Male,79,14.7482,0.39,418,0
30,Female,49,7.9565,0.99,791,1
59,Male,79,0.9888,0.11,302,0
62,Female,42,16.7765,0.52,229,0
34,Male,61,0.7215,0.85,861,1
24,Male,75,14.1518,0.36,159,1
45,Male,56,19.323,0.99,261,0
55,Male,82,8.9906,0.54,203,0
30,Male,77,5.0585,0.92,235,1
34,Male,66,14.1745,0.58,132,0
32,Male,76,16.3523,0.46,172,0
53,Female,52,11.1007,0.74,199,1
45,Male,53,19.2605,0.96,950,0
32,Male,58,1.5024,0.44,214,1
63,Male,68,10.293,0.88,158,0
28,Female,52,14.438,0.69,91,0
48,Female,57,17.2352,0.44,611,0
21,Female,48,3.9776,0.15,240,0
52,Male,54,16.0201,0.38,184,0
51,Male,60,11.2225,0.85,931,0
44,Male,72,8.1931,0.19,159,0
27,Female,56,3.0553,0.61,293,1
47,Female,57,17.2867,0.56,62,0
62,Female,51,3.5511,0.7,463,0
37,Female,56,6.5099,0.95,104,1
46,Male,63,6.1269,0.78,88,1
46,Male,69,17.4054,0.56,254,0
40,Male,65,13.5504,0.85,241,1
38,Male,64,15.9556,0.73,331,0
65,Female,53,5.3591,0.91,171,1
60,Male,73,12.6226,0.75,403,0
27,Other,63,11.5919,0.78,694,0
58,Female,48,16.6569,0.18,187,0
29,Male,75,18.0781,0.1,113,0
47,Male,58,0.7358,0.96,357,1
50,Female,62,13.576,0.33,186,0
35,Male,46,1.5056,0.25,122,0
31,Male,71,11.1479,0.24,90,0
39,Male,72,6.0801,0.76,239,1
38,Male,62,6.4515,0.14,932,0
18,Female,55,7.3474,0.69,219,1
60,Male,64,12.5531,0.61,301,0
32,Female,62,6.9806,0.23,128,0
53,Female,44,14.7144,0.22,301,0
64,Male,75,8.3478,0.22,327,0
39,Female,62,1.8261,0.33,71,1
49,Male,55,15.7049,0.68,135,1
63,Female,50,6.0437,0.29,131,0
50,Male,74,8.8957,0.69,221,0
58,Male,78,13.7976,0.97,267,0
56,Male,74,6.9496,0.88,92,1
40,Female,60,1.5978,0.82,150,1
60,Male,67,7.7541,0.95,341,0
19,Male,59,18.8223,0.65,99,1
19,Male,76,12.9496,0.79,250,0
55,Male,77,13.5267,0.8,140,1
46,Female,45,12.7663,0.98,883,0
63,Female,42,4.3604,0.68,479,0
20,Female,61,8.6157,0.35,80,1
56,Male,68,15.0682,0.28,190,0
24,Male,65,2.4666,0.38,316,0
53,Female,42,5.8903,0.79,673,0
46,Female,46,5.8606,0.69,89,1
54,Male,73,8.8812,0.3,332,1
53,Female,64,19.5192,0.87,267,1
40,Female,58,1.8095,0.98,285,1
62,Male,73,10.5628,0.78,84,0
33,Female,65,3.9797,0.16,656,0
65,Male,58,19.3311,0.66,284,0
48,Female,56,2.6981,0.94,177,1
51,Female,56,8.3299,0.38,264,1
18,Male,56,14.815,0.63,77,0
35,Male,67,14.1684,0.3,339,1
57,Other,75,8.7009,0.89,342,1
60,Female,52,7.2226,0.88,89,1
32,Male,65,8.2137,0.43,279,0
65,Female,56,5.627,0.41,181,0
34,Female,50,4.4835,0.1,215,0
61,Male,64,9.871,0.39,231,0
27,Male,77,5.7096,0.8,239,1
37,Female,57,6.0768,0.13,206,0
23,Male,69,13.2411,0.28,268,0
25,Male,61,19.2896,0.76,63,1
62,Female,52,12.2106,0.68,280,0
51,Female,49,1.9934,0.99,807,0
49,Male,64,1.9663,0.45,63,1
59,Male,70,18.9576,0.22,66,0
21,Female,64,6.2674,0.7,211,1
61,Female,47,2.2861,0.17,111,0
56,Female,42,12.1215,0.21,151,0
37,Male,64,12.5988,0.61,183,0
41,Female,66,13.081,0.52,991,0
41,Female,57,5.6876,0.34,94,1
43,Male,48,0.7931,0.53,665,1
42,Male,78,19.2213,0.88,258,0
53,Female,68,5.3673,0.75,247,1
24,Male,66,13.6149,0.51,193,0
27,Male,68,14.2086,0.38,118,0
64,Male,69,12.3341,0.62,58,0
29,Male,77,6.5704,0.1,296,0
18,Male,61,5.7593,0.76,93,0
42,Male,79,12.0948,0.82,998,0
33,Female,58,17.3023,0.21,341,0
22,Female,43,18.8666,0.46,309,0
36,Female,64,2.5546,0.23,179,1
21,Male,76,3.5037,0.95,715,1
23,Female,46,18.8279,0.84,734,0
43,Male,45,14.7888,0.12,121,0
56,Female,68,17.6301,0.97,208,0
56,Female,68,4.4311,0.23,69,1
26,Female,50,11.8992,0.18,62,0
62,Female,66,14.1021,0.13,75,0
31,Female,42,13.6942,0.81,87,0
65,Female,60,8.4181,0.93,720,0
26,Male,68,0.7987,0.19,542,0
32,Male,74,11.8088,0.98,315,1
54,Female,55,5.4102,0.38,289,0
37,Male,64,9.2349,0.71,195,1
25,Female,49,19.0771,0.99,60,1
49,Male,72,8.2413,0.11,889,0
64,Male,58,16.7922,0.59,285,0
38,Female,52,4.1577,0.69,351,1
58,Male,63,13.5457,0.43,117,0
36,Female,56,19.4539,0.2,740,0
46,Female,66,2.4767,0.66,317,1
48,Female,56,0.6614,0.14,300,1
23,Female,69,8.9115,0.93,108,1
21,Male,61,2.2969,0.52,346,1
60,Male,61,15.0187,0.92,247,0
46,Male,78,18.2422,0.85,140,0
59,Male,69,8.92,0.1,854,0
20,Female,55,5.519,0.51,400,0
18,Female,47,8.9274,0.9,280,1
61,Female,63,14.5349,0.43,182,0
32,Female,52,0.6757,0.39,650,0
64,Male,59,11.9354,0.72,113,0
38,Female,42,12.3979,0.73,83,1
63,Female,52,12.8712,0.68,119,0
48,Male,59,5.1952,0.43,70,1
24,Female,60,14.3526,0.16,275,0
34,Female,58,2.273,0.93,110,1
36,Male,66,4.3658,0.39,170,0
56,Female,57,17.5229,0.82,207,1
20,Male,77,14.8312,0.42,242,0
47,Male,61,0.7667,0.55,357,0
52,Female,44,5.3185,0.44,801,0
46,Female,53,4.6595,0.17,181,0
31,Female,54,5.7536,0.4,341,0
52,Female,42,5.3027,0.96,276,1
45,Female,47,1.713,0.2,83,0
47,Female,68,9.4034,0.6,364,1
43,Male,58,14.715,0.97,463,0
24,Male,52,12.2706,0.12,79,0
56,Male,72,13.5537,0.16,272,0
48,Female,45,2.0743,0.92,100,1
22,Female,57,18.9589,0.76,633,0
52,Male,71,16.7667,0.59,306,0
64,Female,46,16.1188,0.58,167,0
31,Female,63,16.4659,0.98,137,1
53,Male,69,18.5946,0.12,364,0
44,Male,74,11.0585,0.34,142,0
41,Male,62,4.3855,0.39,174,1
57,Male,60,12.4656,0.21,161,0
46,Female,48,14.9119,0.42,250,0
62,Female,54,14.8156,0.43,318,0
39,Female,49,10.6161,0.96,222,1
25,Male,76,1.8281,0.5,99,1
32,Female,58,7.6996,0.94,130,1
22,Male,68,18.3629,0.83,730,0
21,Female,52,11.8383,0.76,207,1
28,Male,69,10.9436,0.4,101,1
35,Female,51,5.7158,0.48,233,0
59,Female,42,7.6479,0.14,144,0
47,Female,60,17.8697,0.44,211,0
32,Male,63,13.4294,0.88,323,0
23,Male,57,15.7753,0.8,206,0
33,Male,67,9.3143,0.83,84,1
64,Male,67,12.7268,0.3,74,0
57,Female,55,5.3186,0.29,60,1
26,Male,66,14.1859,0.7,329,1
60,Other,56,8.7955,0.69,90,1
51,Female,57,9.0854,0.28,65,0
44,Male,62,13.0969,0.75,70,1
30,Female,65,18.6638,0.44,530,0
53,Male,78,1.7417,0.9,155,1
44,Male,64,16.5,0.43,176,0
26,Male,80,6.1722,0.31,425,0
22,Female,57,9.112,0.28,103,0
39,Female,61,0.9251,0.91,139,1
48,Female,52,6.3403,0.87,94,1
20,Male,65,10.251,0.48,398,0
47,Female,47,1.5898,0.32,102,1
38,Male,71,10.0273,0.36,67,1
52,Male,67,18.4859,0.45,192,0
23,Male,62,2.5446,0.14,392,0
45,Male,57,15.3302,0.16,117,0
49,Female,48,8.4476,0.93,148,1
59,Male,70,13.2104,0.79,324,1
54,Other,57,5.5486,0.83,597,0
42,Male,59,3.5941,0.53,338,1
49,Female,51,3.613,0.43,230,0
52,Male,70,1.8675,0.18,240,0
39,Male,57,4.1015,0.6,168,1
41,Female,62,13.3859,0.77,61,1
56,Female,51,17.6048,0.28,253,0
47,Female,53,16.294,0.45,779,0
49,Female,52,13.7916,0.93,151,1
48,Female,50,2.6424,0.86,728,1
40,Female,63,6.1102,0.82,162,1
57,Female,44,6.5103,0.14,227,0
50,Male,80,5.3492,0.25,147,0
42,Female,48,10.4911,0.38,164,1
53,Female,58,10.8897,0.37,184,0
41,Male,56,7.4236,0.22,89,0
48,Female,62,7.3635,0.36,173,0
56,Male,64,16.574,0.49,95,0
63,Female,55,15.8123,0.14,162,0
30,Male,68,6.4712,0.46,598,0
27,Male,58,18.2275,0.55,856,0
40,Male,67,18.9846,0.14,149,0
35,Female,59,6.8388,0.71,329,1
49,Male,71,7.3758,0.17,340,0
50,Female,57,10.3093,0.68,289,1
53,Female,51,18.7577,0.99,285,0
45,Male,53,17.5006,0.15,206,0
33,Other,58,2.4898,0.34,490,0
33,Male,49,8.119,0.22,185,0
35,Female,49,11.2354,0.43,69,1
25,Male,70,10.2608,0.85,353,1
59,Male,73,4.2609,0.94,134,1
33,Male,56,17.161,0.86,83,0
28,Female,61,13.6327,0.72,816,0
23,Female,52,16.7554,0.75,959,0
18,Male,66,17.16,0.21,388,0
29,Male,56,15.0181,0.32,781,0
55,Other,59,9.0207,0.43,717,0
45,Male,53,12.3446,0.15,437,0
62,Female,54,3.6111,0.84,204,1
34,Female,54,13.5687,0.33,108,1
18,Male,81,3.9775,0.15,80,1
49,Female,61,13.9626,0.17,90,0
25,Female,44,4.9542,0.97,187,1
57,Male,71,2.7805,0.92,391,1
60,Female,46,3.7065,0.96,163,1
63,Female,42,0.5386,0.96,204,1
41,Male,70,14.4435,0.82,108,1
27,Male,66,14.7086,0.35,112,0
64,Female,54,10.4897,0.39,298,0
56,Male,71,3.6304,0.46,90,1
56,Male,68,2.121,0.81,109,1
27,Female,47,0.8711,0.93,285,1
53,Female,51,3.7155,0.5,160,0
42,Other,68,17.7826,0.37,83,0
27,Male,64,5.1858,0.32,362,0
36,Female,43,7.3729,0.33,163,0
63,Female,55,2.5437,0.11,104,1
62,Other,57,4.8138,0.31,343,0
32,Female,59,10.573,0.37,211,0
33,Other,69,12.2904,0.8,56,1
19,Female,44,5.2598,0.59,578,0
46,Male,58,1.62,0.4,297,1
21,Female,52,8.086,0.64,341,0
46,Male,62,5.0435,0.81,822,0
48,Female,48,4.7593,0.65,836,0
34,Other,51,19.1213,0.16,89,0
27,Male,64,12.4562,0.32,736,0
44,Female,48,11.3034,0.36,881,0
58,Female,56,8.566,0.43,75,0
32,Male,60,8.8215,0.12,206,0
61,Male,66,10.9936,0.77,102,0
48,Male,49,14.0107,0.52,279,0
38,Male,62,14.1216,0.91,183,0
58,Female,50,3.8309,0.57,342,0
63,Female,44,10.2022,0.99,517,0
62,Male,78,8.492,0.73,687,1
43,Other,48,17.3882,0.9,658,0
55,Female,62,12.7495,0.98,265,1
53,Female,62,10.8306,0.52,87,1
34,Male,61,2.7387,0.67,812,1
20,Female,55,12.2494,0.92,103,1
31,Male,68,2.7738,0.62,325,1
30,Female,55,7.0418,0.15,631,0
58,Female,56,3.2711,0.73,80,1
44,Male,65,13.9262,0.94,195,0
18,Female,42,4.5013,0.8,123,1
34,Female,50,8.1021,0.81,135,1
65,Male,65,17.8761,0.17,194,0
51,Female,57,4.4637,0.76,106,1
31,Male,69,10.3514,0.13,113,1
34,Female,53,8.6339,0.94,513,0
20,Female,57,0.8516,0.92,295,1
51,Male,60,15.8795,0.98,185,0
57,Other,52,1.8395,0.37,73,1
42,Male,61,9.7005,0.59,255,0
19,Male,79,11.3772,0.62,879,1
51,Female,67,12.6915,0.6,140,0
43,Female,54,13.8595,0.47,145,1
48,Female,50,5.4135,0.99,87,1
26,Female,54,0.6936,0.9,282,1
47,Male,70,14.5348,0.65,903,0
37,Male,66,10.8917,0.68,393,0
38,Male,69,16.7207,0.74,149,1
46,Female,47,16.4349,0.64,469,0
42,Male,59,16.8605,0.74,90,0
55,Male,49,9.9108,0.83,132,0
61,Male,61,6.9724,0.98,58,1
42,Male,60,15.8562,0.86,290,0
26,Female,45,9.2551,0.22,118,1
56,Female,53,4.0588,0.59,916,0
61,Male,66,17.0865,0.67,287,0
43,Male,69,17.6217,0.34,89,0
54,Female,47,9.5464,0.53,260,0
33,Male,71,1.9686,0.94,180,0
54,Female,54,8.0238,0.33,101,0
29,Female,62,16.0886,0.39,73,0
41,Male,65,17.9944,0.92,242,1
43,Other,55,4.4474,0.18,114,1
37,Male,71,1.7993,0.89,336,1
26,Male,52,17.5206,0.37,345,0
40,Male,63,8.0545,0.55,260,0
56,Other,49,11.0102,0.68,155,0
46,Female,49,19.2805,0.68,654,0
48,Male,60,1.7914,0.98,308,1
36,Female,43,13.0774,0.13,305,1
37,Female,67,1.9376,0.73,204,1
40,Male,49,7.7841,0.86,73,1
60,Female,58,16.094,0.63,98,0
44,Female,49,8.9094,0.98,340,1
47,Female,43,19.8453,0.48,209,0
38,Male,59,11.3458,0.77,204,0
61,Male,61,6.7305,0.72,710,0
52,Female,55,4.7702,0.13,195,0
24,Female,54,7.3001,0.6,544,1
39,Female,49,7.7271,0.33,578,0
27,Female,55,1.833,0.58,95,1
40,Female,61,7.6697,0.9,844,0
32,Female,53,9.5062,0.67,85,1
47,Male,57,14.5211,0.63,777,0
51,Male,55,13.2406,0.71,127,0
30,Male,58,14.2501,0.58,338,0
21,Male,72,0.6623,0.5,348,1
35,Female,64,4.7227,0.44,173,1
40,Female,52,13.3367,0.73,255,1
50,Male,68,9.8894,0.8,607,0
51,Female,49,0.6031,0.48,670,0
51,Female,60,16.1072,0.14,148,0
53,Female,52,15.4925,0.59,132,0
52,Female,56,11.1393,0.62,103,1
34,Male,61,1.7894,0.53,820,1
45,Male,50,15.3704,0.42,206,0
31,Female,56,11.824,0.91,698,0
51,Female,61,15.67,0.53,326,0
65,Female,44,15.0839,0.82,335,0
28,Male,81,16.0782,0.67,76,1
30,Male,63,10.5494,0.81,119,1
50,Other,56,3.2223,0.89,193,1
19,Female,63,13.5205,0.32,157,0
51,Female,55,12.5372,0.85,188,1
46,Female,54,14.8997,0.75,100,0
54,Female,58,3.7957,0.6,342,0
21,Female,48,4.2825,0.59,287,0
29,Male,60,17.7739,0.38,248,0
43,Female,55,15.0496,0.59,91,1
45,Female,55,18.1196,0.45,232,0
20,Female,61,15.2191,0.9,89,1
37,Female,51,12.0848,0.62,100,1
27,Male,74,13.1902,0.37,789,0
35,Female,50,17.7491,0.23,86,0
44,Male,64,11.7289,0.72,619,0
48,Male,74,12.7684,0.7,832,0
44,Female,54,3.5356,0.42,320,1
59,Male,51,9.6941,0.25,283,0
18,Female,56,14.3981,0.74,126,1
23,Male,72,5.7563,0.34,211,1
28,Male,72,4.4237,0.88,129,1
51,Male,64,6.5882,0.75,112,1
56,Male,71,5.1851,0.9,193,1
37,Female,61,4.6693,0.99,945,1
38,Female,63,8.7421,0.41,109,1
38,Female,55,18.1121,0.55,209,0
35,Male,52,10.337,0.46,217,0
38,Female,50,4.1457,0.17,89,1
36,Female,50,1.9933,0.46,77,1
21,Male,58,14.0054,0.5,261,0
30,Female,55,7.9263,0.26,329,0
35,Female,59,16.4435,0.89,248,1
46,Male,68,13.2945,0.36,264,0
42,Female,51,15.9471,0.78,168,0
30,Male,58,5.7758,0.17,436,0
44,Male,69,13.9318,0.13,74,0
36,Male,68,5.6228,0.99,263,1
18,Female,47,18.7179,0.21,83,0
55,Male,66,12.8457,0.79,72,1
36,Male,68,6.7955,0.64,234,0
18,Female,52,5.7285,0.51,140,0
57,Female,48,4.204,0.13,791,0
34,Female,42,13.976,0.4,306,0
38,Male,60,4.7431,0.91,295,1
39,Female,49,12.0489,0.91,74,1
32,Male,55,5.6339,0.64,320,1
56,Female,65,13.3422,0.62,331,0
65,Female,46,16.3098,0.48,297,0
56,Female,44,15.5937,0.8,257,0
49,Female,53,15.2605,0.89,171,0
21,Female,51,4.1418,0.75,99,1
61,Female,50,2.2147,0.57,315,0
62,Male,63,14.0596,0.67,277,0
49,Male,72,7.6459,0.3,98,1
21,Female,65,8.8875,0.99,78,1
18,Male,55,1.1043,0.94,832,1
50,Female,60,5.5358,0.96,874,1
24,Female,65,1.1533,0.25,102,1
26,Male,70,17.5562,0.69,179,0
18,Female,57,5.2219,0.69,255,1
33,Female,53,11.3123,0.42,458,0
35,Female,42,1.2562,0.88,850,1
64,Male,77,13.4368,0.8,188,1
23,Female,54,6.7667,0.75,107,1
19,Male,63,17.9196,0.13,164,0
26,Female,43,17.7295,0.99,168,1
21,Female,58,6.8106,0.75,734,0
62,Male,71,17.9786,0.97,181,0
40,Female,58,19.8255,0.18,286,0
60,Male,62,16.5131,0.72,324,0
62,Female,48,16.8905,0.77,75,0
60,Female,42,5.3308,0.16,347,0
25,Male,81,11.688,0.16,72,0
56,Male,58,1.8048,0.79,172,1
42,Female,55,2.3414,0.82,292,1
33,Male,63,19.8785,0.92,919,0
52,Male,88,6.8368,0.79,971,0
34,Male,65,15.0148,0.32,58,0
35,Male,76,16.1493,0.97,86,1
44,Female,44,17.1457,0.34,172,0
32,Female,45,19.854,0.75,128,0
34,Male,65,5.185,0.58,462,0
60,Male,70,1.2828,0.21,194,0
22,Male,76,8.4771,0.93,406,1
33,Female,47,3.0236,0.63,212,1
32,Female,59,0.9351,0.18,243,1
59,Female,56,7.4923,0.45,72,0
63,Female,52,15.7045,0.79,700,0
51,Female,59,11.4839,0.66,180,1
65,Female,56,6.5679,0.3,396,0
36,Male,69,13.1942,0.61,243,0
25,Other,62,5.0012,0.38,77,1
64,Female,59,0.779,0.57,214,1
27,Male,76,15.3285,0.39,114,0
22,Female,53,12.6006,0.55,211,0
65,Female,67,15.2887,0.86,203,0
43,Female,49,1.2554,0.29,134,0
39,Male,72,16.7401,0.1,262,0
61,Female,44,12.5188,0.24,172,0
40,Male,88,11.4299,0.86,93,1
30,Female,54,12.6175,0.47,328,0
26,Female,55,17.27,0.77,425,0
37,Female,49,11.8866,0.13,189,0
45,Female,70,11.7704,0.23,228,1
61,Female,65,19.7192,0.61,75,0
54,Male,52,15.1806,0.75,338,0
41,Female,53,9.0805,0.81,206,0
61,Female,54,14.2235,0.68,312,0
50,Male,52,8.0511,0.78,292,1
37,Male,79,4.9402,0.25,126,0
65,Female,42,12.0789,0.69,292,0
47,Male,63,18.5067,0.48,158,0
61,Female,65,18.5253,0.92,117,0
26,Male,67,7.133,0.65,169,0
62,Male,72,10.7369,0.59,60,0
34,Female,58,4.6057,0.62,798,1
53,Female,53,19.8152,0.85,168,0
31,Female,60,19.5337,0.11,287,0
36,Female,45,13.1005,0.87,758,0
24,Female,51,16.1056,0.13,847,0
20,Female,42,14.3729,0.62,201,0
50,Male,53,12.0073,0.55,685,0
61,Male,78,1.535,0.43,119,0
49,Male,76,9.3224,0.22,718,0
64,Male,80,13.5909,0.21,333,0
28,Male,64,13.6441,0.77,249,0
59,Male,76,7.7386,0.2,231,0
19,Other,56,18.7688,0.72,439,0
43,Male,70,3.7467,0.99,108,1
21,Male,74,10.207,0.71,215,0
34,Female,57,13.9031,0.17,270,0
34,Male,75,14.0244,0.59,240,0
45,Male,63,13.0836,0.85,351,0
47,Male,64,5.8406,0.96,357,1
57,Male,63,3.5304,0.75,137,1
40,Male,79,12.8372,0.38,114,0
63,Male,61,12.1265,0.33,207,0
41,Female,54,3.9795,0.81,187,1
46,Male,57,14.1797,0.78,974,0
21,Male,62,9.3303,0.54,357,0
55,Female,47,13.4546,0.18,74,0
46,Male,71,16.7449,0.7,213,0
36,Male,58,3.7927,0.63,168,1
44,Female,57,0.8714,0.11,92,0
46,Female,57,15.6146,0.68,278,0
53,Female,51,12.3281,0.22,82,0
52,Male,66,14.073,0.84,199,0
23,Other,71,16.7602,0.71,246,0
40,Male,66,16.0745,0.15,172,0
56,Male,60,19.1419,0.58,544,0
63,Female,58,10.8971,0.82,152,0
61,Female,61,9.9768,0.85,177,0
65,Male,82,8.2966,0.18,713,0
25,Female,61,3.4816,0.17,96,1
19,Female,49,11.6086,0.8,86,1
30,Male,78,5.874,0.31,244,0
57,Female,53,18.3734,0.63,180,1
38,Male,62,11.8139,0.65,243,1
48,Male,78,12.0011,0.67,329,0
65,Male,67,7.3855,0.4,56,0
53,Female,66,1.5086,0.14,185,1
65,Male,72,1.1158,0.58,298,0
55,Female,58,8.7127,0.56,115,1
44,Other,65,2.1406,0.49,149,1
53,Female,60,12.2728,0.35,144,0
65,Male,44,17.5909,0.86,538,0
40,Male,65,17.6285,0.43,110,0
38,Male,62,13.2855,0.21,239,0
30,Female,52,4.5979,0.78,207,1
54,Other,57,17.2421,0.67,951,0
64,Female,52,17.6902,0.38,819,0
43,Female,53,4.3151,0.24,658,0
57,Male,62,14.8061,0.5,346,0
24,Female,51,6.0585,0.16,129,0
63,Male,67,16.0712,0.3,311,0
56,Male,76,19.8464,0.97,359,0
39,Female,59,1.0825,0.24,213,1
56,Female,52,17.9089,0.35,57,0
40,Male,75,12.579,0.23,307,0
47,Male,78,19.3836,0.92,712,0
35,Male,67,9.5212,0.93,218,1
59,Female,65,16.9393,0.15,207,0
35,Male,60,1.7104,0.91,77,1
63,Female,51,7.0044,0.23,106,1
27,Male,75,1.8001,0.46,72,1
56,Female,42,19.4217,0.63,90,0
47,Male,74,16.3493,0.52,107,0
43,Male,58,17.0394,0.22,351,0
24,Female,68,18.6965,0.81,218,0
24,Female,55,2.151,0.72,111,1
22,Male,78,7.9806,0.95,492,0
18,Female,56,1.8781,0.42,642,0
63,Female,70,4.5894,0.49,274,0
35,Male,65,4.9497,0.41,170,1
30,Male,75,9.6007,0.16,84,0
42,Male,72,5.7101,0.15,198,0
57,Female,47,2.459,0.79,848,1
25,Male,48,3.7493,0.36,284,0
27,Male,43,3.3571,0.54,346,1
49,Female,67,19.3777,0.98,63,0
34,Female,62,15.2303,0.12,276,0
55,Male,60,19.2746,0.57,62,0
32,Male,63,9.031,0.57,294,1
32,Female,59,5.9003,0.99,199,1
65,Male,66,15.9869,0.85,188,0
57,Male,71,6.8293,0.16,57,0
37,Female,50,6.308,0.24,432,0
32,Female,48,5.0106,0.13,161,0
52,Female,50,3.0158,0.28,237,0
23,Male,54,5.4754,0.29,140,0
47,Female,51,7.3932,0.18,565,0
25,Male,49,13.5755,0.57,66,0
48,Male,61,1.7138,0.98,403,1
65,Female,59,4.5838,0.82,98,0
64,Female,48,16.1951,0.28,57,0
49,Male,66,3.3503,0.8,154,1
62,Male,65,7.1473,0.98,742,0
32,Male,66,17.2744,0.85,96,1
35,Female,64,3.5056,0.52,293,1
30,Female,58,2.1051,0.34,174,1
41,Male,68,9.9,0.77,105,1
57,Male,75,6.3669,0.81,866,0
31,Male,50,11.4301,0.37,301,0
45,Male,71,16.0938,0.3,639,0
28,Female,48,3.1607,0.7,230,0
23,Female,48,11.7656,0.9,248,0
42,Male,66,10.3069,0.12,182,0
18,Male,69,3.2951,0.99,302,1
42,Male,70,12.6056,0.27,205,0
19,Male,56,5.8086,0.41,196,0
49,Male,80,9.964,0.15,241,0
30,Female,62,2.0961,0.15,654,0
50,Male,59,9.4159,0.35,134,0
49,Male,54,6.4454,0.61,107,1
41,Female,63,16.4542,0.91,471,1
44,Male,52,1.6054,0.16,256,0
21,Female,47,8.621,0.59,188,0
41,Female,48,9.3936,0.47,178,1
40,Female,58,14.5651,0.99,270,0
46,Male,55,11.6412,0.27,496,0
51,Female,54,13.4439,0.43,232,0
38,Male,66,15.5748,0.13,58,1
47,Female,59,17.2267,0.92,258,1
43,Female,52,6.5892,0.66,67,1
37,Male,63,10.9376,0.63,191,0
33,Male,79,16.7981,0.14,113,0
20,Female,60,19.6954,0.19,345,0
54,Female,51,17.7567,0.81,696,0
57,Female,54,7.7065,0.59,225,1
61,Female,62,4.2862,0.28,364,0
42,Female,47,9.9942,0.59,278,1
40,Female,53,14.8878,0.97,80,1
61,Male,71,10.0558,0.19,67,0
18,Male,65,9.8737,0.97,124,1
50,Female,63,16.7617,0.8,246,0
32,Male,71,7.5112,0.23,893,0
34,Female,56,17.18,0.83,201,0
51,Male,64,8.392,0.77,709,0
34,Female,58,6.8677,0.62,597,0
58,Male,56,9.3074,0.8,209,1
61,Male,60,15.2915,0.23,797,0
21,Male,75,2.9444,0.75,329,1
30,Male,46,4.3105,0.68,58,0
21,Female,51,18.958,0.36,93,0
24,Female,42,3.9045,0.72,119,1
63,Female,47,11.5139,0.71,621,0
26,Male,68,11.7387,0.32,353,0
40,Male,70,9.9987,0.23,296,0
50,Male,68,13.0081,0.43,184,0
50,Male,65,4.9586,0.46,251,1
37,Male,61,11.2216,0.84,60,0
21,Male,79,7.7202,0.49,389,0
18,Female,67,13.3363,0.76,382,0
59,Female,58,3.2397,0.52,241,0
51,Female,64,11.575,0.16,68,0
44,Female,50,4.0942,0.69,99,1
38,Female,48,5.9057,0.91,240,1
41,Female,47,4.743,0.57,348,1
32,Male,67,4.0471,0.73,970,0
52,Male,60,16.5188,0.8,93,1
42,Female,63,6.0427,0.52,139,1
26,Female,51,18.4862,0.32,177,0
34,Female,60,19.3166,0.87,159,1
38,Female,44,11.5825,0.85,109,1
30,Male,72,3.2742,0.87,564,1
20,Male,83,7.7662,0.84,260,1
21,Male,60,15.976,0.22,338,0
21,Other,44,7.6274,0.47,114,0
60,Female,47,2.1881,0.27,592,0
45,Female,54,11.3016,0.24,116,1
24,Male,69,16.8953,0.8,165,0
43,Male,79,15.941,0.53,262,0
28,Male,72,3.8974,0.18,82,0
41,Female,42,13.5516,0.47,71,0
60,Male,54,4.7778,0.99,992,1
27,Male,69,4.7332,0.29,62,1
54,Male,61,17.457,0.46,142,0
30,Female,53,5.3436,0.64,220,1
61,Female,53,5.607,0.28,186,0
59,Female,59,0.5127,0.97,119,1
56,Male,59,17.391,0.67,107,0
36,Male,67,15.8763,0.31,325,0
36,Male,58,12.6702,0.5,185,0
29,Female,54,15.0552,0.42,811,0
39,Female,49,3.4497,0.21,260,0
64,Female,48,9.3915,0.36,843,0
54,Male,82,7.3137,0.6,112,1
47,Female,50,2.3193,0.18,338,0
63,Female,61,9.9309,0.14,93,0
29,Male,73,18.3623,0.59,115,0
46,Male,56,1.2771,0.49,188,1
38,Female,55,6.1543,0.27,308,0
28,Female,53,4.5263,0.74,272,1
54,Other,59,5.12,0.18,322,0
65,Female,68,18.1236,0.34,196,0
35,Male,57,9.5805,0.19,657,0
61,Female,57,9.5462,0.75,70,0
44,Male,53,15.2552,0.67,76,0
54,Female,53,3.4971,0.27,232,1
65,Female,47,9.9529,0.6,175,0
29,Female,42,8.8417,0.73,231,0
40,Female,42,12.0801,0.13,362,0
51,Female,59,19.8914,0.7,421,0
55,Female,57,15.4273,0.38,274,0
40,Male,70,8.2186,0.22,145,0
42,Male,68,16.5545,0.84,134,1
21,Female,54,3.8117,0.65,776,0
47,Other,57,1.091,0.59,253,1
47,Male,63,4.4663,0.85,187,1
30,Male,58,7.104,0.34,251,0
59,Male,71,10.4053,0.11,96,0
31,Female,62,12.4335,0.95,196,1
64,Female,42,18.1658,0.34,109,0
25,Female,55,10.3912,0.67,59,1
41,Other,63,10.2247,0.98,561,0
35,Female,58,1.4747,0.31,75,1
52,Male,52,1.1773,0.99,159,1
42,Female,51,11.1925,0.58,250,0
34,Female,59,9.0007,0.96,288,1
49,Other,62,16.7801,0.18,65,0
41,Male,81,3.6172,0.58,152,1
24,Male,54,0.9845,0.95,406,1
30,Male,64,9.2114,0.24,358,0
44,Female,46,5.1071,0.35,179,0
65,Male,59,1.4625,0.29,183,0
22,Female,64,14.5572,0.97,71,1
53,Female,42,2.6649,0.34,350,1
43,Male,71,12.3014,0.21,65,0
59,Female,55,5.9524,0.82,254,0
62,Female,49,3.8658,0.56,780,0
48,Female,63,7.8672,0.63,195,1
27,Male,56,16.048,0.65,169,0
63,Male,83,8.1066,0.65,86,1
43,Female,52,15.0649,0.51,966,0
39,Male,69,2.9344,0.98,294,1
29,Female,55,15.4918,0.26,612,0
49,Other,69,5.0965,0.96,75,1
44,Female,53,13.6414,0.36,722,0
50,Male,50,11.4762,0.27,177,0
37,Male,67,18.5254,0.66,69,0
56,Female,54,8.0141,0.9,878,0
58,Female,45,1.7836,0.43,109,1
57,Male,77,0.8716,0.17,171,0
30,Male,50,16.5411,0.58,603,0
31,Female,55,10.6799,0.99,103,1
61,Male,73,15.5397,0.45,167,0
57,Male,61,5.0479,0.12,146,0
39,Male,69,7.1946,0.55,280,1
35,Male,69,1.084,0.45,427,0
65,Male,73,19.153,0.16,292,0
46,Male,59,13.4566,0.89,330,0
60,Male,42,18.6042,0.66,980,0
33,Female,52,5.6506,0.24,634,0
63,Female,61,12.3624,0.93,62,1
52,Male,73,13.6629,0.62,59,0
51,Female,52,6.6605,0.72,228,0
20,Male,62,16.9533,0.63,851,0
21,Male,71,18.8749,0.98,98,0
22,Male,49,17.6662,0.9,721,0
27,Female,48,14.8379,0.11,650,0
46,Male,69,5.8828,0.11,71,0
49,Male,67,5.9634,0.54,244,0
48,Female,57,19.1892,0.38,198,0
19,Female,50,0.6995,0.58,158,1
29,Female,55,14.3914,0.4,241,0
44,Female,49,14.2012,0.89,165,1
22,Female,53,12.5802,0.25,191,0
54,Male,77,19.7081,0.15,856,0
44,Male,72,6.5505,0.41,144,0
40,Other,47,7.0955,0.23,201,0
50,Female,61,2.0314,0.63,626,1
21,Female,61,9.0903,0.53,177,1
38,Male,79,5.5643,0.74,306,1
41,Male,74,7.1617,0.17,145,0
61,Male,67,16.6907,0.78,797,0
48,Male,67,18.6484,0.35,163,0
61,Male,64,4.1032,0.7,204,1
65,Male,60,7.7267,0.36,977,0
41,Female,56,18.5154,0.85,115,0
27,Male,58,1.6991,0.85,345,1
19,Male,66,2.2918,0.38,156,1
48,Male,66,3.6581,0.92,85,1
42,Male,68,12.0471,0.39,220,0
21,Male,73,3.4192,0.91,117,1
28,Male,69,19.2807,0.27,689,0
34,Male,71,9.1663,0.36,460,0
61,Female,59,10.2294,0.9,108,1
19,Male,69,5.2852,0.17,82,0
23,Female,56,9.6366,0.73,184,0
26,Female,52,13.3411,0.71,185,0
22,Female,51,15.0728,0.97,132,1
37,Male,75,15.125,0.98,146,1
46,Male,67,11.7111,0.53,71,0
38,Female,51,18.0446,0.69,200,0
26,Other,60,16.3577,0.24,80,0
45,Female,48,15.1867,0.3,228,0
25,Male,64,1.5787,0.6,264,1
48,Female,44,0.6334,0.31,188,0
37,Female,57,4.6215,0.3,335,1
44,Female,48,13.3724,0.12,176,0
25,Male,69,8.4772,0.17,191,0
38,Male,54,8.3067,0.74,114,1
45,Male,56,17.661,0.11,192,0
40,Female,62,17.8739,0.91,137,1
23,Female,50,18.138,0.17,135,0
20,Other,54,6.5892,0.24,298,0
22,Female,47,13.9065,0.41,215,0
26,Male,62,5.7697,0.75,104,1
24,Female,59,4.1978,0.73,395,0
21,Male,71,4.0819,0.32,643,0
56,Female,49,7.1369,0.39,236,0
22,Female,54,8.8412,0.84,352,1
28,Male,72,16.6204,0.55,173,0
32,Male,59,2.8259,0.51,291,0
51,Male,54,14.7576,0.67,932,0
30,Male,59,10.8102,0.51,279,0
65,Female,61,6.0861,0.49,353,0
24,Male,63,10.0607,0.82,295,1
57,Male,58,6.3189,0.94,103,1
23,Male,69,12.064,0.59,84,1
56,Female,48,8.9166,0.36,285,0
47,Male,54,3.6895,0.95,109,1
39,Male,66,2.7617,0.73,472,0
42,Female,50,11.1059,0.69,124,0
45,Male,76,18.0068,0.65,990,0
37,Male,76,7.1728,0.77,601,0
56,Female,55,14.7202,0.8,625,0
20,Male,75,13.278,0.81,74,1
22,Female,51,18.5722,0.98,273,0
18,Female,42,16.427,0.47,354,0
32,Female,59,11.4921,0.32,751,0
43,Male,65,13.2464,0.45,767,0
20,Female,55,17.9287,0.79,100,1
57,Female,50,8.2507,0.59,335,0
58,Male,64,6.8398,0.88,218,0
64,Male,66,0.7097,0.31,359,0
59,Male,76,16.5351,0.76,513,0
51,Female,60,16.039,0.32,721,0
22,Female,57,2.5264,0.82,273,1
48,Female,59,11.691,0.49,310,0
30,Female,55,9.5012,0.99,334,1
60,Male,77,2.803,0.7,317,1
18,Female,51,19.523,0.77,791,0
39,Other,78,4.6651,0.14,862,1
32,Male,76,1.8043,0.73,84,1
43,Male,64,12.04,0.48,202,0
35,Male,73,14.834,0.39,77,0
65,Male,54,1.1294,0.82,805,0
26,Female,57,13.2791,0.31,100,0
18,Female,62,10.8265,0.26,151,0
60,Male,75,2.5033,0.42,249,1
26,Male,71,3.847,0.67,592,1
40,Female,58,11.5187,0.33,147,0
60,Female,59,6.2493,0.6,190,0
62,Male,62,18.7033,0.45,334,0
19,Male,62,16.3836,0.46,236,0
31,Male,53,19.5812,0.28,219,0
55,Male,81,5.5376,0.39,207,1
57,Female,48,19.3126,0.35,211,0
35,Male,67,8.8659,0.32,272,0
33,Female,60,7.2419,0.17,99,0
46,Female,50,1.4768,0.49,520,0
61,Male,56,1.5236,0.32,251,0
28,Male,71,13.925,0.96,698,0
23,Female,54,9.3838,0.64,171,0
20,Female,56,4.8945,0.52,241,0
31,Female,60,12.411,0.4,91,1
19,Female,61,5.4054,0.51,72,1
49,Other,72,11.7061,0.41,176,1
48,Male,54,7.4686,0.87,132,1
28,Male,63,16.4769,0.33,113,0
39,Male,59,16.4215,0.35,917,0
20,Male,65,9.7606,0.74,345,0
48,Male,60,7.3059,0.91,190,0
50,Other,86,7.5337,0.71,272,1
41,Female,55,16.1309,0.18,903,0
18,Male,56,6.8667,0.91,149,0
61,Male,68,4.5558,0.79,232,1
32,Male,57,2.143,0.32,308,1
54,Female,53,9.5538,0.16,780,0
44,Male,64,9.8534,0.75,119,1
55,Female,56,16.8136,0.31,952,0
65,Female,48,4.792,0.57,264,0
44,Male,76,7.8912,0.18,216,0
61,Female,49,16.1831,0.61,179,0
29,Male,59,16.4783,0.12,185,0
20,Female,48,7.9615,0.58,285,0
47,Male,68,9.407,0.85,355,1
49,Male,73,6.3837,0.62,260,0
40,Other,58,18.5916,0.9,112,0
19,Female,57,2.8017,0.59,299,1
24,Male,85,18.6147,0.72,151,0
51,Male,60,13.767,0.43,333,0
49,Male,55,10.8125,0.37,128,0
56,Female,57,1.1336,0.4,85,1
49,Male,56,9.7266,0.19,245,0
60,Female,49,8.4103,0.33,718,0
60,Male,66,3.6276,0.45,69,1
31,Male,64,13.2343,0.41,64,0
20,Female,49,19.3403,0.55,338,0
63,Female,66,11.4065,0.54,322,0
49,Female,58,14.3662,0.76,301,1
60,Female,52,1.8279,0.46,731,0
53,Male,74,8.6027,0.71,301,0
34,Female,53,2.7574,0.9,275,1
65,Male,64,12.3882,0.51,319,0
20,Male,57,18.7066,0.6,297,0
27,Male,67,13.3385,0.71,137,1
64,Female,58,1.99,0.54,922,0
57,Male,65,7.3805,0.25,394,0
35,Male,66,11.1829,0.36,262,0
20,Male,72,8.3222,0.13,93,1
56,Male,71,16.6727,0.72,75,1
27,Male,56,16.3046,0.35,113,0
26,Male,59,12.3695,0.84,407,0
63,Male,73,7.7451,0.69,164,0
63,Male,58,5.4535,0.76,306,0
28,Male,69,2.554,0.89,493,1
50,Female,47,7.385,0.48,56,0
53,Female,44,8.5155,0.27,330,0
43,Female,60,13.611,0.94,102,0
44,Female,60,13.2683,0.99,344,1
55,Male,64,1.8601,0.3,90,1
39,Male,61,8.168,0.77,167,0
43,Female,43,4.0265,0.17,230,1
39,Female,53,3.5422,0.12,288,0
22,Other,55,16.5497,0.71,202,0
52,Female,61,1.3132,0.33,939,0
19,Male,49,8.6321,0.88,71,1
52,Other,56,3.7632,0.56,675,0
26,Female,50,17.559,0.8,174,0
35,Male,62,11.3066,0.19,180,0
60,Other,49,4.9888,0.89,77,0
29,Male,60,10.2471,0.27,103,0
20,Female,57,14.6908,0.61,481,0
35,Male,63,19.0875,0.65,111,0
55,Male,60,4.7767,0.16,332,0
24,Female,54,17.6919,0.98,195,1
50,Male,65,18.6255,0.37,129,0
23,Female,64,18.2786,0.74,959,0
35,Female,57,12.827,0.67,874,0
62,Male,75,12.7185,0.13,121,0
39,Male,61,8.3223,0.88,67,1
56,Female,64,15.0965,0.37,93,0
26,Female,57,10.8071,0.32,313,0
52,Female,46,13.6423,0.15,334,0
40,Female,57,8.8121,0.33,339,0
29,Female,56,14.691,0.66,364,1
41,Male,80,16.4947,0.28,200,0
57,Male,72,3.3409,0.52,69,1
26,Other,55,16.6588,0.82,351,0
30,Female,68,10.9818,0.96,204,1
57,Male,46,16.8865,0.73,163,0
59,Male,62,8.8673,0.28,59,0
34,Female,43,7.8534,0.44,192,0
24,Female,58,18.2522,0.6,328,0
34,Male,84,5.3727,0.88,360,1
41,Female,53,16.8777,0.59,995,0
19,Male,46,9.89,0.54,292,0
52,Male,63,10.4735,0.33,279,0
45,Female,62,6.4843,0.55,476,0
36,Male,82,11.617,0.39,325,0
50,Other,47,6.8091,0.61,229,0
38,Male,66,1.2618,0.83,358,1
27,Male,76,5.7768,0.95,336,1
63,Male,64,0.6238,0.83,84,1
62,Female,50,19.4801,0.85,310,0
26,Female,54,19.2355,0.42,188,0
55,Male,55,8.166,0.73,173,0
23,Male,79,14.6304,0.45,157,1
59,Female,49,7.2086,0.12,256,0
52,Male,59,13.5192,0.9,180,0
35,Male,66,16.1253,0.15,77,0
36,Female,48,18.8671,0.2,69,0
22,Female,52,8.2641,0.12,84,0
42,Male,65,15.696,0.16,100,1
28,Male,68,5.659,0.15,120,0
27,Male,75,19.7124,0.71,269,0
34,Male,65,0.9999,0.87,334,1
53,Female,67,12.2085,0.82,523,0
43,Female,68,13.2944,0.66,636,0
48,Male,73,13.8481,0.81,165,1
49,Male,58,2.8355,0.51,184,1
38,Male,51,18.7075,0.92,67,1
35,Female,60,4.015,0.51,287,1
35,Male,64,12.5814,0.13,75,0
18,Other,54,4.8199,0.73,200,1
31,Male,52,6.46,0.85,308,1
25,Male,68,11.1013,0.3,593,0
19,Male,75,8.5936,0.39,267,0
32,Female,56,3.6084,0.73,56,1
51,Female,61,3.8162,0.62,284,1
53,Female,46,8.612,0.9,329,1
18,Male,73,15.1913,0.53,254,1
38,Male,72,17.9205,0.71,655,0
59,Male,65,2.1321,0.34,610,0
18,Male,53,8.1262,0.94,331,1
49,Male,71,2.4448,0.43,75,1
37,Female,50,0.8219,0.59,113,1
64,Male,42,13.3373,0.65,881,0
53,Male,72,12.1875,0.33,678,0
56,Male,75,3.6626,0.39,254,0
47,Male,77,5.036,0.55,134,1
24,Female,53,0.9599,0.34,206,1
39,Male,48,16.698,0.22,270,0
62,Male,61,19.409,0.85,485,0
27,Female,50,3.1279,0.39,116,0
25,Male,57,4.9906,0.47,829,0
44,Male,51,17.3471,0.59,210,0
27,Female,54,18.4734,0.86,355,0
31,Male,62,8.6408,0.23,179,0
63,Female,62,1.4821,0.66,129,1
28,Male,65,1.2642,0.42,170,1
23,Female,57,11.6346,0.88,183,1
38,Female,57,8.1222,0.7,225,1
50,Female,42,1.0559,0.23,318,0
36,Female,52,11.8151,0.37,175,1
56,Male,55,0.7193,0.13,589,0
41,Female,49,15.775,0.79,113,1
35,Male,76,6.4448,0.47,301,1
52,Female,58,1.281,0.14,94,0
60,Male,82,11.914,0.11,320,0
54,Female,56,8.2151,0.96,69,1
36,Female,61,19.3917,0.87,886,0
41,Female,62,11.0575,0.4,82,1
51,Male,74,5.8396,0.56,204,1
39,Female,51,14.2631,0.62,226,0
21,Male,70,5.7669,0.56,116,0
27,Male,74,18.0423,0.38,473,0
19,Female,54,7.7696,0.45,434,0
25,Female,48,11.1675,0.26,308,0
50,Female,50,1.4811,0.13,79,0
55,Female,54,8.7668,0.24,228,0
60,Male,62,16.6479,0.11,62,0
45,Female,54,16.1296,0.49,107,1
27,Male,64,4.8518,0.69,72,1
62,Male,68,4.8859,0.26,509,0
18,Male,69,16.3557,0.58,148,0
51,Female,55,18.5497,0.39,189,0
20,Female,47,2.35,0.21,199,0
26,Male,73,9.2311,0.21,184,0
22,Female,70,7.0466,0.66,309,1
59,Male,72,17.3914,0.21,933,0
27,Female,58,2.1204,0.6,115,1
29,Female,63,4.5958,0.27,901,0
35,Male,72,15.0979,0.88,216,1
38,Other,51,1.4951,0.14,903,0
38,Male,73,10.0552,0.45,102,1
18,Female,42,9.0769,0.79,109,0
20,Male,62,6.9874,0.77,172,1
22,Male,68,8.1547,0.23,679,0
42,Female,50,10.7808,0.28,245,0
25,Male,68,3.6305,0.59,204,1
34,Female,50,11.5967,0.72,103,0
26,Male,45,16.1254,0.78,156,0
49,Male,60,15.2471,0.66,329,0
23,Female,51,3.4857,0.8,251,1
57,Male,76,3.3954,0.5,98,1
38,Male,53,5.7026,0.6,359,1
24,Female,69,7.5048,0.49,353,1
24,Female,56,8.424,0.78,986,0
64,Male,59,13.6861,0.26,223,0
56,Female,50,1.5996,0.33,330,1
44,Female,52,1.1727,0.85,752,1
25,Male,63,8.1031,0.74,76,1
26,Female,53,14.025,0.76,107,1
45,Male,64,4.2526,0.19,285,1
32,Female,42,12.9452,0.54,164,0
19,Female,51,5.5407,0.61,292,0
24,Female,66,17.6901,0.8,115,0
64,Female,51,17.8764,0.48,165,0
35,Male,62,6.2674,0.59,121,0
39,Male,65,4.9619,0.31,295,0
27,Male,64,8.4793,0.85,136,1
50,Male,65,5.1663,0.92,237,1
24,Female,53,13.5442,0.52,962,0
20,Female,42,16.5257,0.49,662,0
31,Male,62,13.558,0.4,919,0
61,Male,59,16.4924,0.34,645,0
63,Female,44,8.2016,0.6,271,1
53,Male,59,3.5325,0.25,894,0
30,Male,64,14.8162,0.63,312,1
33,Female,61,7.4932,0.61,211,1
33,Male,74,13.5227,0.72,92,1
22,Female,60,5.7505,0.3,910,0
42,Male,76,2.0759,0.73,85,1
55,Female,56,19.7561,0.12,348,0
55,Female,57,3.5303,0.58,515,0
55,Male,58,19.6754,0.86,251,0
56,Male,47,19.4592,0.76,120,0
65,Male,50,15.9001,0.87,152,0
58,Male,88,13.2928,0.23,92,0
43,Male,60,11.7095,0.75,309,0
30,Female,72,17.3024,0.52,103,1
61,Female,42,6.1151,0.39,742,0
43,Female,53,9.573,0.42,164,0
18,Male,68,12.5162,0.19,983,0
25,Female,45,8.4771,0.73,311,1
21,Male,62,8.7932,0.67,192,0
38,Female,56,6.9075,0.24,176,0
39,Female,43,11.4461,0.59,287,0
54,Female,50,17.0011,0.22,92,0
20,Female,66,4.4097,0.38,795,0
36,Male,65,18.628,0.14,240,0
18,Male,58,13.8683,0.66,335,0
46,Female,53,16.4715,0.11,104,0
40,Male,66,11.2901,0.33,75,0
50,Male,72,15.6226,0.34,143,0
58,Female,55,0.8143,0.77,834,1
40,Female,54,16.3766,0.51,364,0
22,Male,61,1.2787,0.62,76,1
24,Male,53,17.7643,0.32,79,0
23,Male,70,19.7441,0.59,767,1
39,Female,56,6.2049,0.23,176,0
30,Female,43,4.5802,0.99,374,1
29,Female,55,15.348,0.57,77,0
21,Female,62,5.4087,0.89,978,1
25,Male,61,17.2919,0.2,861,0
54,Male,74,2.4951,0.63,774,0
48,Female,64,2.9435,0.7,119,1
54,Female,44,19.4955,0.81,274,0
62,Male,61,13.5725,0.54,149,0
43,Female,50,16.9296,0.13,165,0
60,Male,59,6.792,0.34,350,0
25,Male,56,13.6238,0.35,259,1
57,Female,60,12.0283,0.39,872,0
50,Male,68,12.2011,0.18,179,0
62,Female,68,13.7411,0.1,266,0
46,Male,61,11.662,0.57,223,1
22,Female,56,8.8238,0.76,187,1
45,Female,63,5.8529,0.31,301,1
57,Female,64,15.4105,0.72,360,1
34,Male,83,4.8897,0.76,281,1
40,Male,60,13.9317,0.47,115,1
62,Female,51,5.0267,0.57,237,0
26,Male,69,12.6314,0.38,400,0
19,Female,49,14.9933,0.44,337,0
49,Female,56,4.743,0.63,584,0
48,Male,72,1.6629,0.43,236,1
24,Female,53,3.0409,0.55,71,1
47,Female,63,12.2563,0.77,201,0
20,Other,64,16.9793,0.97,886,0
26,Male,60,1.3729,0.9,473,1
27,Male,69,14.7425,0.92,172,1
63,Male,89,7.1216,0.92,56,1
64,Male,68,9.7835,0.32,269,0
43,Male,71,18.5199,0.95,364,0
18,Other,65,6.9402,0.3,145,0
47,Male,55,9.5275,0.88,324,1
55,Male,74,0.7654,0.62,693,0
32,Male,60,2.083,0.85,293,1
42,Male,63,5.5167,0.98,236,1
23,Male,81,1.0403,0.89,200,1
35,Female,53,12.7487,0.83,485,0
18,Male,76,8.7721,0.29,309,0
20,Male,68,11.134,0.87,83,1
34,Male,60,3.8882,0.25,160,0
65,Female,58,6.2411,0.56,230,0
25,Male,59,13.3782,0.55,66,0
57,Male,73,19.2269,0.57,201,0
34,Female,46,1.4781,0.75,274,1
42,Male,65,17.7735,0.46,91,0
58,Female,51,11.6915,0.51,217,0
29,Female,68,11.44,0.69,61,1
46,Male,73,10.2054,0.71,124,0
42,Female,70,1.8462,0.49,304,1
53,Female,53,2.2436,0.15,323,0
42,Male,63,12.1577,0.33,276,0
46,Female,52,7.1146,0.95,97,1
28,Male,56,18.295,0.93,551,0
21,Male,72,8.3879,0.68,65,1
31,Female,55,3.2797,0.27,272,0
63,Female,58,14.3655,0.19,358,0
55,Female,65,6.1911,0.95,281,1
34,Male,63,10.6941,0.89,83,1
19,Female,53,14.038,0.46,114,0
25,Female,55,17.9651,0.67,143,0
53,Male,61,15.8685,0.92,94,0
27,Other,58,13.6214,0.22,366,0
24,Male,81,13.6849,0.67,114,1
53,Male,59,18.8509,0.93,310,0
33,Male,71,6.239,0.85,182,1
31,Male,60,0.5216,0.36,257,1
33,Female,52,5.7759,0.96,252,1
42,Male,64,4.7271,0.28,342,0
58,Female,60,13.3396,0.29,93,0
21,Male,72,12.794,0.19,300,0
46,Male,69,12.0132,0.21,79,0
23,Female,60,0.8151,0.79,147,1
18,Male,62,14.6383,0.35,563,0
56,Female,57,6.7765,0.88,164,1
18,Female,44,13.4021,0.87,313,0
57,Female,74,11.2976,0.2,101,0
20,Female,57,7.149,0.58,462,0
18,Female,59,3.1108,0.77,287,1
18,Other,66,2.3317,0.71,57,1
56,Male,68,16.6315,0.19,243,0
38,Female,55,18.3169,0.39,210,0
62,Male,81,13.1059,0.65,255,0
47,Male,64,2.5066,0.63,115,1
49,Male,50,8.2993,0.83,348,1
50,Other,54,14.6414,0.15,264,0
65,Female,49,15.6285,0.53,315,0
39,Male,68,2.7934,0.86,81,1
47,Male,72,0.5006,0.99,579,1
63,Female,60,14.3155,0.22,96,0
21,Male,63,7.418,0.68,150,1
40,Male,58,5.4369,0.1,124,0
61,Female,64,0.7502,0.41,179,1
42,Female,49,10.9818,0.5,208,0
29,Male,83,17.0123,0.41,339,0
34,Male,68,19.0781,0.66,266,0
32,Female,55,11.4755,0.11,220,0
27,Female,51,10.4805,0.92,630,0
52,Male,67,2.1501,0.39,142,0
46,Male,55,11.1481,0.24,240,0
29,Male,70,7.8716,0.49,59,1
18,Female,66,12.2784,0.56,96,0
18,Female,57,8.0413,0.15,384,0
27,Male,75,5.1618,0.82,712,1
35,Female,58,2.3423,0.76,108,1
64,Female,65,6.6094,0.56,233,1
19,Female,42,2.3749,0.27,65,0
25,Female,57,3.9318,0.93,729,0
39,Male,58,19.6543,0.81,87,0
39,Male,80,9.1156,0.31,334,1
43,Female,61,10.8183,0.76,104,0
43,Female,50,17.4482,0.19,250,0
26,Male,52,19.814,0.21,324,0
38,Female,44,11.8047,0.5,215,1
48,Male,70,16.262,0.73,164,0
60,Male,72,6.8427,0.93,154,1
23,Male,69,6.4314,0.97,56,1
31,Other,43,8.3125,0.72,166,0
50,Female,51,13.5466,0.8,773,0
24,Male,55,13.7345,0.56,359,0
41,Other,55,6.6156,0.15,276,0
26,Female,61,3.0843,0.21,247,0
28,Female,59,12.7685,0.97,321,1
40,Male,64,2.9895,0.45,139,1
65,Male,69,11.7228,0.79,77,1
19,Female,53,13.9524,0.3,326,0
32,Female,55,14.0919,0.58,83,1
52,Female,57,15.1174,0.24,99,0
53,Female,55,17.4335,0.83,57,0
45,Female,53,10.1992,0.25,209,0
56,Male,65,14.6668,0.74,182,0
61,Female,58,12.512,0.24,175,0
21,Male,65,4.1208,0.84,279,1
27,Male,62,0.9984,0.55,767,1
23,Male,81,6.0201,0.47,83,1
47,Female,50,9.0949,0.4,288,0
63,Female,60,12.4719,0.72,470,0
52,Male,65,16.9892,0.18,235,0
60,Male,69,4.3072,0.87,331,0
27,Male,63,2.9357,0.79,206,1
49,Female,58,19.1915,0.44,170,0
59,Female,48,2.5961,0.98,115,1
59,Female,51,9.7827,0.85,452,0
20,Female,52,11.8599,0.34,91,1
43,Male,64,11.0027,0.9,202,1
32,Male,73,2.169,0.19,363,1
34,Female,61,1.6063,0.72,321,1
44,Male,72,2.5464,0.22,573,0
35,Male,66,11.8604,0.98,107,1
36,Male,63,11.0603,0.14,335,0
29,Female,53,5.0346,0.31,128,1
41,Female,56,12.8728,0.58,64,0
22,Male,74,16.4093,0.63,276,0
41,Female,56,1.3066,0.56,348,1
44,Male,70,10.1637,0.77,211,1
65,Female,57,13.8726,0.1,446,0
47,Female,67,5.3949,0.61,244,1
32,Male,63,6.4708,0.65,478,0
64,Female,54,12.4046,0.29,250,0
55,Female,46,17.9199,0.69,334,0
61,Male,67,16.2125,0.69,596,0
51,Male,54,11.8127,0.58,68,1
44,Other,52,14.6663,0.33,926,0
37,Male,52,7.5776,0.47,302,1
58,Female,48,12.9347,0.35,839,0
49,Female,42,9.5439,0.79,221,0
21,Male,73,4.1848,0.66,979,0
22,Male,64,14.1137,0.24,897,0
25,Female,54,11.2954,0.61,182,0
39,Male,61,7.4573,0.91,286,1
59,Female,42,18.18,0.85,227,0
24,Female,44,0.9061,0.9,311,1
39,Female,55,6.626,0.93,65,1
63,Other,63,1.6035,0.27,267,0
47,Female,46,15.3706,0.75,147,0
54,Female,52,14.1209,0.68,243,0
33,Female,50,6.9282,0.13,343,1
32,Female,68,13.6079,0.8,56,1
22,Other,66,8.1812,0.29,196,0
20,Female,51,15.1713,0.93,110,1
40,Male,60,9.3112,0.85,221,1
27,Female,42,8.4982,0.79,305,1
22,Male,68,18.6338,0.73,158,1
40,Male,65,5.3671,0.52,102,1
32,Male,62,2.8367,0.82,886,0
35,Female,55,11.8401,0.84,262,1
42,Male,70,19.3048,0.19,93,0
25,Female,66,7.8301,0.4,250,1
48,Female,42,1.7035,0.38,124,1
38,Male,70,7.0825,0.21,117,1
19,Female,54,10.3151,0.98,704,0
39,Female,51,3.6413,0.63,262,1
25,Female,59,13.2672,0.63,122,1
40,Male,65,19.8563,0.44,571,0
49,Male,77,9.2637,0.79,361,0
25,Female,56,7.3817,0.53,503,0
21,Male,63,8.2737,0.77,756,0
47,Male,67,2.7338,0.89,748,1
36,Male,55,17.6355,0.69,813,0
40,Female,61,8.5476,0.66,364,1
35,Male,80,8.0131,0.81,278,1
46,Female,63,13.298,0.55,197,0
40,Other,46,9.0754,0.83,440,0
50,Female,64,13.0757,0.18,234,0
64,Male,65,1.6921,0.32,87,0
35,Male,64,16.2862,0.93,250,0
61,Male,71,18.7458,0.25,346,0
50,Male,55,13.086,0.51,247,0
24,Male,71,19.0186,0.53,402,0
45,Male,66,3.4378,0.48,187,0
18,Female,60,9.7619,0.88,237,1
56,Female,46,12.1751,0.77,330,1
51,Female,66,11.7857,0.83,207,1
56,Male,57,8.2884,0.99,56,1
36,Female,61,7.0588,0.98,258,1
48,Male,53,2.9604,0.9,66,1
30,Female,43,8.0998,0.61,283,0
41,Male,65,3.6556,0.37,244,0
22,Female,59,14.7467,0.75,342,1
40,Female,61,4.5513,0.95,191,1
36,Male,56,1.6362,0.99,249,1
18,Female,57,11.2159,0.65,88,1
50,Female,57,12.0475,0.73,122,1
50,Female,62,17.4151,0.35,186,0
49,Female,50,11.6934,0.28,204,1
45,Female,57,7.2023,0.67,234,1
54,Female,50,16.0784,0.3,181,0
58,Female,53,10.9814,0.46,323,0
29,Female,42,2.038,0.54,544,0
26,Female,48,11.4775,0.94,241,1
28,Other,49,18.1156,0.98,739,0
50,Male,62,8.1885,0.32,242,0
36,Male,74,6.2487,0.22,196,0
59,Female,46,3.2833,0.3,135,0
51,Other,58,3.438,0.57,328,0
24,Male,59,8.8958,0.8,265,1
48,Male,61,12.0562,0.57,132,0
19,Male,65,2.0639,0.94,244,1
36,Female,63,18.7276,0.67,175,0
55,Female,50,15.1496,0.54,337,0
49,Female,58,11.8805,0.79,73,1
27,Male,80,16.5717,0.96,588,0
58,Female,47,2.0556,0.4,995,0
25,Male,59,9.7507,0.35,278,1
43,Female,58,12.7238,0.29,912,0
47,Male,61,16.5759,0.58,707,0
28,Female,53,15.6993,0.52,151,0
58,Female,55,5.8751,0.32,803,0
37,Female,55,18.7531,0.75,154,1
37,Female,67,2.9123,0.37,155,1
26,Female,63,17.4776,0.78,118,0
25,Female,57,19.3362,0.85,211,0
32,Male,72,3.9368,0.88,752,1
51,Male,62,14.5081,0.23,148,0
41,Female,62,1.2815,0.38,290,1
50,Female,60,8.3652,0.57,925,0
58,Female,52,10.5159,0.86,691,0
58,Other,59,11.7645,0.46,92,0
62,Other,68,18.6572,0.69,854,0
57,Female,55,13.5417,0.51,311,0
44,Female,50,9.8368,0.13,339,0
38,Other,60,16.2077,0.38,217,0
22,Female,50,18.9403,0.78,80,1
52,Female,50,0.9281,0.76,74,1
38,Female,53,19.5609,0.9,138,0
21,Male,72,2.171,0.63,343,1
65,Female,63,16.2991,0.79,63,0
33,Male,65,5.9385,0.47,966,0
48,Male,59,3.0643,0.41,873,0
43,Female,66,9.0332,0.41,305,0
52,Female,50,12.9928,0.24,195,0
23,Male,71,7.8905,0.49,307,1
50,Male,74,1.5586,0.83,60,1
38,Other,56,12.1295,0.11,73,0
33,Female,60,18.0066,0.62,544,0
64,Male,52,7.9344,0.26,116,0
56,Other,68,4.6969,0.77,394,1
51,Male,74,9.086,0.23,69,0
59,Female,54,1.4382,0.25,89,1
32,Female,59,16.4175,0.14,77,0
23,Female,61,16.531,0.5,153,0
19,Female,48,11.9072,0.68,166,0
41,Male,58,7.3502,0.36,79,0
45,Female,47,16.0158,0.14,199,0
18,Male,68,11.2609,0.94,548,0
18,Female,56,16.5231,0.87,293,1
45,Female,61,12.7503,0.52,68,1
53,Male,56,15.7175,0.84,112,0
37,Male,73,12.1121,0.82,346,1
65,Male,68,8.5343,0.61,125,0
25,Female,53,19.0841,0.57,375,0
18,Female,72,10.9976,0.69,310,0
43,Male,62,12.2387,0.75,59,1
60,Other,60,4.7775,0.84,172,0
42,Male,80,12.6376,0.62,311,1
27,Female,59,11.5892,0.77,299,1
29,Female,60,4.0859,0.27,791,0
58,Male,51,1.656,0.77,288,1
24,Male,55,12.2246,0.15,130,0
29,Female,52,15.3156,0.69,114,1
64,Female,42,10.654,0.74,118,0
57,Male,55,4.8994,0.97,260,1
34,Male,65,13.4305,0.48,262,0
22,Female,53,2.0541,0.2,71,1
31,Male,52,9.0716,0.4,127,0
51,Female,48,3.6693,0.48,354,0
65,Male,70,4.0785,0.79,519,0
34,Female,54,4.4245,0.27,130,0
52,Male,65,8.0021,0.25,231,0
18,Female,53,1.4923,0.3,218,1
53,Female,51,8.2172,0.31,336,0
32,Female,56,10.4271,0.93,142,1
36,Male,72,9.8759,0.24,97,0
59,Female,46,7.926,0.47,228,0
22,Male,62,16.7794,0.46,126,0
36,Male,78,3.3193,0.21,77,1
60,Female,56,10.3105,0.2,279,0
56,Female,53,1.7036,0.92,339,1
22,Male,76,1.8804,0.85,291,1
29,Other,58,11.633,0.94,113,1
36,Female,59,11.4808,0.39,213,0
64,Female,47,17.5339,0.57,65,0
29,Female,42,11.3227,0.33,91,0
53,Female,42,19.1199,0.45,316,0
29,Female,60,1.4447,0.81,170,1
35,Female,49,2.4013,0.53,672,0
65,Female,60,1.3549,0.2,170,0
60,Male,62,4.0944,0.1,280,0
51,Female,57,11.0006,0.31,571,0
65,Female,59,13.0241,0.26,149,0
50,Female,49,1.3844,0.81,240,1
35,Male,52,18.8518,0.7,163,0
46,Male,69,16.838,0.85,990,0
62,Male,74,6.2543,0.48,205,0
22,Male,70,1.9974,0.63,349,1
42,Female,58,3.7958,0.48,276,1
41,Male,88,2.9627,0.3,268,1
46,Male,70,2.8917,0.67,329,1
55,Female,51,10.5601,0.45,58,0
50,Female,59,5.2694,0.32,73,1
27,Male,80,7.4479,0.94,258,1
54,Male,54,19.6964,0.2,620,0
50,Female,51,13.7757,0.8,154,1
40,Male,65,18.9102,0.59,273,0
28,Female,66,3.2656,0.79,119,1
41,Male,52,7.9135,0.18,97,0
41,Female,51,11.2618,0.45,520,0
24,Male,57,1.9891,0.82,87,1
38,Female,45,0.5812,0.83,251,1
37,Male,56,13.5064,0.81,74,1
27,Male,83,12.9513,0.77,304,1
42,Male,66,8.4693,0.44,158,1
64,Female,62,9.9991,0.74,327,0
53,Female,52,8.5596,0.2,288,0
65,Male,78,0.9657,0.25,213,1
64,Male,56,7.0062,0.59,186,0
32,Female,61,3.9354,0.59,673,0
61,Female,60,2.4094,0.52,208,0
57,Female,55,19.0604,0.76,96,0
57,Female,48,12.1276,0.61,225,0
23,Male,67,14.6359,0.16,155,0
54,Male,64,6.6181,0.9,471,0
19,Male,65,8.1271,0.67,97,0
29,Female,71,5.0963,0.91,193,1
21,Male,67,2.3811,0.49,813,0
40,Male,64,3.9732,0.1,744,0
30,Male,64,15.9718,0.79,126,0
34,Female,49,13.6444,0.61,109,1
48,Male,59,11.1104,0.12,306,0
33,Male,45,9.7167,0.62,59,1
58,Female,45,18.3952,0.94,156,0
43,Male,68,1.9111,0.29,262,1
45,Male,61,5.9437,0.35,585,0
18,Female,52,7.2888,0.68,116,1
64,Female,61,15.6791,0.84,193,0
29,Female,47,19.7548,0.68,131,0
54,Male,53,5.169,0.7,200,1
37,Female,46,17.4616,0.39,231,0
19,Female,46,16.6141,0.11,149,0
53,Male,70,4.8584,0.86,980,0
32,Female,54,8.2471,0.99,155,1
55,Female,58,8.4477,0.88,105,1
39,Female,46,19.4775,0.46,116,0
61,Female,56,4.0093,0.42,885,0
49,Female,42,16.0037,0.96,349,0
37,Female,42,6.9833,0.99,369,1
53,Female,67,14.6789,0.65,225,0
50,Male,54,8.6482,0.56,69,1
32,Female,54,11.7202,0.56,182,0
63,Male,59,16.6527,0.28,329,0
20,Male,72,16.1008,0.76,260,0
46,Female,57,17.3086,0.25,742,0
64,Female,51,1.6566,0.29,163,0
44,Male,66,13.9258,0.71,96,1
22,Male,62,3.2158,0.88,265,1
48,Male,65,8.5669,0.7,351,0
39,Female,43,11.1426,0.53,165,0
52,Male,62,8.3131,0.73,294,1
24,Female,60,10.5805,0.51,273,0
23,Female,59,19.8326,0.69,124,0
43,Male,74,3.1232,0.8,252,1
18,Male,70,13.6038,0.11,150,0
36,Male,74,8.1824,0.3,91,0
24,Female,59,3.0804,0.73,360,1
53,Female,63,3.5795,0.46,196,1
29,Female,59,18.9159,0.57,82,0
37,Female,54,17.5643,0.72,688,0
40,Male,69,18.0966,0.57,246,0
42,Male,67,19.7357,0.85,111,0
47,Female,51,4.5413,0.44,335,1
46,Female,55,7.3955,0.72,106,1
48,Female,52,13.4828,0.48,241,0
35,Female,53,9.8858,0.58,265,1
58,Male,65,8.6168,0.2,271,0
36,Male,63,7.4415,0.85,461,1
21,Female,55,12.0193,0.39,275,0
18,Female,59,11.6665,0.37,221,0
58,Male,81,3.6323,0.18,529,0
32,Male,54,9.6518,0.56,236,0
25,Male,72,11.2374,0.48,993,0
32,Male,72,11.5636,0.19,637,0
32,Female,51,4.5761,0.78,691,1
56,Other,64,14.9001,0.16,170,0
39,Female,56,0.9889,0.23,178,0
35,Female,72,7.3837,0.51,775,0
33,Female,58,15.6361,0.42,428,0
19,Female,51,11.4395,0.35,811,0
53,Other,60,5.5666,0.61,705,0
37,Male,55,13.9821,0.57,207,0
33,Female,51,11.5074,0.49,79,1
20,Female,50,15.9471,0.8,271,0
47,Male,42,14.7595,0.55,67,0
19,Female,56,12.3361,0.98,62,1
52,Male,85,9.9706,0.82,264,1
43,Male,61,3.0837,0.2,72,1
22,Male,68,5.5699,0.35,90,1
19,Female,54,8.6305,0.58,637,0
37,Female,63,12.1264,0.52,261,0
51,Male,62,10.4659,0.14,70,0
51,Male,76,6.0908,0.58,320,1
37,Female,59,0.6254,0.64,471,0
42,Male,64,10.127,0.52,257,1
37,Female,66,6.0411,0.88,269,1
42,Female,61,14.7514,0.6,93,1
31,Male,54,0.9646,0.81,132,1
64,Male,50,11.8457,0.63,84,0
61,Female,59,18.7646,0.92,184,0
60,Male,64,3.8835,0.29,622,0
60,Male,72,9.65,0.85,163,0
56,Male,65,2.2736,0.5,286,1
29,Male,53,12.6382,0.73,282,0
65,Female,52,11.1803,0.61,236,0
22,Female,61,8.4029,0.2,312,0
19,Female,57,10.6147,0.49,146,0
33,Male,76,17.8935,0.71,913,0
47,Male,61,4.3081,0.91,92,1
64,Male,71,0.9378,0.3,629,0
60,Female,42,17.2163,0.42,922,0
55,Male,63,11.6961,0.42,78,0
62,Female,52,17.7788,0.57,79,0
59,Male,52,12.0807,0.88,173,0
41,Female,57,16.2171,0.46,305,0
47,Female,49,8.8357,0.23,61,0
54,Male,58,15.0473,0.56,76,0
56,Female,45,18.213,0.13,729,0
28,Male,66,11.5992,0.41,84,1
31,Female,55,4.0072,0.56,285,1
40,Male,50,5.7147,0.57,203,0
33,Male,58,4.3537,0.84,619,1
38,Male,84,5.289,0.82,244,1
21,Female,44,6.4445,0.35,90,0
50,Female,70,11.2696,0.37,250,1
64,Male,67,11.907,0.98,246,0
31,Female,66,8.7741,0.45,437,0
36,Male,78,12.4392,0.23,70,1
22,Male,45,2.0826,0.69,148,1
53,Female,51,2.2031,0.32,316,1
48,Male,67,3.8335,0.64,898,1
62,Female,53,10.5507,0.84,127,0
35,Male,63,4.6515,0.26,138,0
61,Male,68,5.9957,0.51,95,1
48,Male,49,8.2661,0.44,352,1
47,Female,59,16.2502,0.99,218,0
38,Female,43,0.7689,0.74,78,1
64,Male,58,13.0979,0.17,316,0
47,Female,55,13.4762,0.31,243,0
58,Female,57,15.9939,0.24,810,0
21,Male,57,18.5954,0.11,97,0
22,Male,65,0.8907,0.38,221,1
58,Male,68,3.4834,0.39,314,0
62,Male,72,17.6917,0.31,97,0
27,Female,58,9.3953,0.6,57,1
44,Male,59,11.4531,0.3,769,0
33,Male,70,13.3627,0.95,63,1
47,Male,52,13.6739,0.76,64,0
30,Male,66,18.5758,0.21,349,0
53,Female,57,19.8408,0.34,242,0
38,Female,43,14.4711,0.98,346,1
62,Male,61,6.0721,0.28,646,0
57,Male,68,17.5672,0.21,647,0
62,Male,63,1.4549,0.31,841,0
32,Female,45,4.983,0.74,172,1
37,Male,66,17.9093,0.57,542,0
37,Male,74,5.4701,0.16,191,0
62,Male,70,4.7806,0.43,866,0
22,Male,58,3.1796,0.18,170,0
49,Male,52,17.1668,0.36,94,0
23,Female,50,10.2011,0.25,723,0
47,Female,43,13.5929,0.3,183,0
43,Male,60,5.1379,0.8,969,0
54,Female,60,15.206,0.81,83,0
30,Female,67,15.2441,0.76,826,0
46,Male,77,6.5644,0.72,103,1
22,Male,66,8.4672,0.32,307,0
42,Male,60,4.568,0.5,306,1
30,Female,54,19.4453,0.51,255,0
41,Female,49,13.0247,0.58,311,0
48,Male,62,18.6302,0.87,346,0
37,Male,71,6.3857,0.9,69,1
25,Female,59,15.6687,0.29,211,0
26,Female,50,15.3577,0.49,134,0
38,Female,44,13.9181,0.23,171,0
37,Male,53,19.2334,0.68,90,0
32,Female,56,8.135,0.61,298,1
43,Female,49,3.0359,0.87,415,1
59,Male,78,13.5312,0.57,115,0
28,Female,48,14.6486,0.8,220,0
54,Male,62,11.6562,0.39,84,0
58,Male,55,4.5123,0.72,90,0
28,Female,52,10.2864,0.14,249,0
44,Male,54,6.5565,0.24,126,1
47,Female,49,8.7929,0.5,303,1
36,Male,66,13.0172,0.9,517,0
51,Female,61,14.9572,0.9,870,0
55,Male,52,5.0052,0.64,444,1
40,Female,55,8.3633,0.22,154,0
18,Male,56,5.7217,0.71,351,1
20,Male,68,4.3535,0.26,273,0
20,Male,55,15.6977,0.42,265,0
45,Male,67,18.1395,0.38,183,0
31,Male,42,7.6825,0.9,111,1
47,Male,59,15.0748,0.72,102,1
22,Other,58,17.9017,0.16,348,0
32,Male,81,16.9148,0.86,66,0
55,Female,59,4.0466,0.49,85,1
31,Female,54,19.0521,0.78,259,1
31,Male,60,7.8075,0.8,92,1
25,Female,52,7.0813,0.99,351,1
25,Female,53,1.7112,0.41,156,0
36,Male,61,9.9318,0.88,106,1
49,Female,68,2.6149,0.36,79,1
48,Male,66,5.3217,0.99,71,1
46,Female,59,6.6487,0.47,246,1
58,Male,48,16.1912,0.69,205,0
28,Male,69,17.4845,0.99,203,1
62,Female,63,6.3678,0.28,226,1
30,Male,80,17.1587,0.66,299,0
44,Male,62,17.1303,0.99,196,0
36,Male,75,15.3342,0.95,67,1
43,Female,58,3.3459,0.3,342,1
54,Female,52,13.8923,0.19,273,0
65,Male,69,18.8335,0.48,82,0
26,Male,69,13.7413,0.79,215,0
45,Female,42,6.9334,0.81,57,1
49,Female,46,10.2112,0.65,200,0
20,Male,59,13.0271,0.65,116,1
49,Male,76,10.4051,0.21,84,0
22,Male,56,2.8271,0.5,276,1
25,Female,45,6.554,0.62,295,1
31,Female,56,16.0665,0.72,630,0
20,Male,68,17.2115,0.18,232,0
41,Female,57,3.1636,0.72,266,1
30,Male,75,18.9763,0.95,925,0
60,Male,67,6.8792,0.81,197,0
46,Female,47,13.3489,0.66,83,1
25,Female,58,15.0854,0.19,238,0
59,Female,51,16.2518,0.81,222,0
48,Male,58,18.8475,0.7,206,0
43,Male,63,6.5706,0.59,224,1
35,Female,66,17.155,0.82,87,1
35,Female,56,3.0547,0.71,234,1
24,Male,61,14.1778,0.52,151,0
65,Male,62,14.8944,0.31,514,0
55,Female,65,13.6478,0.55,631,0
65,Female,54,5.3949,0.24,216,0
33,Female,63,17.437,0.15,241,0
50,Female,56,3.7759,0.31,254,1
20,Male,72,1.5405,0.43,92,1
55,Female,50,14.4188,0.68,739,0
21,Female,50,9.7242,0.55,849,0
53,Male,67,16.9725,0.76,334,1
21,Female,47,7.9379,0.76,203,0
59,Female,47,3.7646,0.74,269,1
26,Male,69,16.727,0.59,119,0
57,Female,42,11.1488,0.7,276,0
34,Female,49,4.1704,0.98,226,1
34,Female,58,14.4754,0.74,625,0
50,Female,50,10.4156,0.77,220,0
37,Male,53,12.2237,0.36,528,0
31,Female,51,9.4414,0.53,141,0
39,Male,47,16.577,0.49,775,0
44,Female,47,16.5935,0.42,208,0
60,Male,81,14.2621,0.51,345,0
20,Male,79,2.5448,0.64,598,0
41,Male,60,16.7738,0.66,300,0
47,Male,74,13.5177,0.86,212,1
25,Male,74,14.0223,0.69,304,0
39,Male,69,7.5419,0.88,847,0
42,Female,64,17.558,0.69,222,0
27,Female,56,14.5722,0.42,358,0
46,Female,43,2.6843,0.67,836,1
57,Female,54,8.4109,0.76,159,1
18,Female,53,17.6958,0.72,398,0
38,Male,83,1.4156,0.86,267,1
56,Female,56,19.1515,0.92,244,0
41,Female,61,13.6758,0.4,110,1
26,Male,70,12.7487,0.17,206,0
61,Female,52,5.7488,0.69,130,0
43,Male,74,5.3266,0.2,255,0
26,Female,57,18.7759,0.9,528,0
37,Female,52,6.2865,0.84,581,0
52,Female,53,15.5448,0.74,84,0
53,Male,67,8.1266,0.93,286,1
59,Male,72,3.2015,0.9,217,1
53,Other,64,0.7079,0.93,87,1
26,Male,55,11.0586,0.76,215,1
39,Male,64,19.4301,0.43,181,0
18,Female,42,7.6612,0.14,99,0
22,Female,51,7.4295,0.16,97,0
26,Male,61,7.1754,0.81,268,0
54,Male,63,10.5986,0.27,266,0
55,Female,45,9.0489,0.38,272,0
36,Male,65,17.5703,0.63,206,1
25,Male,52,10.3071,0.22,93,0
59,Female,56,10.3505,0.99,110,1
60,Female,54,3.1844,0.84,110,1
49,Female,51,19.5651,0.63,202,1
30,Male,77,5.3495,0.92,636,1
37,Female,45,1.9233,0.54,131,0
53,Other,51,13.365,0.91,57,0
60,Female,61,12.0501,0.84,91,1
61,Male,74,8.5538,0.11,124,0
54,Other,52,8.6905,0.82,195,1
47,Female,53,15.7302,0.81,274,1
27,Female,56,4.2968,0.39,123,0
48,Male,82,16.4129,0.54,235,0
42,Female,43,13.0857,0.22,202,0
46,Female,46,8.628,0.7,969,0
41,Female,42,9.3858,0.71,77,1
56,Male,43,5.479,0.98,335,0
38,Male,64,15.091,0.75,225,1
58,Male,59,10.4498,0.5,98,0
26,Male,59,6.7246,0.26,344,0
59,Female,53,12.0634,0.81,86,0
59,Male,71,19.8172,0.42,108,0
19,Male,59,8.9441,0.95,692,1
21,Male,73,18.3614,0.35,259,0
25,Male,65,7.1933,0.28,84,0
49,Female,45,1.5618,0.66,114,1
31,Female,61,4.4623,0.92,780,1
30,Female,43,8.6227,0.23,147,0
38,Male,65,4.7609,0.14,954,0
41,Female,42,0.5044,0.97,608,1
35,Male,81,18.251,0.22,200,0
62,Male,65,16.8713,0.65,138,0
57,Female,53,14.9005,0.28,800,0
43,Female,53,3.7556,0.25,315,0
49,Male,64,2.8351,0.24,991,0
61,Male,61,1.8115,0.74,242,0
50,Female,54,14.5462,0.78,174,0
48,Female,55,18.5189,0.21,202,0
35,Male,60,8.8524,0.22,283,0
52,Female,53,2.8113,0.94,181,1
29,Female,49,10.4404,0.63,226,0
42,Male,74,7.2673,0.8,927,1
62,Male,76,7.7716,0.17,235,0
48,Male,54,12.5538,0.15,104,0
27,Female,59,14.4431,0.46,307,0
64,Male,84,2.6457,0.6,205,1
51,Other,54,1.1905,0.44,795,0
20,Female,70,19.79,0.74,306,0
63,Male,54,5.0149,0.7,89,0
56,Male,82,1.5443,0.5,90,1
25,Female,70,4.1836,0.17,91,1
49,Male,61,1.2558,0.64,68,1
60,Female,46,8.1011,0.32,174,0
46,Male,59,16.0666,0.45,231,0
39,Male,56,7.1201,0.11,165,0
37,Female,62,9.1172,0.57,123,1
23,Male,87,13.6064,0.73,330,0
60,Female,55,10.3725,0.62,92,0
46,Male,63,17.212,0.78,144,0
59,Female,62,17.3011,0.99,93,0
34,Female,52,0.6923,0.67,317,1
48,Female,53,15.5941,0.3,230,0
51,Female,49,9.4382,0.62,554,0
55,Male,70,19.6835,0.32,100,0
54,Male,60,9.8747,0.4,205,0
21,Male,48,19.6458,0.42,123,0
19,Male,69,15.1386,0.57,121,0
29,Other,66,5.3229,0.57,186,0
52,Male,54,10.9449,0.7,101,1
23,Female,57,19.7474,0.49,149,0
63,Male,77,17.1361,0.27,706,0
25,Female,50,2.3889,0.54,437,0
38,Female,56,14.2036,0.82,527,0
63,Male,65,7.2042,0.73,81,0
52,Female,52,0.6355,0.2,292,0
65,Male,60,8.3275,0.95,344,0
32,Female,56,5.0542,0.38,673,1
24,Female,68,16.3861,0.63,512,0
32,Male,64,7.0442,0.13,683,0
62,Female,49,16.554,0.92,543,0
23,Male,66,0.5116,0.72,147,0
64,Female,44,6.4717,0.35,156,0
34,Male,69,5.1786,0.71,861,0
21,Female,63,5.0312,0.36,274,1
39,Female,52,1.8228,0.33,525,0
49,Male,62,4.1302,0.5,425,0
39,Male,59,11.2777,0.64,253,1
44,Female,44,6.1524,0.29,85,0
63,Male,66,8.5975,0.77,83,0
32,Female,54,7.8112,0.62,80,1
61,Female,51,17.4926,0.11,253,0
39,Female,59,18.0628,0.59,276,1
45,Male,59,10.0634,0.48,334,0
59,Male,69,6.905,0.7,189,0
55,Male,62,2.5719,0.91,896,1
26,Male,65,18.996,0.34,185,0
51,Male,52,1.6684,0.71,944,0
53,Female,61,6.2744,0.24,119,0
26,Male,58,6.2825,0.18,189,0
32,Female,45,6.7158,0.94,353,0
62,Female,47,3.6872,0.88,124,0
37,Female,62,15.6933,0.55,139,1
25,Male,58,2.8765,0.22,117,0
45,Female,47,12.8172,0.34,221,0
36,Male,56,2.9026,0.61,221,1
33,Male,68,1.8684,0.69,255,1
28,Female,46,18.1429,0.72,239,0
59,Female,55,4.1885,0.77,305,0
25,Male,72,16.4323,0.29,382,0
50,Male,62,11.0658,0.37,747,0
27,Male,68,2.0104,0.11,297,0
35,Female,60,19.0357,0.17,111,0
52,Female,51,5.291,0.38,216,1
60,Male,62,17.1771,0.27,158,0
20,Male,63,3.7749,0.54,159,0
57,Female,57,17.0665,0.86,150,0
44,Male,58,0.7566,0.75,122,1
45,Female,57,10.4285,0.78,455,1
63,Male,69,15.4272,0.64,366,0
23,Male,66,18.635,0.73,973,0
64,Female,51,18.1385,0.26,829,0
31,Female,59,16.4007,0.6,649,0
24,Male,60,17.7309,0.61,118,0
27,Male,66,4.3649,0.67,602,0
32,Male,85,6.0132,0.8,79,0
48,Female,54,6.106,0.95,313,1
46,Female,42,7.8148,0.74,119,1
59,Female,59,8.1304,0.93,227,0
34,Male,70,11.0644,0.59,117,0
46,Female,44,3.6017,0.36,149,0
61,Male,60,13.9102,0.69,172,0
32,Male,67,3.7508,0.98,61,1
43,Female,61,6.52,0.74,426,1
29,Male,44,10.2649,0.97,816,0
42,Male,58,15.9509,0.12,256,0
58,Male,62,14.8457,0.33,523,0
22,Female,49,13.0234,0.35,182,0
21,Female,48,3.522,0.48,407,0
61,Male,58,11.1127,0.13,163,0
65,Female,54,2.1965,0.92,296,1
58,Female,54,7.8208,0.74,678,0
48,Female,61,8.5222,0.18,326,1
20,Male,70,1.2723,0.26,76,1
20,Male,81,5.8154,0.64,309,1
43,Male,64,19.0396,0.92,116,1
34,Female,47,19.0005,0.18,325,0
27,Female,47,7.3351,0.49,93,1
19,Other,60,1.3361,0.28,529,0
41,Male,83,3.9744,0.26,666,0
28,Male,73,8.109,0.76,87,1
41,Male,78,18.8869,0.84,81,1
52,Male,42,3.2393,0.93,59,0
40,Female,58,15.3122,0.72,223,0
49,Other,57,2.6084,0.16,222,1
40,Female,62,19.5364,0.42,203,0
51,Female,61,7.9034,0.5,82,1
58,Female,53,15.5396,0.35,162,0
36,Male,62,7.1463,0.59,298,1
19,Female,48,12.6768,0.31,221,0
19,Female,56,4.2251,0.91,73,1
32,Male,73,3.3328,0.23,362,0
38,Female,51,18.6984,0.48,156,0
52,Female,59,18.3024,0.21,225,0
22,Male,79,17.7169,0.42,216,0
60,Male,71,12.6334,0.54,209,0
44,Male,51,16.1804,0.6,227,0
41,Male,53,1.8393,0.4,706,0
24,Male,60,6.9949,0.83,69,1
23,Female,58,6.5858,0.56,68,1
63,Male,73,12.8315,0.99,81,0
50,Female,50,7.4056,0.21,181,0
34,Female,57,3.381,0.27,98,1
63,Female,56,12.0715,0.82,57,0
59,Female,42,16.299,0.6,261,0
47,Female,51,7.9132,0.42,171,0
25,Female,64,3.066,0.47,329,1
57,Male,72,4.3158,0.61,176,1
63,Male,74,5.1072,0.18,268,0
24,Female,70,6.318,0.79,142,1
23,Female,42,12.9702,0.5,251,0
21,Other,64,12.1583,0.47,321,0
18,Female,54,14.0039,0.8,605,0
32,Female,49,7.5325,0.61,754,0
48,Male,56,16.4856,0.78,203,0
42,Female,63,4.4593,0.94,138,1
64,Female,55,9.5994,0.95,184,1
50,Male,71,16.0382,0.49,214,0
52,Male,75,3.9951,0.16,249,0
22,Male,71,2.6313,0.11,224,0
22,Female,42,17.6435,0.73,993,0
53,Male,68,7.1528,0.17,112,1
34,Female,42,13.7671,0.45,67,0
31,Male,60,0.9918,0.7,123,1
46,Male,53,13.8869,0.99,338,1
25,Other,64,6.6324,0.3,90,0
51,Male,70,1.5814,0.11,364,1
57,Male,59,12.3304,0.14,71,0
18,Male,84,5.1716,0.3,250,0
46,Female,55,8.0041,0.99,273,1
53,Male,66,2.0633,0.17,72,1
54,Female,63,3.355,0.77,184,1
46,Female,56,6.2808,0.23,82,0
22,Male,54,2.2413,0.28,363,0
49,Male,68,18.17,0.18,364,0
41,Female,52,0.6173,0.31,437,0
36,Female,57,9.8869,0.2,107,1
29,Male,69,2.891,0.12,154,0
18,Female,42,6.469,0.82,330,1
24,Other,71,18.4656,0.27,118,0
34,Male,57,3.6369,0.21,63,0
51,Female,55,19.2371,0.34,278,0
60,Male,68,4.4924,0.78,66,1
24,Female,64,14.8864,0.3,180,0
34,Male,83,11.1055,0.59,227,1
20,Female,62,17.6589,0.3,76,0
46,Female,52,11.2475,0.45,311,0
39,Male,58,10.8704,0.57,931,0
55,Female,45,4.2919,0.78,638,1
60,Female,63,3.7248,0.35,105,1
46,Male,58,18.2799,0.5,64,0
59,Female,59,6.8601,0.68,215,1
22,Male,56,7.7184,0.35,103,0
47,Female,48,15.2406,0.3,56,0
40,Male,55,7.0732,0.61,117,1
38,Female,43,18.97,0.96,77,1
43,Male,64,14.8158,0.92,255,1
64,Male,57,12.0901,0.64,230,0
38,Male,70,17.5894,0.48,110,0
37,Female,58,1.4624,0.61,228,1
40,Female,55,5.487,0.82,261,1
21,Female,46,9.5217,0.18,322,1
38,Female,62,4.9034,0.8,952,0
38,Female,58,14.9318,0.69,784,0
18,Female,42,18.3326,0.34,180,0
32,Female,52,8.7211,0.89,876,0
34,Male,75,7.1374,0.17,76,1
31,Female,53,19.1541,0.93,336,0
36,Female,42,9.1301,0.45,196,1
51,Male,75,9.9875,0.83,327,0
23,Female,59,7.322,0.24,62,0
62,Female,53,18.1452,0.61,58,0
23,Male,65,11.5377,0.13,210,0
22,Male,75,15.2862,0.35,321,0
24,Male,70,16.2491,0.85,769,0
50,Male,72,7.1319,0.51,118,1
30,Male,70,8.9137,0.69,600,0
18,Male,62,16.9604,0.83,61,0
30,Male,80,7.5472,0.58,965,0
60,Female,67,15.9023,0.63,478,0
44,Male,42,18.7553,0.79,102,0
24,Male,49,12.5903,0.21,256,0
20,Male,64,14.8876,0.16,110,0
42,Male,62,16.1189,0.66,532,0
50,Other,62,16.8938,0.98,178,0
57,Female,57,8.164,0.68,287,1
34,Female,50,1.4945,0.73,77,1
62,Male,69,8.2964,0.69,448,0
31,Female,59,13.5709,0.65,302,1
54,Male,55,9.2368,0.28,311,0
40,Male,60,15.0299,0.86,220,1
41,Male,71,7.4255,0.62,233,0
46,Other,61,12.814,0.98,110,1
55,Male,69,4.1165,0.16,358,0
44,Female,60,15.0378,0.37,91,1
55,Male,66,11.0865,0.19,148,0
57,Male,79,4.4588,0.87,339,1
62,Female,59,6.1631,0.84,110,1
40,Male,58,15.023,0.8,216,1
48,Female,60,9.8625,0.71,310,1
53,Male,72,4.691,0.2,83,0
34,Male,60,19.2651,0.47,182,0
54,Female,61,14.3734,0.73,337,0
20,Female,53,19.0684,0.42,60,0
53,Male,62,8.7858,0.75,326,0
22,Female,53,9.7169,0.36,116,0
63,Female,63,17.9203,0.59,109,0
32,Male,65,10.686,0.42,152,0
23,Female,57,14.2212,0.93,326,1
27,Male,70,5.3922,0.5,356,1
49,Male,67,9.1665,0.36,120,0
40,Female,73,2.8949,0.15,69,1
65,Male,70,4.496,0.23,315,0
34,Female,51,0.5183,0.61,981,1
63,Female,56,1.2617,0.73,309,1
37,Male,71,19.4593,0.96,76,1
61,Female,61,5.2017,0.64,197,0
58,Female,44,13.3682,0.71,106,0
32,Female,49,16.7785,0.66,178,1
61,Male,85,11.1828,0.91,781,0
63,Male,77,3.471,0.37,75,0
39,Female,61,14.6255,0.64,117,0
23,Female,45,12.1449,0.96,242,1
21,Male,57,14.6863,0.11,510,0
40,Female,49,15.4331,0.34,234,0
61,Female,60,19.423,0.78,93,0
62,Male,68,11.6271,0.52,359,0
36,Female,58,7.1278,0.25,204,0
62,Male,75,13.0802,0.61,263,0
48,Male,63,1.8277,0.56,797,1
61,Male,75,17.9095,0.51,171,0
20,Male,71,2.816,0.41,267,0
45,Male,87,6.8602,0.15,99,0
20,Female,69,16.3255,0.64,292,0
31,Female,50,12.0879,0.57,216,0
35,Male,73,8.1365,0.63,647,0
44,Female,49,9.6847,0.1,969,0
27,Female,47,17.0782,0.17,118,0
32,Male,85,7.0961,0.25,583,0
36,Male,70,17.3712,0.5,69,0
26,Male,58,2.2098,0.83,289,1
21,Male,68,15.5699,0.32,213,0
32,Female,52,16.9424,0.83,184,0
65,Male,57,4.0273,0.31,229,0
25,Female,48,8.8487,0.77,127,1
18,Female,57,3.7107,0.89,655,0
24,Male,58,14.2081,0.83,229,0
48,Female,59,10.8857,0.76,257,0
35,Male,52,12.8253,0.13,611,0
29,Male,64,4.3118,0.4,380,0
65,Female,57,4.6079,0.28,304,0
47,Male,62,1.305,0.53,287,1
50,Male,66,6.7481,0.42,950,0
64,Female,47,11.359,0.66,737,0
24,Female,55,17.1439,0.61,71,1
45,Male,64,13.4384,0.49,187,0
20,Male,63,8.9467,0.79,386,0
60,Female,65,18.9905,0.11,115,0
23,Female,57,14.4534,0.88,150,0
48,Male,50,18.5452,0.1,352,0
55,Female,54,10.7352,0.51,119,1
32,Female,71,5.5227,0.89,61,1
24,Female,68,1.5248,0.48,127,1
60,Female,53,14.586,0.78,309,0
47,Female,53,2.8533,0.46,243,1
44,Male,70,6.3738,0.87,360,1
34,Male,66,10.8299,0.99,199,1
35,Female,42,11.4497,0.91,103,1
39,Female,45,12.1513,0.15,288,0
43,Female,52,3.7254,0.23,223,0
44,Male,55,7.8669,0.59,61,1
57,Female,64,12.4736,0.97,273,1
41,Male,61,19.3145,0.47,197,0
25,Other,68,14.616,0.35,84,0
38,Male,72,18.3985,0.97,590,0
46,Female,49,15.2869,0.74,230,0
60,Male,70,11.9793,0.79,81,1
38,Female,53,4.2253,0.2,315,1
20,Male,60,13.4337,0.34,277,0
48,Female,50,12.5936,0.55,117,0
44,Female,47,12.1879,0.76,81,0
63,Female,57,10.0018,0.41,69,0
44,Female,48,10.7559,0.28,281,0
26,Male,65,6.9882,0.49,315,1
50,Male,56,10.5747,0.48,894,0
50,Female,49,4.3326,0.89,303,1
43,Male,64,16.1204,0.94,265,0
45,Female,69,4.1041,0.25,294,0
61,Female,44,2.1483,0.35,319,0
60,Male,73,8.9632,0.81,307,0
48,Male,70,13.2712,0.32,225,0
18,Male,64,8.9917,0.34,306,0
37,Male,61,5.869,0.71,249,1
29,Female,42,11.3285,0.56,892,0
34,Female,55,7.2318,0.73,192,1
32,Male,59,18.5976,0.17,135,0
51,Male,64,18.3993,0.55,66,0
33,Female,57,10.246,0.71,305,1
21,Male,58,6.8609,0.53,62,1
25,Male,74,14.8004,0.22,767,0
51,Male,53,1.2122,0.22,286,0
63,Female,60,9.7105,0.63,93,0
42,Male,76,7.0247,0.23,79,1
32,Male,61,18.3584,0.37,191,0
45,Other,60,0.7329,0.5,59,1
26,Male,54,11.2246,0.63,953,0
19,Female,46,14.8689,0.34,896,0
34,Male,72,9.9093,0.46,520,0
27,Male,57,2.1568,0.43,364,1
26,Male,80,19.3658,0.19,201,0
48,Male,61,10.5494,0.82,649,0
19,Male,70,12.4152,0.77,992,0
41,Male,59,5.0902,0.81,614,0
36,Male,78,9.8799,0.23,793,0
34,Male,68,8.8255,0.57,197,0
60,Female,53,1.953,0.4,90,1
27,Female,52,2.5595,0.41,242,0
45,Female,64,16.747,0.16,174,0
55,Female,42,5.1525,0.95,232,1
65,Female,48,4.2822,0.95,652,0
45,Male,62,10.2953,0.47,670,0
18,Male,65,15.4137,0.87,164,1
20,Male,66,1.7018,0.4,94,1
32,Female,61,11.6901,0.6,304,1
27,Female,46,2.8127,0.77,62,1
38,Female,51,1.2073,0.57,341,1
54,Male,56,1.5232,0.25,125,0
32,Female,49,16.6828,0.44,79,0
40,Male,67,2.7887,0.78,110,1
31,Male,72,1.3759,0.8,141,1
32,Female,59,8.9953,0.4,204,0
27,Male,50,16.8735,0.59,79,0
26,Male,58,5.5907,0.29,962,0
61,Female,49,8.6812,0.33,177,0
56,Female,49,1.2745,0.23,66,1
22,Male,50,9.2121,0.49,276,0
42,Male,69,11.7057,0.75,849,0
59,Female,72,11.5756,0.89,229,1
43,Male,46,6.9491,0.59,258,1
25,Male,80,6.6213,0.69,900,1
39,Male,66,2.5685,0.34,205,0
42,Female,56,7.6159,0.28,57,1
65,Male,54,2.4302,0.46,298,0
29,Male,55,15.372,0.6,371,0
26,Male,51,19.2457,0.13,253,0
27,Male,78,19.3194,0.18,830,0
65,Male,50,17.2824,0.67,226,0
27,Female,61,12.1554,0.28,336,0
26,Female,57,14.0968,0.51,347,1
43,Female,55,6.033,0.94,248,1
52,Female,68,12.7369,0.88,924,0
44,Female,51,9.3396,0.16,715,0
48,Female,59,9.8511,0.15,730,0
36,Female,62,15.2009,0.23,546,0
60,Female,61,5.9692,0.2,153,0
55,Male,58,6.67,0.33,584,0
23,Male,73,18.4381,0.43,330,0
32,Other,55,1.5908,0.17,119,0
46,Female,61,9.9213,0.51,259,1
64,Female,47,18.2083,0.58,162,0
62,Other,66,12.341,0.7,785,0
22,Female,42,11.1003,0.47,175,1
31,Female,52,5.345,0.37,526,0
19,Male,59,7.1595,0.68,110,1
40,Female,51,17.0297,0.92,713,0
61,Female,65,11.3488,0.46,138,0
63,Other,77,10.486,0.36,338,0
36,Female,47,2.4318,0.75,335,1
41,Female,59,0.8109,0.89,232,1
37,Female,57,19.1955,0.96,339,1
64,Male,70,7.8135,0.3,302,0
44,Male,61,12.2023,0.37,123,1
41,Female,55,2.0465,0.92,98,1
34,Male,70,13.7524,0.34,57,1
42,Female,57,18.5918,0.41,203,1
63,Male,66,11.6679,0.68,688,0
48,Male,67,2.9466,0.61,275,1
45,Male,74,11.7854,0.89,759,0
45,Male,60,15.3671,0.65,167,1
39,Male,64,8.3845,0.54,413,0
22,Other,59,17.5689,0.17,243,0
61,Male,60,13.0844,0.98,105,1
59,Female,51,17.9454,0.48,224,0
25,Other,61,12.596,0.62,322,1
55,Female,59,3.047,0.55,163,1
45,Male,81,6.508,0.76,182,1
64,Female,50,4.4148,0.68,84,1
29,Male,69,18.1312,0.41,352,0
42,Male,65,15.2518,0.57,157,0
55,Female,67,13.6221,0.84,128,0
61,Male,65,6.3387,0.67,125,1
32,Other,57,4.0705,0.96,189,1
61,Female,52,15.1752,0.78,107,0
58,Male,64,9.6987,0.54,186,0
51,Male,63,4.8803,0.83,215,1
62,Female,58,12.4625,0.5,65,0
30,Female,47,1.2825,0.29,263,1
25,Female,58,6.8277,0.67,59,1
30,Male,78,9.59,0.42,778,0
53,Male,67,3.3704,0.12,224,0
23,Male,78,19.6023,0.29,318,0
55,Male,63,4.5565,0.25,154,0
49,Male,58,3.0289,0.82,466,1
38,Male,74,4.4486,0.75,149,1
61,Male,60,15.4198,0.65,107,0
61,Female,47,8.7548,0.94,293,0
24,Female,57,11.4691,0.26,212,0
43,Male,78,0.9076,0.25,352,1
32,Female,59,1.168,0.92,312,1
59,Female,42,9.149,0.68,931,0
40,Female,42,16.3431,0.6,618,0
55,Female,50,17.6736,0.77,693,0
58,Male,73,2.1821,0.35,72,1
32,Male,65,10.9442,0.64,76,1
65,Male,74,18.2167,0.48,314,0
57,Male,66,8.0267,0.38,592,0
33,Female,48,16.5936,0.89,222,0
49,Female,57,3.0937,0.24,509,1
54,Male,66,18.6467,0.12,444,0
35,Female,58,15.0776,0.42,166,0
37,Female,65,18.7619,0.28,303,0
63,Male,66,13.6264,0.83,335,0
19,Female,55,7.55,0.21,120,0
40,Male,69,18.7007,0.94,221,0
47,Female,45,5.846,0.25,87,0
20,Male,65,6.9441,0.9,342,1
63,Male,61,14.0957,0.25,75,0
56,Female,59,15.3471,0.14,322,0
64,Female,58,18.5304,0.54,816,0
18,Male,69,4.4732,0.42,104,1
58,Female,66,15.9812,0.64,108,0
39,Female,52,14.8278,0.68,139,0
46,Male,55,1.7376,0.94,64,1
31,Male,65,8.0121,0.96,321,1
65,Female,46,5.9856,0.55,350,0
45,Male,48,6.4071,0.29,311,0
38,Female,55,19.5692,0.32,198,0
62,Female,55,12.9699,0.19,247,0
49,Female,58,14.4229,0.35,204,0
23,Other,54,19.4464,0.92,67,0
18,Male,79,7.8177,0.43,78,0
38,Male,57,16.0557,0.67,793,0
21,Female,65,8.9299,0.98,266,1
20,Female,44,17.369,0.2,659,0
47,Male,58,4.0048,0.8,58,1
48,Male,47,18.8851,0.73,98,1
51,Female,49,4.7442,0.84,269,1
36,Male,72,6.8287,0.22,586,0
37,Male,61,15.1701,0.55,894,0
40,Female,58,8.1388,0.67,69,1
57,Other,57,12.2993,0.78,634,0
42,Female,59,9.1247,0.74,297,1
32,Female,53,14.902,0.61,103,0
55,Male,71,4.9296,0.52,101,1
40,Female,47,1.6341,0.95,241,1
19,Male,74,6.3186,0.26,251,0
32,Other,65,9.7016,0.28,65,1
61,Female,47,3.7596,0.2,668,0
52,Female,61,7.3831,0.2,352,0
27,Female,48,8.2597,0.89,485,1
31,Male,73,1.6134,0.65,176,1
44,Other,57,11.8162,0.94,150,0
31,Male,50,17.6563,0.9,126,0
52,Male,60,3.4438,0.37,131,1
50,Male,45,12.0975,0.68,960,0
18,Female,43,13.3959,0.44,276,0
51,Female,56,8.6351,0.89,363,0
36,Male,62,14.1013,0.76,332,0
41,Male,76,8.4682,0.21,584,0
59,Female,59,10.29,0.33,99,0
21,Male,59,0.6426,0.69,973,0
53,Female,51,13.9194,0.32,317,1
30,Female,62,13.33,0.58,278,0
49,Female,60,1.245,0.32,256,1
26,Female,59,7.6441,0.71,82,1
56,Male,68,19.4932,0.17,207,0
33,Other,56,8.6623,0.75,110,1
20,Male,67,10.2377,0.4,306,0
37,Male,55,18.1526,0.51,79,0
27,Male,65,14.4149,0.54,78,0
39,Other,61,11.7922,0.27,797,0
65,Female,53,15.9774,0.95,120,0
20,Male,65,17.2687,0.1,91,0
28,Female,49,9.3636,0.44,291,1
42,Male,81,9.7171,0.22,219,0
59,Other,42,7.9894,0.42,284,0
65,Male,86,19.2541,0.19,560,0
25,Female,51,14.025,0.44,261,0
26,Female,59,2.1145,0.27,107,0
32,Male,69,17.2414,0.6,248,0
49,Female,56,9.8229,0.11,118,0
20,Male,63,1.8338,0.56,62,1
21,Female,54,11.1645,0.35,680,0
47,Female,42,8.593,0.39,242,1
30,Female,48,17.5283,0.42,763,0
61,Male,71,4.4575,0.69,112,1
38,Other,57,16.5334,0.78,100,1
58,Male,71,11.3192,0.4,224,0
63,Female,61,1.5594,0.93,194,1
36,Female,43,19.3538,0.77,274,0
56,Female,53,10.4447,0.46,351,0
65,Female,64,6.143,0.19,155,0
39,Male,75,9.6065,0.6,289,1
37,Female,54,17.1424,0.65,267,0
54,Male,54,6.4151,0.22,597,0
48,Male,67,4.2379,0.87,127,1
27,Female,53,3.004,0.44,860,0
35,Female,42,6.2785,0.24,219,0
60,Male,70,15.6329,0.57,171,0
56,Female,55,9.6496,0.48,738,0
63,Male,64,4.9131,0.68,119,1
37,Male,65,3.724,0.26,307,1
35,Male,64,6.955,0.12,622,0
28,Female,57,18.7345,0.53,242,0
39,Female,70,7.1547,0.24,759,0
61,Female,55,19.6696,0.24,94,0
35,Male,74,9.9135,0.71,340,1
51,Female,54,3.9758,0.33,762,0
40,Male,70,17.7881,0.86,183,1
18,Female,50,9.4309,0.56,297,0
27,Female,42,14.2676,0.65,65,0
18,Male,72,19.584,0.39,91,0
55,Female,53,1.4734,0.3,290,1
56,Other,60,2.3759,0.24,621,0
26,Male,67,14.4769,0.74,880,0
48,Female,52,5.9674,0.72,133,1
24,Female,57,4.0754,0.54,721,0
34,Male,64,1.2636,0.8,133,1
52,Female,49,0.9238,0.82,173,1
65,Female,57,15.525,0.5,276,0
54,Male,70,3.108,0.69,250,0
35,Male,53,9.5738,0.92,217,0
50,Other,64,12.2544,0.17,92,0
21,Female,55,8.81,0.11,582,0
40,Male,75,1.0259,0.53,59,1
28,Male,42,15.6999,0.4,340,0
26,Female,54,0.704,0.18,352,0
47,Male,63,15.2807,0.23,380,0
25,Male,66,17.8301,0.33,236,0
57,Female,47,8.8971,0.19,164,0
22,Female,45,10.8895,0.39,311,0
29,Male,71,9.7535,0.22,569,0
18,Male,59,8.0506,0.66,290,0
32,Female,60,17.716,0.73,290,0
42,Male,74,17.8423,0.8,235,0
35,Male,57,7.0148,0.88,355,1
55,Male,57,12.4324,0.1,830,0
59,Male,66,18.482,0.26,132,0
63,Male,79,19.1639,0.83,337,1
43,Other,65,10.3738,0.13,192,0
57,Male,61,9.2848,0.7,706,0
20,Male,68,5.9067,0.26,350,0
39,Male,71,19.1021,0.56,342,0
43,Female,56,3.2706,0.97,104,1
36,Female,60,11.7487,0.68,254,0
61,Male,62,5.9815,0.43,211,0
61,Female,72,5.9128,0.72,223,1
64,Male,42,8.3564,0.11,197,0
56,Female,60,19.8766,0.96,335,0
53,Male,63,1.5663,0.41,73,1
38,Male,67,11.7237,0.98,73,1
58,Male,84,2.1019,0.71,124,1
65,Male,58,3.4977,0.36,389,0
43,Female,54,9.0275,0.65,167,1
30,Male,72,10.4029,0.44,88,1
53,Female,58,5.5206,0.68,97,1
41,Male,71,6.6393,0.81,666,1
58,Female,61,2.1872,0.52,58,1
43,Male,50,6.3825,0.3,255,1
38,Female,55,19.2512,0.98,93,0
35,Male,75,18.8273,0.47,207,0
32,Male,57,6.9966,0.26,237,0
32,Male,50,11.5746,0.77,66,1
23,Female,54,18.1462,0.69,260,0
60,Female,49,0.62,0.83,232,1
48,Male,65,16.2273,0.1,96,0
45,Male,70,18.8984,0.41,229,0
25,Male,75,2.2717,0.38,432,0
46,Male,70,3.6321,0.93,362,1
38,Female,53,19.1385,0.41,61,0
34,Male,60,10.9283,0.57,90,1
41,Male,72,0.7754,0.1,339,0
53,Female,53,5.4981,0.83,590,0
48,Male,57,9.2289,0.2,66,0
64,Male,77,13.9424,0.89,278,0
51,Female,63,14.7233,0.76,94,1
19,Male,71,19.8112,0.6,170,0
59,Female,54,6.0777,0.77,68,0
20,Female,62,10.9415,0.81,883,0
47,Male,51,10.8465,0.78,328,1
25,Male,80,8.3695,0.69,236,1
24,Male,48,3.7817,0.89,659,1
29,Male,53,19.4627,0.48,87,1
36,Female,56,17.0544,0.61,59,0
43,Male,60,10.1677,0.97,721,0
45,Female,55,12.203,0.44,154,0
32,Female,53,4.9089,0.78,569,0
31,Female,53,11.0495,0.45,254,0
65,Female,64,13.9824,0.52,680,0
31,Female,43,10.4942,0.4,129,0
20,Female,51,19.7115,0.24,62,0
46,Female,60,12.36,0.97,850,0
23,Male,61,7.6969,0.5,58,1
40,Female,62,15.4797,0.35,354,0
45,Female,59,3.807,0.68,340,1
31,Male,42,7.9596,0.2,282,1
31,Other,66,7.231,0.59,246,1
37,Female,45,8.8771,0.62,814,0
30,Female,42,15.6665,0.28,986,0
44,Male,42,9.893,0.96,785,0
52,Other,50,15.9039,0.64,256,0
62,Female,48,11.6839,0.3,820,0
19,Female,55,7.1361,0.85,127,1
58,Female,54,16.2136,0.38,624,0
62,Male,89,5.1228,0.76,899,0
57,Male,65,4.853,0.67,85,1
65,Female,61,10.2874,0.24,177,0
41,Male,66,5.5605,0.19,929,0
46,Female,49,0.6763,0.65,105,1
20,Male,53,13.077,0.7,269,0
62,Male,52,10.4152,0.22,417,0
21,Male,64,9.143,0.26,77,0
19,Male,65,19.2592,0.15,592,0
37,Male,71,11.5813,0.22,735,0
32,Male,78,17.2506,0.63,275,0
49,Male,72,3.2053,0.28,293,1
59,Female,66,11.5426,0.36,118,0
18,Female,62,17.3388,0.6,328,0
55,Male,58,11.8123,0.47,171,0
52,Female,62,14.4295,0.86,894,1
24,Male,70,7.7176,0.61,86,1
62,Male,76,2.2935,0.22,166,0
30,Female,42,9.3833,0.45,208,0
18,Male,59,8.1529,0.33,94,0
31,Male,63,17.321,0.33,533,0
46,Male,52,5.2335,0.33,877,0
20,Other,58,19.2546,0.48,237,0
63,Male,59,19.0879,0.22,292,0
41,Female,59,5.3041,0.33,356,0
18,Male,70,7.2522,0.73,194,0
65,Male,82,17.8738,0.84,89,0
27,Female,42,19.2525,0.11,240,0
30,Male,69,9.1027,0.18,197,0
53,Female,60,6.7273,0.87,141,0
26,Female,42,10.7062,0.29,68,0
31,Male,63,13.8427,0.38,113,0
53,Male,74,5.8054,0.4,282,1
27,Female,59,14.7876,0.88,104,1
57,Male,66,1.5022,0.25,285,0
40,Male,50,1.4563,0.83,75,1
52,Male,68,7.994,0.52,287,0
24,Female,45,7.3574,0.8,854,0
59,Female,57,6.6233,0.72,701,0
52,Female,71,10.0258,0.76,140,1
19,Male,63,6.7222,0.2,168,0
32,Female,42,4.2298,0.38,961,0
26,Male,66,6.5037,0.3,849,0
64,Male,79,19.4131,0.21,89,0
34,Female,57,8.4756,0.68,656,0
56,Female,60,9.1274,0.73,308,1
35,Female,50,11.685,0.23,219,0
32,Male,62,19.5768,0.79,107,0
35,Female,42,5.1871,0.36,775,0
41,Female,58,13.7169,0.44,287,0
40,Male,64,14.3901,0.99,116,1
29,Male,62,12.2821,0.27,208,0
40,Male,59,2.2184,0.21,292,0
38,Male,77,13.6313,0.34,62,1
43,Female,61,1.7434,0.94,240,1
25,Male,60,12.0652,0.21,364,0
47,Female,49,14.8479,0.65,69,0
51,Female,54,4.5928,0.81,129,1
19,Female,50,16.8275,0.93,236,1
22,Male,63,1.0889,0.53,181,1
48,Other,67,16.87,0.51,95,0
50,Male,82,9.4304,0.84,103,1
21,Female,59,4.7212,0.28,191,0
23,Female,53,3.0953,0.52,289,1
40,Male,66,18.9942,0.67,292,0
62,Female,56,1.9097,0.73,401,0
36,Female,54,4.3624,0.2,117,1
60,Female,63,7.2478,0.88,228,0
62,Female,46,12.5326,0.84,104,0
25,Female,50,11.0691,0.39,106,0
56,Male,67,2.9375,0.53,277,1
30,Female,53,6.1207,0.45,193,0
18,Female,58,5.1318,0.98,790,1
23,Male,71,4.6427,0.63,248,1
24,Female,58,8.4762,0.34,56,1
65,Female,50,14.1582,0.77,122,0
44,Female,52,4.7186,0.84,671,0
32,Male,75,7.6136,0.75,172,1
51,Male,42,8.0838,0.18,808,0
40,Male,59,19.4433,0.36,88,0
65,Male,52,19.0205,0.43,801,0
41,Female,45,16.0227,0.3,254,0
32,Male,77,5.1882,0.53,290,1
52,Male,58,1.8199,0.39,199,1
21,Female,53,6.6479,0.13,155,1
61,Male,77,5.6758,0.69,519,0
54,Male,67,10.315,0.49,90,1
34,Female,53,15.5879,0.13,58,1
48,Female,64,17.1515,0.94,415,0
55,Female,42,16.8904,0.69,107,0
27,Female,59,7.4777,0.17,158,1
44,Male,59,13.8323,0.9,162,1
59,Female,54,6.569,0.48,284,0
23,Male,57,1.6816,0.32,860,0
23,Male,63,14.1104,0.14,275,1
32,Male,69,0.6907,0.77,527,1
21,Male,62,8.4381,0.97,939,0
65,Male,50,6.89,0.27,249,0
57,Female,55,13.9515,0.48,244,0
24,Female,55,15.3652,0.31,284,0
62,Male,59,6.3994,0.62,64,0
64,Female,50,16.2456,0.88,91,0
43,Female,64,6.202,0.22,313,1
48,Male,56,9.1587,0.37,835,0
19,Male,59,14.6042,0.25,188,0
45,Male,62,13.9427,0.31,112,0
59,Male,63,19.6549,0.22,260,0
30,Female,53,4.8681,0.67,269,1
35,Male,58,13.349,0.14,363,0
47,Male,60,12.3278,0.76,254,1
28,Male,82,18.2529,0.23,62,0
30,Female,56,3.5334,0.34,181,1
41,Male,58,15.0849,0.41,743,0
46,Female,59,11.5244,0.44,208,0
22,Male,69,5.8285,0.26,92,1
52,Female,62,9.704,0.54,252,0
36,Female,47,6.9753,0.91,66,1
30,Female,46,11.7387,0.51,504,0
22,Female,52,17.7466,0.13,101,0
61,Female,57,11.5445,0.43,430,0
31,Female,47,12.7554,0.46,931,0
55,Female,53,10.5637,0.36,283,0
39,Male,55,1.4926,0.37,342,0
26,Female,52,5.0175,0.28,836,0
57,Other,70,10.0448,0.96,107,1
43,Male,74,6.5186,0.58,99,0
62,Other,56,4.0262,0.58,68,0
22,Female,57,10.2802,0.48,257,1
46,Male,59,6.7625,0.66,218,1
39,Female,71,5.5073,0.48,873,0
20,Female,55,9.5013,0.72,92,1
45,Male,68,3.0857,0.18,919,0
55,Male,59,18.4983,0.13,113,0
31,Female,57,17.3334,0.61,146,0
64,Female,47,14.2278,0.76,101,1
31,Female,53,2.5605,0.7,817,1
60,Male,66,15.552,0.46,110,0
28,Male,76,16.1744,0.1,237,0
26,Female,56,15.3946,0.21,77,0
55,Male,62,2.7109,0.45,397,0
64,Female,64,12.9918,0.7,357,1
61,Male,60,16.6859,0.38,74,0
23,Male,73,11.7007,0.58,240,1
18,Male,76,13.0403,0.26,85,0
42,Male,55,9.3923,0.25,236,0
33,Female,56,10.7569,0.77,81,1
32,Male,77,1.1669,0.49,250,1
51,Male,68,12.8959,0.95,130,1
34,Male,66,2.0801,0.29,84,1
20,Female,50,8.9393,0.5,179,0
20,Female,60,6.1775,0.27,87,0
54,Male,69,11.0813,0.33,357,0
34,Male,67,3.0883,0.68,211,1
55,Female,59,13.9179,0.92,940,0
18,Female,55,15.9232,0.22,106,0
24,Male,63,3.6691,0.22,346,1
43,Male,65,2.5237,0.96,223,0
64,Female,44,3.323,0.76,183,0
56,Female,63,17.5163,0.38,260,0
36,Female,57,10.7469,0.47,96,1
47,Male,71,9.5649,0.81,259,1
60,Male,67,2.5702,0.73,265,1
31,Male,58,13.1014,0.65,137,0
30,Male,67,17.3392,0.88,117,1
37,Other,59,16.5668,0.38,113,0
43,Male,81,12.6455,0.29,205,0
44,Female,71,1.9604,0.47,260,1
42,Female,42,2.6805,0.11,111,1
26,Male,61,1.4566,0.56,247,1
58,Female,50,5.4951,0.43,221,0
65,Female,61,3.1318,0.22,117,0
29,Other,53,5.5449,0.89,266,1
27,Male,52,7.9701,0.27,583,0
23,Male,73,18.7939,0.74,99,0
51,Male,61,12.3413,0.74,106,0
58,Male,58,16.6985,0.14,143,0
36,Male,70,14.2808,0.48,88,1
23,Female,51,2.6826,0.53,339,1
19,Male,79,14.7769,0.84,167,0
32,Female,42,5.8369,0.66,282,0
34,Male,70,12.8987,0.16,115,0
33,Female,64,7.1147,0.5,364,1
45,Male,68,19.8548,0.37,81,0
38,Male,70,5.6129,0.25,349,0
25,Female,45,5.9151,0.35,119,1
27,Male,67,18.555,0.86,167,0
27,Female,61,0.9781,0.66,87,1
27,Female,48,14.0158,0.49,620,0
26,Female,60,14.5713,0.75,256,0
45,Female,47,16.7257,0.97,71,0
41,Male,70,19.4041,0.93,65,0
36,Female,54,19.4267,0.19,273,0
50,Male,71,1.7664,0.4,299,0
21,Male,75,16.4437,0.38,88,0
20,Male,73,13.0384,0.6,65,1
59,Male,61,13.0584,0.18,572,0
29,Male,66,2.99,0.93,456,0
35,Female,48,13.1136,0.8,170,1
40,Female,55,19.5602,0.21,289,0
37,Female,55,18.1893,0.33,361,0
23,Male,76,9.0191,0.23,57,0
51,Female,45,1.275,0.53,282,1
59,Male,72,7.5285,0.9,183,1
19,Male,60,16.532,0.68,359,0
47,Female,50,14.1091,0.64,548,0
26,Other,63,9.4113,0.17,265,0
44,Male,69,1.569,0.92,79,1
59,Female,46,8.7818,0.35,105,1
51,Female,52,9.5991,0.91,168,0
57,Female,60,18.514,0.51,111,0
41,Female,47,12.9371,0.58,264,1
34,Other,56,6.5461,0.64,88,1
46,Female,58,10.6912,0.36,93,0
53,Male,76,1.7815,0.85,958,0
29,Male,55,19.3678,0.96,947,0
48,Male,73,7.4852,0.36,336,0
26,Female,55,9.7706,0.1,166,0
36,Female,61,7.3925,0.57,291,1
63,Female,52,13.7407,0.63,136,0
63,Female,54,13.3473,0.16,98,0
34,Male,71,14.3773,0.71,200,0
19,Male,55,5.702,0.36,303,0
57,Male,60,6.624,0.96,330,1
22,Female,77,2.9299,0.8,66,1
56,Male,59,13.2169,0.17,190,0
65,Male,78,1.2721,0.96,93,1
33,Male,56,12.095,0.3,316,0
34,Male,42,17.3721,0.82,249,0
44,Male,58,17.7821,0.68,67,0
24,Male,68,9.2113,0.58,609,1
25,Female,49,9.4105,0.94,228,1
25,Male,61,1.9932,0.65,457,1
40,Female,45,13.5128,0.87,350,0
49,Male,65,16.4324,0.84,206,1
60,Female,51,5.2463,0.7,346,0
64,Female,70,8.6732,0.54,125,0
35,Female,59,16.7735,0.19,220,0
55,Female,49,17.5161,0.24,312,0
29,Female,49,5.2177,0.58,561,0
32,Female,51,11.1811,0.4,649,0
45,Female,42,4.2344,0.29,85,1
55,Female,56,2.4764,0.97,83,1
48,Male,49,18.1757,0.87,304,0
26,Female,47,16.4178,0.49,68,0
25,Female,43,15.2447,0.88,110,1
63,Male,76,1.4461,0.15,92,0
36,Female,61,16.8683,0.19,258,0
25,Female,60,8.9981,0.95,343,1
51,Female,56,7.1425,0.72,351,0
21,Other,59,11.1016,0.79,653,0
48,Male,54,2.2723,0.85,302,1
55,Male,58,15.1789,0.15,77,0
20,Female,58,11.7992,0.75,354,1
52,Male,71,4.1198,0.42,71,1
36,Male,86,4.1517,0.84,646,1
60,Female,59,4.0744,0.45,110,1
46,Male,87,1.6058,0.79,569,1
27,Male,65,11.9033,0.91,189,0
29,Male,68,16.8028,0.41,696,0
63,Female,51,0.8395,0.52,305,0
47,Male,60,1.4507,0.58,597,0
47,Male,66,11.6117,0.72,307,0
35,Female,62,16.3982,0.86,208,0
41,Male,42,6.8387,0.29,279,1
49,Female,51,7.2825,0.95,182,1
26,Male,75,12.0691,0.81,947,0
64,Female,53,5.8197,0.23,273,0
41,Female,48,1.0162,0.4,112,1
43,Female,46,14.7634,0.33,77,0
20,Male,68,12.6376,0.24,269,0
40,Male,80,11.7667,0.68,696,0
28,Female,60,14.8887,0.16,62,0
27,Male,68,13.5995,0.64,251,0
53,Female,54,4.4941,0.84,263,1
30,Male,81,7.3381,0.43,544,0
46,Female,63,2.9465,0.54,289,1
55,Female,52,3.0192,0.23,105,1
30,Other,52,13.6182,0.75,531,0
43,Male,52,17.1568,0.92,77,0
37,Male,61,19.177,0.76,355,0
22,Other,62,12.6899,0.21,78,0
37,Female,61,4.0716,0.41,59,1
31,Male,68,2.5496,0.26,482,0
62,Female,61,16.2693,0.63,133,0
31,Male,86,11.7279,0.75,127,1
25,Other,65,12.4947,0.98,337,1
65,Male,64,15.6604,0.55,205,0
30,Female,51,14.1436,0.67,104,1
41,Female,46,16.6885,0.2,245,0
32,Female,49,1.5905,0.24,248,0
18,Female,59,15.0019,0.31,380,0
39,Male,55,17.0065,0.15,179,0
51,Female,60,6.051,0.47,168,0
57,Female,48,12.9247,0.96,199,0
20,Female,53,6.5947,0.69,355,1
43,Female,69,19.0846,0.49,212,0
31,Female,48,1.1484,0.54,592,0
58,Male,73,11.748,0.23,85,0
25,Female,64,3.7302,0.19,106,0
33,Male,52,14.3171,0.33,252,0
59,Male,56,3.9123,0.38,69,0
38,Female,59,5.0664,0.21,769,0
27,Male,80,10.0908,0.72,67,1
42,Male,66,18.2478,0.93,169,1
55,Male,81,4.6073,0.26,283,0
39,Male,71,3.2983,0.85,91,1
65,Female,68,15.2242,0.37,514,0
64,Female,45,10.212,0.65,255,0
63,Male,49,18.1886,0.18,58,0
21,Female,49,3.3443,0.32,288,0
21,Male,67,13.031,0.24,144,0
47,Male,65,5.0179,0.25,235,0
19,Female,52,3.5412,0.94,353,1
46,Male,53,13.7585,0.43,126,0
60,Female,61,12.0175,0.28,234,0
53,Male,71,15.1437,0.25,205,0
38,Male,68,6.5036,0.71,308,0
38,Male,75,9.1907,0.75,71,1
65,Male,59,8.3662,0.98,316,1
38,Female,56,19.5913,0.66,157,1
21,Male,70,6.1696,0.51,131,0
18,Male,75,6.2195,0.3,66,0
43,Female,58,7.3782,0.14,83,1
19,Female,45,11.4531,0.89,172,0
26,Male,59,5.3951,0.81,133,1
62,Other,69,18.2566,0.82,318,0
35,Male,60,5.6543,0.39,699,1
65,Female,47,17.8788,0.42,171,0
65,Male,57,2.5074,0.81,364,1
59,Female,51,13.2373,0.72,68,0
58,Female,53,18.0955,0.68,165,0
28,Male,64,3.7737,0.6,327,1
42,Female,53,19.2855,0.43,288,0
43,Female,46,9.2859,0.77,249,0
53,Female,70,18.8469,0.42,296,0
59,Female,51,13.6303,0.76,342,0
52,Female,52,6.3508,0.27,63,0
55,Female,59,4.1531,0.63,325,1
20,Female,63,6.3925,0.42,101,0
58,Female,46,2.3045,0.85,147,1
52,Male,60,3.291,0.57,230,1
57,Female,61,2.5304,0.66,151,1
39,Female,55,8.7051,0.17,211,0
25,Other,42,15.9342,0.55,195,0
32,Female,50,3.2428,0.8,324,1
62,Male,61,3.0282,0.87,86,1
24,Female,53,12.9825,0.75,802,0
36,Female,51,4.3253,0.48,231,1
57,Female,60,2.3936,0.33,809,0
59,Female,48,3.7369,0.45,430,0
34,Female,60,18.4204,0.61,326,0
18,Male,73,16.4365,0.11,98,0
62,Female,57,7.3689,0.92,187,0
46,Female,42,13.2229,0.41,90,0
30,Male,56,10.9231,0.82,293,1
65,Male,49,13.6362,0.58,78,0
46,Female,50,13.7438,0.7,362,0
58,Female,57,12.6974,0.78,109,1
59,Other,56,5.6624,0.36,199,0
23,Other,70,1.2567,0.65,145,1
22,Male,67,9.338,0.78,790,0
51,Female,68,17.7849,0.79,86,0
28,Male,59,11.5482,0.47,146,0
26,Female,53,16.6484,0.76,130,1
55,Male,62,19.7375,0.37,103,0
57,Male,71,3.6742,0.21,226,0
58,Female,45,13.9205,0.2,273,0
26,Male,69,13.5813,0.56,63,0
25,Female,60,19.5111,0.44,176,0
61,Male,48,19.6207,0.31,120,0
57,Male,46,13.8216,0.45,89,0
20,Male,62,5.2261,0.47,277,1
30,Female,45,15.992,0.6,207,0
36,Male,80,2.5764,0.15,361,1
51,Male,65,15.6456,0.92,360,0
49,Female,49,18.1578,0.43,113,1
33,Male,55,7.927,0.65,205,1
53,Male,55,12.7343,0.38,229,0
35,Female,46,8.8448,0.79,191,1
31,Male,81,8.9926,0.51,56,1
47,Male,69,6.5212,0.39,327,0
19,Female,51,15.2853,0.97,152,1
30,Female,52,18.6618,0.88,280,0
44,Female,46,18.7506,0.26,193,0
34,Other,59,3.8908,0.73,185,1
48,Male,46,17.47,0.78,58,0
32,Other,70,14.8062,0.13,724,0
37,Female,48,5.405,0.96,334,1
22,Female,42,1.8053,0.31,564,0
24,Male,65,5.6991,0.92,274,1
35,Female,58,18.1968,0.69,152,0
28,Male,70,12.7837,0.56,344,0
49,Female,61,14.4885,0.81,224,0
44,Male,52,5.4888,0.71,245,1
43,Female,65,14.4561,0.77,67,0
54,Female,43,1.0456,0.87,196,1
62,Male,61,7.7812,0.52,322,0
45,Female,63,12.659,0.48,202,0
19,Female,48,3.3343,0.91,364,1
37,Female,55,16.4663,0.82,360,1
21,Male,71,5.0596,0.12,151,0
30,Female,56,13.1543,0.69,314,0
41,Female,51,8.3608,0.91,235,1
65,Male,77,12.0632,0.72,89,0
55,Female,47,2.5845,0.6,275,1
57,Female,58,0.8281,0.26,333,1
65,Female,59,18.1455,0.96,101,1
62,Male,62,5.7308,0.66,138,1
46,Male,72,16.4017,0.19,278,0
53,Female,58,19.8874,0.93,886,0
19,Female,44,4.6018,0.56,172,0
58,Female,68,5.6443,0.24,112,0
35,Male,60,13.3595,0.3,279,0
25,Male,68,19.2297,0.97,79,1
32,Female,60,18.2668,0.49,298,0
58,Female,58,10.2558,0.48,202,0
34,Male,77,15.9251,0.54,270,1
40,Female,42,3.1335,0.73,144,1
19,Male,69,19.4623,0.43,497,0
23,Male,69,19.2085,0.48,360,0
46,Male,50,3.6763,0.77,99,1
44,Female,61,6.3088,0.52,84,1
54,Female,60,2.443,0.74,313,1
51,Male,66,5.7713,0.97,925,1
35,Female,55,16.3295,0.97,94,0
59,Male,72,7.8393,0.5,502,0
27,Female,57,2.2149,0.31,275,1
55,Female,67,7.1392,0.33,348,0
61,Male,58,19.5388,0.84,346,0
34,Male,61,12.7159,0.17,106,0
30,Female,61,8.5735,0.14,438,0
65,Female,59,3.7308,0.71,175,0
59,Male,54,19.6318,0.92,169,0
44,Female,53,16.4245,0.31,785,0
19,Female,50,5.9607,0.15,109,0
51,Female,56,1.8593,0.91,933,1
48,Male,57,1.5985,0.42,104,1
40,Female,58,2.8353,0.59,128,1
24,Female,51,11.7669,0.85,201,1
55,Female,66,18.518,0.33,178,0
50,Other,65,10.1368,0.64,185,0
29,Male,69,16.8531,0.99,864,0
62,Female,56,9.1502,0.77,234,1
29,Male,71,14.2465,0.46,154,0
36,Male,80,14.6983,0.79,278,1
26,Female,58,3.8749,0.12,337,0
27,Female,45,7.5076,0.29,361,0
34,Male,71,12.8637,0.77,197,0
57,Other,65,1.8715,0.34,524,0
56,Male,68,7.5139,0.21,834,0
58,Male,42,10.8751,0.36,87,0
27,Male,61,19.8268,0.25,339,0
29,Female,56,9.706,0.48,119,1
32,Female,48,16.3315,0.21,970,0
48,Male,65,8.8821,0.85,668,0
32,Male,68,15.95,0.8,520,0
45,Female,68,12.051,0.38,207,0
21,Female,54,17.7,0.57,259,0
53,Male,54,8.4723,0.87,181,0
18,Female,60,12.2235,0.94,122,0
61,Female,54,12.7224,0.18,105,0
51,Male,58,8.5972,0.75,731,0
64,Male,66,3.2997,0.22,231,0
34,Female,56,2.3151,0.12,994,0
56,Male,57,0.8234,0.17,487,0
55,Female,61,17.4466,0.62,750,0
61,Male,61,5.0876,0.44,253,0
50,Female,67,4.6032,0.21,93,0
38,Male,50,14.7791,0.53,261,0
43,Other,53,6.7083,0.56,303,0
63,Female,47,10.3173,0.81,57,1
53,Female,60,3.6527,0.7,99,1
22,Male,54,19.1191,0.52,227,0
50,Female,42,17.0207,0.39,508,0
18,Female,44,17.2575,0.1,614,0
23,Female,51,8.3914,0.85,76,1
54,Male,55,15.2898,0.34,498,0
19,Female,59,3.2912,0.29,214,1
22,Female,57,0.6672,0.76,150,0
43,Male,71,0.8875,0.16,275,0
58,Male,72,11.8801,0.34,131,0
64,Male,64,9.3347,0.49,135,0
30,Male,58,10.5495,0.5,344,0
29,Female,50,0.6448,0.24,282,0
22,Female,49,8.7001,0.14,640,0
19,Male,68,14.4305,0.52,914,0
21,Female,54,9.0883,0.42,676,0
44,Male,74,14.7051,0.36,97,0
27,Male,55,5.0206,0.34,352,0
30,Female,62,16.275,0.55,122,0
61,Male,71,11.9156,0.12,150,0
19,Female,57,4.5888,0.2,462,0
43,Male,72,5.0924,0.39,103,0
32,Female,70,12.6838,0.53,679,0
63,Male,71,16.6008,0.72,312,0
27,Other,49,8.5632,0.36,112,0
39,Female,60,5.511,0.7,124,1
57,Male,60,17.32,0.45,116,0
42,Male,60,13.4838,0.8,134,0
32,Male,63,9.1929,0.53,99,1
30,Female,43,9.9653,0.59,268,1
25,Male,71,4.4626,0.49,220,1
38,Female,42,12.66,0.22,318,0
38,Male,75,7.4596,0.25,78,1
39,Male,63,19.8155,0.46,337,0
63,Male,83,9.8156,0.19,161,0
50,Male,64,9.9262,0.23,626,0
62,Female,50,11.4775,0.66,213,0
44,Male,68,18.2851,0.67,83,1
57,Female,55,16.0359,0.21,179,0
39,Female,57,9.2519,0.87,261,1
47,Male,64,14.4428,0.87,118,1
26,Female,49,11.873,0.44,364,0
62,Male,66,10.0519,0.55,252,0
52,Female,54,4.2309,0.82,57,1
35,Male,63,9.5004,0.79,56,1
59,Male,70,5.2689,0.43,151,1
22,Male,53,18.2479,0.39,176,0
44,Male,73,7.0069,0.7,999,0
23,Other,62,18.9739,0.43,321,0
49,Female,49,10.8413,0.72,214,1
25,Male,69,12.752,0.22,274,0
56,Female,47,11.033,0.7,201,0
38,Female,63,3.01,0.81,124,1
35,Male,57,7.7909,0.91,136,1
31,Female,52,2.4234,0.51,322,1
32,Male,66,12.5853,0.6,316,0
59,Female,56,9.1694,0.36,236,0
43,Female,59,15.5929,0.24,115,0
61,Other,45,4.7771,0.26,103,0
49,Male,67,3.6926,0.86,525,1
56,Female,67,8.3828,0.59,816,0
45,Male,66,18.4758,0.44,167,0
56,Male,42,14.2822,0.88,348,0
60,Other,54,8.6271,0.2,119,0
49,Female,71,10.5351,0.63,101,1
30,Male,59,2.1337,0.81,341,1
32,Female,49,19.6008,0.21,327,0
35,Male,54,13.4283,0.21,168,0
56,Male,51,6.0368,0.13,288,0
23,Female,57,11.8647,0.95,586,0
28,Female,55,2.624,0.72,304,1
49,Male,62,19.2372,0.16,112,0
57,Female,56,3.8908,0.7,93,1
37,Male,62,13.0718,0.37,484,0
50,Male,59,5.2618,0.2,427,0
57,Male,58,14.4207,0.99,249,0
25,Female,53,15.5703,0.26,58,0
52,Female,42,13.5643,0.82,637,0
22,Male,62,12.4213,0.89,67,1
52,Male,75,17.8139,0.58,69,1
64,Female,42,2.0254,0.98,659,1
31,Female,54,6.9197,0.21,438,0
38,Male,68,5.3168,0.96,130,1
64,Male,64,19.6675,0.16,94,0
41,Other,45,8.0542,0.53,319,0
34,Female,61,14.7127,0.87,292,1
35,Male,72,13.7837,0.6,150,1
51,Female,54,4.6144,0.63,210,1
29,Male,67,5.1366,0.24,529,0
33,Male,64,5.9569,0.99,108,1
21,Female,51,8.4759,0.31,118,0
42,Male,60,5.0459,0.87,166,1
51,Male,62,0.8812,0.96,316,1
45,Female,53,17.5602,0.35,198,0
63,Female,60,19.2328,0.76,121,0
28,Female,54,7.1265,0.17,101,1
30,Male,54,7.067,0.77,901,0
48,Female,50,0.6376,0.54,139,1
42,Female,52,13.6969,0.21,86,0
56,Male,71,16.5135,0.91,225,1
27,Female,52,3.3442,0.71,72,1
41,Male,51,3.5975,0.25,193,1
18,Other,50,15.8276,0.58,209,0
42,Female,59,12.456,0.39,76,1
45,Male,70,1.3703,0.74,287,1
53,Female,46,12.5774,0.66,260,0
35,Male,88,6.493,0.27,332,0
23,Female,52,7.6533,0.32,345,1
19,Male,48,15.4328,0.73,163,0
20,Male,70,16.2321,0.71,116,0
63,Female,59,8.2669,0.38,320,0
25,Female,48,18.8748,0.53,149,0
48,Male,54,8.3854,0.52,460,0
65,Female,56,15.4736,0.21,758,0
36,Female,42,9.8872,0.66,63,1
23,Male,57,17.9121,0.34,82,0
31,Male,66,18.1106,0.51,154,0
20,Female,62,2.1959,0.16,335,0
65,Male,63,18.668,0.65,287,0
18,Female,52,16.5154,0.86,164,1
61,Female,65,15.8514,0.61,307,0
47,Female,42,4.3977,0.64,243,1
63,Male,71,16.1193,0.71,360,1
36,Female,67,16.9926,0.28,76,0
36,Male,66,6.1095,0.16,71,0
26,Female,60,18.9738,0.87,310,0
24,Male,81,1.4673,0.86,87,1
63,Male,83,3.4082,0.59,789,0
54,Male,69,10.9291,0.28,117,1
58,Male,63,11.6704,0.84,87,1
24,Female,45,13.0159,0.3,63,1
26,Female,52,0.8292,0.87,137,1
21,Female,52,19.1311,0.48,304,0
42,Male,59,1.365,0.15,191,0
29,Male,58,3.2754,0.84,765,0
23,Female,51,0.7719,0.6,293,1
35,Female,64,11.4971,0.39,108,0
57,Male,76,18.586,0.51,196,0
38,Female,50,13.4194,0.9,903,0
32,Female,60,16.4596,0.28,118,1
20,Female,58,0.7577,0.19,106,0
19,Male,61,11.0151,0.81,320,1
58,Female,60,9.4155,0.66,362,1
57,Male,79,10.18,0.88,188,0
21,Female,50,1.9009,0.38,628,0
49,Male,53,13.778,0.61,99,0
19,Female,42,10.2625,0.14,130,0
63,Female,49,15.3439,0.86,100,0
46,Male,70,9.9146,0.27,61,0
19,Female,54,3.398,0.2,157,0
51,Female,58,13.0762,0.54,72,1
44,Male,48,3.8443,0.77,135,1
56,Male,72,17.4245,0.29,75,0
61,Male,76,12.3945,0.31,97,0
55,Female,44,3.5498,0.38,101,0
35,Female,54,19.1694,0.83,480,0
53,Female,69,10.5563,0.77,161,0
36,Male,63,1.9142,0.34,353,1
44,Male,58,12.6606,0.33,163,0
62,Male,55,5.4121,0.92,300,0
37,Other,62,16.0917,0.65,87,0
38,Male,42,16.3657,0.3,465,0
40,Male,70,19.4916,0.23,579,0
47,Female,60,10.2363,0.16,143,0
42,Female,61,9.3262,0.32,323,0
48,Male,63,15.1174,0.75,574,0
44,Male,62,3.0699,0.43,259,1
51,Female,49,11.1102,0.97,792,0
25,Female,56,11.0972,0.39,96,1
36,Male,59,2.2358,0.24,202,0
58,Female,58,8.6089,0.26,882,0
43,Female,55,17.0537,0.54,106,0
45,Female,45,17.1094,0.94,334,1
21,Male,56,2.4252,0.91,159,1
48,Male,66,2.26,0.26,677,0
33,Female,60,5.5963,0.78,91,1
27,Female,48,17.4705,0.78,946,0
55,Female,48,3.0007,0.25,361,0
65,Female,47,14.4679,0.37,616,0
27,Male,46,2.4626,0.17,185,0
62,Male,55,12.5889,0.17,257,0
26,Male,72,7.4077,0.5,644,0
56,Female,48,15.8049,0.54,65,0
53,Female,56,5.0336,0.13,879,0
53,Male,73,12.9005,0.97,74,1
36,Male,75,5.0722,0.54,86,1
36,Female,47,14.345,0.81,344,0
29,Female,61,17.4494,0.67,91,0
30,Female,48,2.96,0.66,229,1
42,Male,83,17.312,0.37,166,0
53,Female,55,12.0154,0.9,78,1
42,Male,59,2.9659,0.37,87,1
45,Male,63,8.7943,0.96,275,1
59,Male,65,3.6207,0.14,986,0
56,Male,62,14.0867,0.2,547,0
47,Female,55,15.222,0.75,57,1
22,Female,51,2.5525,0.65,388,0
34,Male,60,10.3191,0.75,356,1
35,Female,50,16.3037,0.68,330,0
60,Male,76,18.6616,0.57,112,0
64,Male,68,10.4622,0.13,202,0
38,Male,50,18.9354,0.83,232,0
39,Male,79,10.8924,0.56,130,0
56,Male,69,8.1473,0.2,800,0
23,Female,54,16.9551,0.27,180,0
33,Female,58,10.0639,0.7,313,1
19,Female,57,9.6549,0.17,175,1
18,Male,57,10.0121,0.88,78,0
47,Female,68,16.9276,0.81,357,0
60,Female,54,16.6397,0.38,145,0
54,Female,54,8.3283,0.9,86,1
65,Male,68,6.966,0.9,364,0
40,Other,59,10.0434,0.85,684,0
18,Female,52,11.6118,0.38,153,0
36,Female,51,5.1237,0.69,797,1
63,Male,73,15.9027,0.51,302,0
20,Female,54,9.9378,0.58,486,0
19,Female,61,6.9805,0.47,323,1
54,Male,64,2.5723,0.1,263,0
34,Male,60,5.1336,0.11,327,0
45,Female,60,18.9161,0.8,79,1
35,Male,76,6.4189,0.95,567,1
50,Male,62,3.7759,0.31,229,0
32,Female,58,9.4371,0.59,538,0
39,Male,56,6.4575,0.38,299,1
58,Female,54,1.1821,0.53,272,1
44,Female,55,6.769,0.21,105,1
54,Male,68,11.0557,0.75,107,1
49,Female,56,11.2032,0.56,435,0
62,Male,61,7.4172,0.38,323,0
36,Female,62,9.1777,0.7,787,0
45,Female,63,19.231,0.56,352,1
45,Male,59,7.8206,0.46,967,0
27,Female,52,5.5096,0.58,274,1
37,Female,52,5.2233,0.96,252,1
42,Male,60,9.3806,0.16,145,0
38,Male,65,15.2347,0.93,790,0
31,Male,55,4.4962,0.21,894,0
39,Female,44,14.2603,0.29,216,0
43,Male,65,0.9103,0.98,282,1
61,Male,64,8.6273,0.83,194,0
28,Male,63,15.5518,0.42,300,1
24,Female,54,7.0714,0.46,900,0
34,Female,60,11.4365,0.37,235,0
35,Female,58,4.4766,0.3,280,0
24,Male,66,14.8947,0.15,189,0
37,Male,60,1.5142,0.13,275,0
55,Male,65,17.0393,0.55,651,0
28,Male,53,4.345,0.58,155,1
61,Female,49,17.4633,0.79,84,1
33,Male,70,7.3391,0.19,337,0
44,Female,46,14.5201,0.56,341,1
28,Female,56,6.693,0.93,333,1
33,Female,51,18.0747,0.87,105,1
40,Female,48,2.9568,0.58,92,1
29,Female,48,3.9633,0.22,249,0
57,Male,63,10.0648,0.24,344,0
20,Female,48,2.0896,0.53,199,1
19,Female,52,4.302,0.66,190,1
55,Female,51,18.8091,0.98,103,0
65,Male,66,19.4439,0.85,110,0
41,Male,56,7.7994,0.47,105,0
46,Other,47,18.4117,0.42,293,0
64,Male,72,11.0696,0.11,205,0
63,Male,53,5.733,0.11,392,0
51,Male,52,14.1265,0.53,295,0
37,Female,55,13.2827,0.16,141,0
35,Male,82,19.689,0.24,253,0
31,Female,56,5.6419,0.98,239,1
35,Male,63,13.538,0.75,517,0
19,Male,57,1.5093,0.51,692,0
18,Female,54,2.7047,0.87,58,1
37,Female,60,0.576,0.26,272,0
51,Male,73,19.8895,0.45,265,0
58,Male,59,16.0641,0.37,425,0
58,Male,63,15.7624,0.99,247,0
65,Male,65,10.3887,0.91,65,0
28,Female,62,6.3213,0.57,154,0
44,Male,66,3.4345,0.48,143,1
40,Male,56,6.0227,0.99,302,1
55,Male,55,7.7938,0.29,693,0
61,Male,57,15.1724,0.47,72,0
20,Female,48,10.9694,0.74,764,0
29,Male,70,2.0032,0.73,759,1
47,Male,62,0.8498,0.62,702,0
48,Male,42,2.4852,0.96,257,1
40,Female,57,8.4637,0.32,198,0
18,Female,59,18.6039,0.61,108,0
58,Male,68,12.8656,0.83,535,0
37,Female,56,16.0554,0.31,351,1
23,Female,42,9.5477,0.88,119,1
28,Male,67,7.5163,0.68,236,1
52,Male,56,2.603,0.44,276,1
21,Female,51,17.4931,0.68,217,0
46,Female,68,15.6933,0.94,265,1
27,Other,47,3.7615,0.99,249,1
46,Male,68,10.4379,0.35,272,0
55,Female,42,9.9551,0.92,58,1
18,Male,77,12.6268,0.13,170,0
57,Female,49,18.856,0.11,100,0
25,Female,42,11.7476,0.64,141,1
55,Female,62,10.9802,0.53,81,0
34,Male,67,1.4763,0.52,778,0
36,Male,62,1.7204,0.31,208,1
50,Female,47,4.1345,0.64,208,1
32,Male,70,1.1299,0.12,338,0
62,Male,72,14.921,0.49,109,0
48,Male,58,14.5326,0.43,213,0
38,Male,70,3.1395,0.27,242,1
20,Female,51,16.7199,0.56,86,0
19,Male,58,3.5028,0.72,78,1
52,Male,65,6.3428,0.83,545,1
58,Male,60,5.3302,0.52,149,0
33,Female,50,7.7228,0.32,82,1
62,Female,70,5.4405,0.29,100,0
38,Female,51,9.9856,0.62,337,0
29,Female,51,8.4037,0.45,121,0
45,Male,49,19.6394,0.39,206,0
29,Female,43,1.585,0.57,77,1
50,Female,60,3.2583,0.6,251,1
37,Female,61,1.5248,0.31,166,1
57,Male,76,12.6413,0.44,203,0
38,Female,55,1.5575,0.74,208,1
56,Female,63,16.7269,0.45,119,0
58,Female,56,10.4316,0.5,184,0
59,Female,57,10.7239,0.68,313,0
53,Male,75,11.3949,0.27,728,0
39,Male,70,3.8138,0.88,126,1
43,Female,57,4.3352,0.4,455,0
24,Male,71,6.6851,0.72,972,0
24,Female,50,12.0138,0.37,137,0
25,Male,45,4.5763,0.68,238,1
43,Male,57,2.7568,0.35,160,1
41,Male,55,19.3203,0.77,364,0
41,Female,60,0.9264,0.19,941,1
57,Male,65,16.0723,0.38,188,0
65,Female,58,15.7879,0.61,144,0
29,Female,66,6.266,0.67,175,1
64,Female,67,3.1312,0.22,120,0
25,Male,51,3.3252,0.39,602,0
26,Female,53,14.0302,0.19,465,0
20,Other,57,12.9704,0.85,77,0
38,Male,54,15.6853,0.99,173,1
48,Female,53,18.6871,0.36,200,0
65,Male,58,13.9234,0.53,279,0
64,Male,67,3.5235,0.56,504,0
41,Male,55,5.2228,0.25,249,0
21,Female,66,16.8386,0.7,312,0
37,Female,60,4.5605,0.57,345,1
33,Male,69,1.9069,0.56,127,1
27,Female,44,14.1436,0.15,228,0
60,Female,55,8.309,0.17,110,0
43,Female,47,18.3488,0.97,72,0
46,Other,49,13.1149,0.95,172,0
22,Male,61,2.2541,0.12,163,0
28,Female,61,18.8884,0.59,320,0
46,Female,42,5.516,0.16,147,0
62,Female,47,7.0419,0.81,695,0
32,Male,71,8.3039,0.14,621,0
23,Male,79,1.4938,0.59,267,0
65,Female,48,10.1324,0.66,86,0
32,Male,56,2.8924,0.19,353,0
60,Male,67,8.2788,0.63,303,0
37,Female,66,7.3038,0.95,378,1
51,Male,76,15.4931,0.19,266,0
19,Female,53,16.0815,0.72,328,0
61,Male,73,3.4762,0.34,223,0
33,Female,47,7.6111,0.35,182,1
36,Other,62,7.7431,0.59,499,0
51,Female,56,3.4374,0.94,472,1
31,Male,47,15.99,0.31,274,0
41,Female,59,14.2202,0.99,158,1
45,Male,63,4.1934,0.18,149,0
65,Male,78,7.6144,0.95,78,1
49,Female,65,2.5526,0.12,106,1
54,Other,63,12.6872,0.25,93,0
27,Other,52,2.8546,0.98,991,1
62,Male,75,19.6271,0.34,116,0
65,Female,50,15.6452,0.11,71,0
26,Female,63,8.0706,0.9,325,1
41,Male,62,11.7241,0.92,295,1
53,Female,44,18.18,0.77,610,0
46,Female,51,11.2495,0.95,80,1
46,Male,56,3.8853,0.34,824,0
65,Female,42,7.8468,0.68,91,1
40,Male,43,16.857,0.77,882,0
44,Male,70,12.9977,0.98,270,1
48,Male,68,13.1241,0.91,236,0
60,Female,59,17.3163,0.15,310,0
24,Male,62,17.8431,0.41,321,0
62,Male,75,18.344,0.65,294,0
21,Female,57,2.3401,0.87,100,1
31,Male,60,11.056,0.35,96,1
59,Female,62,14.8659,0.11,445,0
59,Male,68,15.1844,0.27,156,0
27,Male,63,12.2703,0.48,471,0
61,Male,61,3.7357,0.16,351,0
51,Male,68,15.97,0.14,349,0
43,Female,46,14.4702,0.46,119,0
40,Male,46,2.171,0.68,766,1
26,Female,54,9.4979,0.74,295,0
54,Male,56,3.8752,0.58,118,1
25,Female,42,7.0471,0.49,154,0
31,Female,55,0.8508,0.12,66,1
24,Male,50,8.2664,0.34,613,0
24,Female,46,11.1676,0.7,58,1
26,Female,47,12.5199,0.5,94,1
20,Female,48,13.3717,0.34,77,0
31,Male,60,16.7241,0.31,92,0
34,Male,58,4.68,0.12,161,0
61,Male,69,2.8373,0.84,270,1
39,Female,56,17.0198,0.89,128,1
63,Female,59,3.5383,0.43,274,0
43,Female,58,19.4103,0.73,322,0
45,Male,53,16.8452,0.16,170,0
62,Male,50,10.217,0.9,664,0
31,Male,63,19.5396,0.92,351,0
26,Male,63,2.3891,0.24,57,0
43,Male,66,6.3795,0.8,176,1
19,Male,54,12.8816,0.53,201,0
28,Female,59,7.2901,0.71,283,1
34,Male,80,18.5104,0.53,281,0
51,Male,65,1.7731,0.17,535,0
36,Female,51,11.1586,0.86,302,1
56,Other,53,11.9628,0.18,293,0
35,Male,61,13.1629,0.42,71,0
30,Female,50,5.4599,0.99,341,1
22,Male,57,7.5726,0.48,147,0
40,Male,59,16.8674,0.84,205,1
41,Female,68,4.2819,0.25,59,1
46,Female,69,16.5412,0.85,230,1
65,Female,54,11.4155,0.52,449,0
64,Female,57,15.2864,0.56,164,0
25,Male,72,14.344,0.97,100,1
43,Female,49,4.5257,0.9,72,1
32,Male,68,11.535,0.41,317,1
18,Male,74,17.3338,0.95,115,1
45,Male,58,8.8831,0.19,737,0
64,Male,67,19.2519,0.12,221,0
63,Female,59,9.273,0.58,178,0
31,Female,52,3.27,0.79,888,1
59,Female,51,8.055,0.3,97,0
51,Female,52,18.963,0.17,343,0
48,Female,46,6.7026,0.86,72,1
23,Female,51,17.3411,0.99,67,1
22,Other,69,17.5963,0.72,111,0
48,Male,58,7.2936,0.98,462,1
54,Male,63,2.1152,0.85,127,1
32,Female,55,14.5564,0.33,87,0
32,Female,59,6.5433,0.2,176,1
60,Female,74,15.6887,0.83,71,0
22,Male,63,9.0875,0.69,103,1
45,Female,42,9.9142,0.83,203,1
50,Female,54,15.5914,0.75,86,0
28,Female,42,7.9178,0.55,530,1
60,Male,58,9.0967,0.95,247,1
23,Male,71,7.7981,0.78,84,1
40,Male,61,7.6264,0.11,56,1
57,Female,43,10.7034,0.73,270,0
19,Male,66,16.1907,0.59,335,0
32,Male,58,7.5183,0.22,173,0
40,Male,69,10.6705,0.49,350,0
39,Male,68,13.5121,0.57,355,0
26,Male,55,5.7271,0.52,270,0
64,Male,81,5.8839,0.49,919,0
57,Female,53,18.6082,0.67,90,0
47,Male,42,14.5366,0.69,57,1
33,Male,68,11.6974,0.73,341,1
63,Male,42,13.0658,0.79,359,0
64,Female,51,1.0684,0.85,275,1
47,Male,66,12.4912,0.62,214,0
62,Male,64,10.3845,0.17,216,0
26,Male,64,11.0875,0.43,57,0
18,Female,47,7.4728,0.1,202,0
55,Female,48,2.0806,0.64,780,0
25,Male,64,4.2508,0.98,108,1
35,Male,65,18.9444,0.84,129,0
44,Male,42,8.4288,0.54,208,0
35,Female,56,9.5537,0.74,74,0
49,Female,45,1.5226,0.77,74,1
49,Male,68,1.2288,0.64,102,1
65,Female,49,14.4133,0.9,149,0
62,Male,79,10.939,0.39,334,0
53,Female,56,10.3689,0.71,427,0
53,Female,52,5.2166,0.16,73,0
38,Female,54,14.9482,0.22,877,0
63,Male,47,3.7638,0.94,327,1
49,Female,54,4.1847,0.59,87,1
48,Male,59,9.4378,0.78,87,1
54,Male,47,6.0538,0.88,248,1
33,Male,64,5.3008,0.94,984,1
63,Male,63,13.0176,0.18,265,0
63,Male,62,13.1289,0.73,219,0
31,Other,47,16.4956,0.67,63,0
41,Female,62,8.6035,0.64,83,1
42,Male,73,1.9179,0.23,76,1
63,Male,68,5.8091,0.8,93,1
52,Male,75,19.5121,0.38,180,0
34,Male,59,12.0674,0.3,886,0
63,Male,68,14.2689,0.74,57,0
59,Male,47,0.6427,0.29,241,0
62,Female,59,10.5532,0.55,97,0
21,Female,49,1.2281,0.39,64,1
28,Female,60,11.5431,0.84,110,1
64,Female,45,18.363,0.96,58,0
32,Male,60,19.2873,0.84,57,0
47,Male,64,10.9867,0.46,128,0
41,Female,60,9.3892,0.25,262,1
19,Female,63,18.8333,0.73,362,0
60,Female,51,13.568,0.91,202,0
51,Male,65,1.759,0.46,156,1
40,Female,47,9.5351,0.14,848,0
48,Male,55,5.1608,0.21,429,0
54,Female,54,9.6142,0.44,583,0
30,Female,52,9.336,0.55,316,0
50,Male,78,11.7936,0.36,250,0
24,Female,65,7.4213,0.54,66,0
49,Female,50,3.6868,0.96,324,1
24,Female,48,10.2722,0.17,107,0
59,Male,64,16.6059,0.82,60,0
55,Female,52,13.3818,0.51,117,0
61,Male,65,7.0643,0.69,152,0
30,Female,48,18.6491,0.97,363,0
41,Male,75,18.1968,0.51,911,0
45,Male,74,4.5614,0.19,82,0
49,Male,74,1.2647,0.85,466,0
60,Male,71,14.8814,0.34,280,0
35,Male,77,16.5556,0.91,307,0
51,Male,54,19.2766,0.17,268,0
65,Male,85,17.7628,0.31,222,0
51,Male,75,12.1504,0.97,316,1
55,Male,64,10.783,0.89,238,1
18,Male,75,1.0401,0.3,164,0
60,Female,62,5.2851,0.8,176,1
59,Female,64,9.4165,0.18,324,0
48,Male,70,12.693,0.24,287,0
18,Female,66,11.3107,0.26,328,0
33,Female,58,14.9071,0.14,110,0
56,Male,73,5.9275,0.54,389,0
32,Male,61,11.4601,0.45,246,1
50,Male,72,2.21,0.63,62,1
40,Female,60,8.5251,0.72,193,1
58,Male,49,15.0531,0.64,185,0
51,Female,50,13.952,0.35,221,0
34,Male,73,19.7185,0.17,204,0
42,Female,50,5.8911,0.76,312,1
59,Male,76,10.1649,0.38,277,0
23,Male,54,6.8929,0.32,926,0
48,Male,71,9.0477,0.72,154,0
22,Female,47,17.1248,0.5,172,0
57,Male,63,13.7737,0.28,286,0
57,Male,54,17.6194,0.79,231,1
47,Female,44,4.4481,0.83,478,1
22,Female,58,17.4432,0.99,186,0
29,Male,59,1.6594,0.52,108,1
24,Male,64,17.7388,0.13,868,0
62,Male,62,6.884,0.57,199,0
30,Male,74,6.603,0.12,119,0
21,Female,53,10.4345,0.95,219,0
59,Male,63,18.7494,0.26,194,0
20,Female,65,1.427,0.93,684,1
29,Male,65,7.3333,0.96,582,0
18,Male,60,17.1175,0.8,83,0
44,Female,42,8.1835,0.18,408,0
60,Female,52,4.3636,0.6,191,1
30,Male,66,8.741,0.42,243,0
34,Female,56,7.9797,0.84,325,1
25,Female,55,18.2591,0.37,61,0
49,Male,54,15.2815,0.51,359,0
37,Male,61,10.2992,0.62,117,1
34,Male,64,19.6744,0.13,170,0
51,Female,42,9.5264,0.65,752,1
52,Male,59,1.6298,0.41,908,0
52,Female,59,5.5881,0.58,111,1
55,Female,51,8.9598,0.21,79,0
59,Female,60,3.5439,0.4,952,0
41,Female,47,18.8828,0.62,242,0
35,Male,80,15.3769,0.61,566,0
63,Female,57,5.7048,0.24,187,0
65,Female,60,11.9616,0.47,147,0
56,Female,52,14.4961,0.57,64,0
50,Female,51,18.7608,0.17,81,0
40,Female,54,17.6037,0.64,196,0
42,Male,81,10.4947,0.31,96,1
54,Male,79,15.5283,0.93,134,1
44,Male,71,11.4056,0.34,148,1
18,Other,58,11.2225,0.81,206,0
38,Female,44,2.726,0.62,572,1
27,Male,58,2.9471,0.72,157,1
48,Female,49,10.773,0.91,305,1
61,Male,61,5.7159,0.86,769,0
42,Male,74,0.9081,0.21,154,0
37,Male,52,14.5231,0.94,70,1
19,Female,55,1.1302,0.22,195,1
65,Other,55,12.0484,0.38,341,0
32,Other,64,10.9604,0.57,229,0
45,Male,70,19.295,0.94,109,1
30,Female,49,9.8937,0.66,98,1
31,Female,68,1.7339,0.89,353,1
19,Male,50,11.2027,0.95,99,1
51,Female,57,16.8173,0.77,218,0
52,Female,47,19.8389,0.53,238,0
54,Female,44,8.8487,0.45,129,1
42,Male,64,6.7138,0.35,57,0
65,Female,68,18.0891,0.56,98,0
32,Female,46,4.2101,0.14,243,0
29,Female,52,12.4393,0.31,157,1
26,Male,58,8.3709,0.42,932,0
48,Female,60,1.297,0.87,213,1
31,Male,58,7.2374,0.44,352,0
46,Male,54,5.6454,0.32,238,1
65,Female,42,13.8102,0.8,917,0
60,Other,70,18.9065,0.95,539,0
55,Female,46,5.7001,0.8,973,0
59,Female,62,16.2424,0.21,400,0
25,Male,74,1.574,0.39,289,0
65,Male,75,10.9395,0.64,106,0
20,Female,57,1.8687,0.28,296,1
19,Female,62,18.6202,0.67,113,0
33,Female,70,15.3672,0.31,86,0
36,Female,47,13.2642,0.59,152,1
47,Female,43,16.4836,0.74,223,0
58,Female,55,13.0619,0.81,260,0
33,Male,90,19.2975,0.82,322,0
48,Male,82,14.3508,0.8,351,1
45,Male,73,18.4384,0.22,443,0
21,Female,63,10.5324,0.99,342,0
27,Female,62,2.771,0.79,280,0
62,Female,50,10.7466,0.19,153,0
35,Male,72,2.9613,0.73,859,0
64,Female,47,11.9944,0.52,297,0
49,Female,44,9.8604,0.49,70,1
47,Male,75,12.578,0.71,126,0
53,Other,70,0.6949,0.25,256,0
26,Male,51,4.2799,0.99,225,1
53,Male,67,10.0318,0.59,273,0
46,Male,70,18.9398,0.64,249,0
33,Male,60,7.942,0.48,93,0
45,Female,62,8.7328,0.65,98,1
38,Male,62,14.3651,0.7,755,0
64,Female,64,12.2136,0.41,235,0
19,Male,62,6.2992,0.52,257,0
63,Male,67,8.4698,0.33,278,0
52,Female,58,4.7234,0.79,280,1
45,Female,57,19.2408,0.76,227,0
53,Male,72,3.0343,0.83,230,1
48,Other,69,7.7136,0.73,839,0
50,Female,60,1.0013,0.12,133,0
40,Male,63,4.8025,0.27,671,0
58,Male,65,15.6411,0.45,63,0
34,Male,56,4.4028,0.31,444,0
63,Female,53,2.0532,0.58,240,1
18,Male,77,9.7044,0.91,77,1
59,Male,77,0.6934,0.76,328,1
40,Male,51,2.1445,0.34,290,0
65,Male,49,16.1679,0.46,79,0
44,Female,53,15.4666,0.15,267,0
42,Female,56,18.2537,0.11,359,0
49,Male,54,17.0776,0.48,140,0
36,Male,68,13.7536,0.76,117,1
41,Male,65,1.5153,0.87,585,1
20,Female,54,15.6873,0.49,114,0
29,Female,50,16.9029,0.26,94,0
52,Male,61,16.0022,0.34,311,0
32,Male,60,10.3645,0.5,844,0
34,Male,74,5.0183,0.68,291,1
49,Female,54,16.8994,0.59,281,0
24,Female,57,14.607,0.86,166,1
36,Male,61,19.5268,0.12,128,0
24,Male,70,3.5204,0.99,98,1
22,Male,61,4.8779,0.94,231,1
57,Female,54,4.6089,0.23,58,1
38,Male,54,15.8753,0.14,136,0
65,Male,75,4.126,0.66,299,1
65,Female,48,1.7932,0.75,79,0
64,Male,67,19.8721,0.53,974,0
24,Female,59,0.9815,0.35,251,1
54,Male,73,16.7037,0.68,93,0
40,Female,64,7.5881,0.67,654,0
28,Male,61,16.8273,0.23,98,0
27,Female,49,11.2596,0.82,57,1
38,Male,61,17.9916,0.77,157,0
58,Male,53,18.4681,0.18,77,0
50,Female,62,0.6765,0.52,930,1
37,Female,51,1.963,0.45,118,1
50,Male,66,5.357,0.52,114,1
57,Female,51,13.4847,0.52,410,0
52,Male,61,17.7325,0.57,74,0
51,Female,60,9.4229,0.35,457,0
53,Male,67,12.2753,0.52,239,0
44,Male,65,4.1569,0.19,64,1
36,Male,64,16.1164,0.26,98,0
60,Female,51,19.2662,0.18,130,0
22,Female,72,5.7108,0.27,260,0
46,Male,52,10.0996,0.1,96,0
27,Female,59,2.1707,0.13,133,1
57,Male,70,11.3473,0.82,153,1
30,Male,79,10.254,0.28,323,0
46,Female,57,3.3021,0.57,205,1
22,Male,75,9.0761,0.43,332,0
29,Female,71,6.9816,0.4,82,1
30,Female,53,10.6235,0.87,68,1
39,Male,74,11.8617,0.54,994,0
57,Female,69,0.6648,0.57,308,1
32,Male,59,15.2635,0.51,103,0
30,Male,68,14.3325,0.34,98,0
18,Male,84,7.606,0.71,304,1
55,Male,61,1.527,0.14,169,0
60,Male,72,15.1457,0.35,114,0
62,Female,42,19.0304,0.7,263,0
18,Female,49,5.1589,0.13,181,0
28,Female,58,6.7764,0.12,716,0
60,Male,67,4.066,0.44,105,1
57,Male,63,11.6926,0.33,330,0
39,Other,61,3.5039,0.73,57,1
52,Male,57,7.4102,0.78,310,1
61,Other,71,14.0221,0.13,149,0
23,Female,57,11.3663,0.49,94,1
45,Female,61,7.9974,0.95,318,1
48,Male,70,8.6528,0.38,274,0
25,Male,75,11.405,0.28,205,0
22,Female,58,0.6138,0.57,311,1
59,Female,60,2.0231,0.51,108,1
65,Male,62,17.5964,0.3,110,0
61,Female,56,2.0109,0.3,63,1
34,Male,74,14.212,0.72,195,1
55,Female,61,18.3487,0.39,319,0
26,Female,50,5.7513,0.99,109,1
27,Male,50,7.6875,0.36,168,0
37,Male,75,11.5371,0.59,167,0
31,Male,61,17.6052,0.17,452,0
31,Male,70,18.773,0.58,720,0
43,Male,65,14.8475,0.51,186,0
46,Male,50,2.1804,0.41,99,1
44,Male,76,13.4816,0.49,231,1
42,Female,50,8.4599,0.26,278,0
33,Female,57,9.6316,0.84,226,1
53,Male,68,1.4535,0.93,145,1
51,Male,54,4.2066,0.85,352,1
33,Male,73,15.836,0.82,229,0
50,Female,59,9.3068,0.59,185,1
20,Female,50,6.3522,0.4,277,1
40,Other,55,7.95,0.25,108,0
28,Male,55,17.0754,0.84,220,0
65,Female,61,15.0306,0.14,363,0
35,Female,53,5.7829,0.26,66,1
64,Female,63,2.7795,0.46,784,0
58,Female,42,5.3888,0.28,818,0
61,Male,64,18.3627,0.62,88,0
46,Female,55,11.7828,0.75,91,1
22,Female,60,10.8495,0.92,322,1
41,Male,66,12.07,0.29,232,0
46,Male,60,7.6009,0.35,334,1
46,Male,65,16.1579,0.75,173,0
43,Male,63,10.6518,0.3,958,0
57,Male,62,2.7649,0.45,133,0
20,Other,48,3.0039,0.78,65,1
19,Female,61,10.9151,0.44,318,0
42,Female,54,18.6695,0.23,138,0
36,Female,54,6.482,0.34,511,0
57,Female,61,17.3691,0.17,59,0
19,Female,52,15.3235,0.71,269,0
36,Female,53,5.3076,0.14,125,1
18,Male,62,1.205,0.62,182,0
44,Male,71,2.4758,0.96,94,1
62,Male,75,14.6328,0.87,775,0
52,Male,58,4.3736,0.17,301,0
58,Male,69,7.7027,0.74,826,1
22,Female,51,10.233,0.72,266,0
55,Female,61,14.5741,0.37,214,0
21,Male,67,2.6967,0.2,470,0
34,Other,59,8.3835,0.87,814,0
38,Male,59,9.9104,0.6,477,0
65,Female,45,10.992,0.73,109,0
48,Female,60,16.3762,0.51,302,0
65,Female,47,3.8306,0.3,81,0
39,Male,71,16.1719,0.33,268,0
28,Female,55,13.9418,0.58,64,1
51,Male,67,11.2839,0.31,286,0
32,Female,53,14.0708,0.46,267,0
27,Male,65,8.4931,0.17,318,1
55,Female,55,3.1849,0.99,262,1
49,Male,84,13.4158,0.66,105,1
65,Female,54,10.6786,0.23,432,0
48,Male,63,12.9039,0.22,110,0
54,Female,49,7.0572,0.53,152,1
61,Female,60,18.0932,0.12,241,0
45,Male,82,11.895,0.47,808,0
48,Male,83,2.1568,0.95,548,1
23,Female,55,9.2262,0.84,103,1
31,Male,60,15.1733,0.94,113,0
40,Male,84,15.9062,0.2,198,0
33,Male,78,10.0952,0.43,318,1
42,Female,57,17.8581,0.6,320,0
56,Male,69,5.6928,0.75,76,0
19,Male,53,8.4656,0.45,275,0
55,Female,49,17.9328,0.39,85,0
58,Male,66,17.8874,0.37,122,0
56,Male,70,13.8028,0.81,91,1
51,Female,62,17.1642,0.44,517,0
57,Female,54,2.2222,0.11,112,0
60,Male,69,17.2809,0.79,240,0
42,Male,82,6.72,0.25,58,0
53,Female,56,3.9596,0.67,272,1
33,Male,56,5.1438,0.13,851,0
35,Other,66,8.6086,0.45,85,0
30,Female,60,5.3731,0.51,932,1
54,Other,55,6.719,0.98,456,1
44,Female,53,3.1186,0.18,181,0
51,Female,63,6.2458,0.78,106,1
28,Female,56,11.6023,0.97,441,0
18,Female,64,9.072,0.35,410,0
30,Female,64,7.2263,0.3,879,0
47,Male,70,14.9812,0.96,698,0
22,Male,65,17.8341,0.54,198,0
35,Male,73,15.1817,0.84,256,1
31,Female,61,6.9408,0.82,317,1
30,Female,43,14.9422,0.39,165,0
49,Other,54,3.4484,0.27,214,0
24,Female,59,3.0282,0.73,153,1
25,Female,42,7.2052,0.55,227,0
24,Male,65,16.1694,0.54,862,0
33,Male,67,5.2792,0.59,107,1
60,Female,53,1.7271,0.12,260,0
48,Female,52,3.0552,0.1,155,0
44,Female,52,17.1597,0.38,102,0
50,Male,69,12.7954,0.39,333,0
46,Female,66,5.4121,0.75,676,1
25,Female,50,11.2727,0.39,212,0
50,Male,69,10.735,0.42,322,0
58,Female,62,13.2155,0.59,125,0
36,Male,68,5.0238,0.63,252,1
38,Male,76,17.2694,0.4,312,0
58,Female,59,6.5018,0.6,362,0
38,Male,47,13.9662,0.66,222,0
42,Male,58,0.8128,0.34,297,1
59,Female,50,7.7295,0.31,193,0
40,Female,51,7.3232,0.9,193,1
28,Male,61,11.0436,0.68,73,1
50,Female,46,1.9111,0.38,432,0
37,Male,55,15.8285,0.6,111,0
42,Other,66,4.7249,0.74,86,1
43,Female,44,13.6345,0.12,177,0
57,Male,53,16.0823,0.93,268,0
29,Male,54,11.4004,0.75,119,1
49,Male,60,14.8731,0.45,280,1
50,Male,64,13.3401,0.94,56,0
27,Female,51,7.3973,0.15,406,0
21,Male,59,16.1919,0.78,214,0
32,Male,58,6.2172,0.57,110,1
23,Female,52,11.5815,0.7,82,0
44,Male,69,14.9607,0.52,235,0
22,Female,54,7.8517,0.23,262,0
22,Male,62,6.3737,0.33,895,0
35,Female,47,9.4113,0.52,434,0
45,Female,69,16.3685,0.93,171,1
52,Female,54,18.5405,0.16,553,0
39,Male,79,11.0746,0.19,337,0
51,Male,52,13.3324,0.24,347,0
21,Male,59,18.0235,0.67,155,0
35,Male,73,2.4118,0.43,70,1
58,Male,61,5.0023,0.23,287,0
43,Female,49,14.2527,0.21,431,0
59,Female,63,16.4806,0.71,320,0
39,Female,44,17.1264,0.52,514,0
64,Male,54,8.5531,0.89,71,1
50,Female,49,2.2332,0.46,362,1
60,Other,63,8.993,0.69,201,0
31,Female,54,4.9763,0.82,247,1
48,Female,42,6.1492,0.96,445,0
27,Other,59,15.482,0.88,308,1
41,Other,65,1.9652,0.8,343,1
38,Male,63,16.5551,0.47,275,0
65,Female,57,8.7968,0.98,179,1
25,Female,57,12.0636,0.34,279,0
49,Female,52,2.2393,0.7,361,0
48,Female,57,7.0448,0.22,177,0
51,Male,73,2.2402,0.65,57,1
40,Female,62,19.1539,0.72,935,0
42,Female,54,16.1609,0.18,569,0
24,Male,76,9.4169,0.37,340,0
36,Female,53,4.8379,0.68,268,1
24,Male,64,18.609,0.64,243,0
64,Male,60,7.1852,0.7,794,0
25,Other,60,3.6231,0.21,74,1
31,Male,75,11.4254,0.56,327,0
18,Female,52,18.8092,0.93,68,1
30,Female,61,0.5743,0.96,84,1
20,Other,72,5.1196,0.21,140,0
45,Female,52,18.7059,0.9,775,0
55,Female,52,3.8191,0.62,302,1
32,Female,54,2.6969,0.78,274,1
53,Male,59,11.5616,0.24,267,0
20,Male,50,17.2198,0.76,923,0
21,Female,58,9.7559,0.16,263,0
22,Female,56,19.7945,0.67,65,1
43,Male,71,13.6759,0.7,987,0
42,Male,52,1.9371,0.7,167,1
27,Female,58,19.7609,0.15,103,0
25,Female,42,8.4131,0.45,352,0
29,Female,47,6.0756,0.77,151,1
20,Female,50,11.3229,0.82,300,0
44,Male,66,6.4036,0.47,781,0
40,Female,55,2.1773,0.25,300,1
57,Female,64,0.5277,0.55,73,1
50,Female,58,9.2219,0.69,304,1
31,Male,73,16.7352,0.93,90,1
40,Male,53,11.6029,0.71,141,0
48,Male,69,19.8846,0.84,348,0
30,Female,46,6.0648,0.34,910,0
29,Female,42,5.9408,0.85,171,1
52,Female,45,3.5991,0.65,328,0
35,Female,62,3.6828,0.59,117,1
38,Female,49,6.0326,0.34,349,1
62,Male,67,15.8811,0.28,328,0
64,Female,61,18.0717,0.59,85,0
59,Male,84,19.4167,0.9,281,0
18,Male,71,5.0064,0.31,318,0
55,Male,60,17.5972,0.35,907,0
58,Male,63,6.8681,0.95,264,0
59,Female,58,2.6891,0.12,826,0
64,Male,54,17.3785,0.54,319,0
26,Male,43,12.8404,0.58,142,1
40,Female,58,3.6958,0.71,152,1
31,Female,56,8.8387,0.27,718,0
28,Female,71,6.0728,0.61,138,1
24,Male,60,14.7938,0.2,240,0
48,Male,55,9.2963,0.34,118,0
41,Female,66,19.692,0.11,156,0
43,Female,53,1.5621,0.51,104,1
47,Male,49,7.3873,0.26,242,0
51,Other,69,9.8489,0.19,111,0
63,Male,67,10.2608,0.41,143,0
55,Male,63,6.6292,0.17,173,0
22,Male,78,14.6473,0.7,77,1
22,Male,65,17.4701,0.28,216,0
36,Other,64,18.7112,0.74,209,0
55,Male,71,16.1188,0.86,257,0
45,Male,60,17.0013,0.77,161,0
43,Male,60,11.1806,0.79,276,1
59,Female,57,16.5222,0.68,600,0
40,Male,53,6.388,0.44,282,0
63,Male,81,8.2305,0.41,147,0
47,Male,66,6.6481,0.61,464,0
20,Female,45,9.5673,0.32,72,1
45,Female,59,6.0402,0.41,246,1
50,Female,63,19.1553,0.24,291,0
59,Female,56,6.5692,0.8,126,1
20,Male,72,2.4021,0.76,94,1
22,Female,63,10.7203,0.55,63,1
36,Male,63,1.6077,0.43,212,1
59,Male,66,2.6445,0.73,56,1
65,Female,42,4.7562,0.18,60,0
18,Female,47,9.5084,0.14,87,0
55,Male,69,8.9051,0.73,333,0
26,Male,60,16.014,0.6,118,0
22,Male,60,14.8458,0.76,178,0
63,Female,60,8.7706,0.35,710,0
59,Male,62,6.9739,0.2,181,0
51,Female,61,6.6395,0.49,980,0
54,Male,72,15.5155,0.48,239,0
50,Male,72,1.5102,0.78,185,1
42,Male,67,0.7487,0.21,90,1
59,Male,58,15.9336,0.95,263,0
46,Male,71,9.7566,0.15,218,0
42,Female,63,3.0391,0.38,59,1
26,Female,58,5.07,0.73,380,1
20,Female,57,18.5906,0.75,570,0
32,Male,57,17.1744,0.61,87,1
21,Female,62,14.2698,0.16,239,0
62,Other,62,9.8552,0.87,354,0
55,Male,65,10.5943,0.67,162,1
37,Other,63,19.4197,0.78,216,0
40,Male,63,19.2359,0.45,78,0
54,Female,60,4.6762,0.32,235,0
64,Male,52,16.2354,0.75,344,0
25,Female,56,4.3265,0.83,330,1
54,Female,51,4.6426,0.83,267,1
62,Male,71,13.6162,0.75,407,0
50,Female,44,8.357,0.23,668,0
50,Female,59,18.572,0.3,364,0
24,Female,61,2.2268,0.55,64,1
39,Other,69,10.4236,0.56,131,0
22,Female,44,18.3193,0.54,257,0
63,Female,57,18.0398,0.84,105,0
32,Female,62,3.5367,0.21,303,1
38,Male,64,7.6128,0.81,94,1
42,Male,69,12.511,0.12,130,0
34,Male,68,3.5923,0.39,119,1
24,Other,78,19.2796,0.28,101,0
36,Male,71,18.2461,0.57,344,0
24,Male,80,3.7388,0.57,723,0
57,Male,64,2.8504,0.56,245,1
62,Male,66,2.1569,0.36,285,1
41,Male,59,18.1432,0.57,136,0
28,Female,71,4.2563,0.74,173,1
58,Male,76,8.5759,0.45,80,1
18,Female,66,9.2077,0.94,95,1
49,Female,64,12.1208,0.16,225,0
57,Female,54,1.8917,0.99,278,1
61,Male,73,4.8991,0.79,84,1
19,Female,49,18.5709,0.63,312,0
32,Female,53,18.1232,0.28,682,0
38,Male,71,15.657,0.66,69,0
41,Female,53,0.8764,0.82,192,1
34,Female,42,6.8439,0.33,162,1
64,Female,67,12.6824,0.14,235,0
26,Male,79,5.8387,0.5,313,1
52,Female,60,18.146,0.37,248,0
37,Female,56,12.7975,0.36,174,0
36,Male,51,1.895,0.75,227,1
35,Female,45,18.1347,0.23,222,0
37,Male,67,19.0807,0.69,58,0
47,Female,52,2.0076,0.16,252,0
57,Male,83,10.8278,0.93,79,1
18,Male,69,6.3853,0.63,133,1
41,Female,49,8.1211,0.94,100,1
41,Female,57,3.9852,0.88,222,1
64,Male,67,11.7146,0.88,343,0
36,Male,74,19.0848,0.21,159,0
47,Female,48,10.2596,0.73,357,0
43,Female,56,2.1085,0.46,227,1
59,Female,53,12.528,0.51,256,0
61,Female,51,7.1003,0.35,622,0
55,Female,60,17.1049,0.23,161,0
46,Female,55,8.9328,0.38,681,0
30,Male,72,4.2411,0.59,108,1
21,Female,48,4.2074,0.47,237,1
62,Male,69,15.414,0.73,117,0
34,Female,53,5.6524,0.86,197,1
50,Male,81,15.3843,0.29,111,1
22,Male,62,4.4942,0.15,238,0
45,Male,68,6.7407,0.99,238,1
41,Male,49,9.5304,0.89,719,0
34,Male,52,18.798,0.34,99,0
56,Female,52,18.5756,0.25,330,0
65,Male,73,4.5133,0.96,777,1
57,Female,55,7.4494,0.31,56,1
61,Female,58,3.3983,0.3,825,0
63,Female,54,10.3937,0.2,95,0
28,Female,51,9.4353,0.36,514,0
29,Male,60,17.9747,0.86,948,0
30,Male,58,18.5421,0.61,819,0
25,Female,54,7.9412,0.18,339,0
18,Female,58,10.0397,0.97,672,0
26,Female,50,17.887,0.59,106,0
45,Female,53,16.1501,0.48,304,0
19,Male,70,0.5709,0.81,196,1
31,Female,52,6.7092,0.6,180,0
30,Male,81,8.6824,0.91,241,1
65,Female,61,4.9565,0.73,106,1
19,Male,63,4.3717,0.7,746,0
21,Female,51,1.233,0.4,341,1
29,Male,80,12.9814,0.99,499,0
65,Female,59,5.5927,0.69,543,0
27,Other,62,1.5155,0.5,361,1
20,Male,78,4.981,0.23,84,0
21,Male,62,16.0571,0.6,304,0
23,Male,72,17.0189,0.7,240,0
40,Female,48,9.8715,0.43,107,1
22,Male,54,8.5718,0.16,280,0
20,Female,57,19.4704,0.82,337,0
27,Male,76,4.391,0.69,102,1
60,Female,50,4.678,0.72,263,1
36,Female,52,6.1622,0.32,336,1
31,Female,58,3.8515,0.22,77,0
38,Female,43,7.8597,0.51,204,1
60,Male,76,18.1702,0.32,183,0
45,Female,54,12.4377,0.8,709,1
38,Female,48,8.4918,0.58,239,1
53,Female,51,18.6276,0.22,188,0
41,Male,73,1.4402,0.28,243,1
55,Female,50,4.5794,0.9,905,0
34,Other,65,11.4782,0.67,264,0
39,Other,51,12.4417,0.46,159,0
36,Female,52,1.2674,0.75,91,1
62,Male,74,8.319,0.83,80,1
27,Male,65,13.0936,0.2,70,0
28,Male,72,14.0426,0.86,137,1
55,Male,68,12.8799,0.95,187,0
19,Male,78,6.7189,0.18,230,0
50,Male,71,2.3143,0.39,133,1
60,Female,63,8.786,0.25,359,0
48,Other,57,2.9978,0.49,252,0
65,Female,57,18.8839,0.3,622,0
52,Male,64,9.7183,0.43,668,0
54,Female,55,6.6548,0.32,86,1
64,Male,67,15.3663,0.1,308,0
64,Female,47,10.1602,0.12,554,0
53,Female,59,6.5147,0.56,149,0
40,Male,42,16.2522,0.56,309,0
53,Female,57,17.3228,0.13,181,0
57,Male,67,13.5564,0.73,200,0
56,Female,51,1.4111,0.12,339,0
43,Male,60,11.4867,0.54,60,1
42,Female,57,15.3079,0.46,304,1
34,Male,58,3.1482,0.89,883,1
32,Female,55,4.9362,0.62,597,1
54,Female,49,17.6204,0.84,89,1
62,Female,44,0.8904,0.99,184,1
21,Female,62,15.1029,0.26,56,1
39,Male,49,9.6912,0.16,949,0
34,Female,52,9.1674,0.8,70,1
39,Other,54,0.6377,0.67,151,1
34,Female,59,16.3963,0.67,117,0
31,Male,58,7.4806,0.38,280,1
31,Male,52,10.9909,0.19,149,0
34,Female,45,13.6396,0.75,320,1
25,Female,46,14.131,0.59,125,0
51,Male,58,19.046,0.55,129,0
43,Female,62,10.808,0.76,322,1
62,Female,50,8.2546,0.99,105,1
47,Male,61,19.0019,0.77,114,1
39,Male,57,12.9569,0.94,208,1
33,Female,57,6.2841,0.46,243,0
47,Male,69,2.9534,0.91,117,1
33,Male,66,16.8456,0.75,131,0
55,Male,64,7.5263,0.43,66,1
41,Male,71,13.3131,0.56,195,1
53,Female,68,9.6338,0.28,657,0
52,Male,56,4.3592,0.17,225,1
23,Male,51,12.1727,0.52,295,0
21,Female,69,1.6773,0.99,301,1
35,Male,81,8.5188,0.88,155,1
23,Male,61,11.1043,0.11,308,0
43,Female,58,8.9593,0.97,174,1
54,Female,47,15.0242,0.52,133,0
44,Male,73,16.5617,0.26,121,0
58,Male,64,15.4621,0.92,121,0
28,Female,51,1.253,0.93,621,1
55,Female,61,4.2661,0.86,226,1
33,Male,62,10.9102,0.66,226,1
36,Male,51,18.6355,0.31,253,0
60,Male,57,16.6982,0.32,272,0
32,Female,61,16.8452,0.97,314,1
43,Male,62,6.3822,0.35,712,0
58,Female,54,8.8313,0.48,963,0
48,Female,51,9.6317,0.78,96,0
36,Female,67,3.553,0.84,147,1
41,Female,42,1.1027,0.47,144,1
26,Male,51,18.8699,0.46,218,0
40,Female,53,5.1698,0.42,184,1
21,Male,66,5.155,0.45,313,1
27,Male,59,2.1176,0.78,326,1
26,Male,64,18.5131,0.16,106,0
36,Male,68,11.7469,0.82,159,0
32,Female,44,13.4405,0.29,104,0
51,Female,44,18.1846,0.25,142,0
59,Female,52,7.205,0.21,877,0
36,Male,64,12.5572,0.31,100,1
38,Female,63,1.2527,0.85,86,1
51,Male,52,4.1234,0.58,118,1
34,Male,77,16.6262,0.34,126,0
35,Female,57,15.3753,0.27,93,0
34,Male,53,7.3025,0.79,154,0
19,Female,55,7.8101,0.55,350,0
18,Male,75,10.851,0.21,220,0
60,Male,59,0.5047,0.44,344,1
27,Female,48,5.1801,0.5,373,0
54,Other,58,4.5397,0.42,56,1
65,Male,65,5.3594,0.34,838,0
22,Female,58,16.1346,0.4,70,1
29,Female,49,5.9257,0.77,88,1
53,Male,58,4.2155,0.96,193,1
48,Female,60,10.2827,0.12,315,0
55,Male,84,17.2935,0.66,87,1
26,Male,74,5.1822,0.17,228,0
61,Male,63,2.0236,0.28,507,0
43,Female,56,7.4143,0.59,88,1
32,Male,61,15.0044,0.81,256,0
33,Male,53,11.1834,0.49,136,0
30,Male,57,16.3458,0.89,89,1
42,Male,56,19.1161,0.74,222,0
47,Male,63,15.8777,0.27,111,0
24,Female,47,12.2138,0.72,66,1
21,Male,58,10.0708,0.39,68,1
60,Male,54,1.2773,0.79,60,1
57,Female,42,19.5958,0.31,105,0
55,Female,44,7.9395,0.23,74,0
47,Male,48,3.4532,0.67,308,1
27,Male,70,13.4342,0.65,181,0
47,Male,58,6.0152,0.62,928,0
56,Female,54,11.8641,0.32,88,0
24,Male,63,11.8833,0.29,361,0
53,Male,65,9.1472,0.92,887,0
52,Male,66,16.7207,0.58,117,0
41,Male,53,5.6404,0.47,337,0
56,Female,49,9.2035,0.84,132,0
53,Male,62,10.9312,0.15,695,0
62,Male,75,13.3743,0.71,201,0
37,Female,48,15.7091,0.23,240,0
49,Female,52,8.1593,0.3,332,0
56,Male,57,13.0333,0.68,235,0
43,Male,77,3.4219,0.35,345,1
43,Male,66,18.5934,0.8,298,0
53,Male,71,7.9313,0.57,230,0
60,Male,71,14.6527,0.39,103,0
52,Male,69,0.8946,0.88,470,1
60,Female,53,4.4806,0.67,148,0
52,Other,60,9.9494,0.48,212,0
29,Female,60,17.5381,0.51,229,0
50,Male,52,10.7287,0.34,844,0
53,Female,44,18.5395,0.2,255,0
31,Female,47,9.8857,0.37,227,0
50,Female,54,10.0147,0.34,645,0
63,Female,42,2.8231,0.4,323,0
62,Female,46,16.0715,0.52,90,0
62,Male,53,5.2911,0.16,316,0
41,Male,83,17.9525,0.2,281,0
32,Male,61,18.17,0.76,299,1
48,Male,71,18.8002,0.27,297,0
34,Male,75,10.5925,0.41,314,0
29,Female,59,13.6356,0.67,124,0
39,Female,43,15.6032,0.98,619,0
40,Female,49,3.0417,0.22,128,1
43,Male,70,12.1586,0.78,542,1
31,Male,63,1.1654,0.54,504,0
29,Female,56,10.1528,0.18,78,1
21,Female,55,3.5039,0.25,232,0
63,Female,58,4.0487,0.72,236,0
30,Male,82,7.5819,0.89,732,1
35,Female,55,8.8893,0.11,166,0
60,Male,65,12.5895,0.3,103,0
45,Female,43,1.9439,0.42,733,0
55,Female,46,10.2716,0.99,352,1
58,Male,68,4.0429,0.69,415,0
61,Female,56,11.6351,0.42,89,0
36,Female,61,12.8656,0.28,407,1
63,Female,47,11.3002,0.3,308,0
64,Other,46,14.8229,0.14,212,0
60,Male,72,7.0108,0.99,433,0
55,Male,76,15.3431,0.98,282,0
63,Female,52,8.8957,0.11,277,0
20,Female,62,9.8932,0.34,78,1
36,Other,54,13.0732,0.12,511,0
37,Female,62,0.8562,0.37,247,0
42,Male,63,13.1875,0.91,666,0
28,Male,58,12.5006,0.89,153,1
34,Female,53,6.511,0.72,184,1
52,Female,65,2.1644,0.99,80,0
31,Female,45,2.2641,0.77,317,1
56,Male,61,18.4105,0.32,290,0
36,Female,59,13.872,0.85,135,1
20,Female,55,2.9658,0.56,310,0
51,Male,65,7.4204,0.55,63,1
58,Male,73,11.9942,0.85,957,0
39,Female,46,16.7101,0.58,144,0
55,Female,47,1.347,0.39,812,0
44,Male,57,5.0907,0.94,112,1
38,Male,56,17.7611,0.17,236,0
58,Male,69,0.6778,0.69,243,1
48,Male,55,4.4071,0.81,174,0
44,Male,62,19.1051,0.15,75,0
54,Female,47,12.4,0.31,226,0
19,Male,79,5.5764,0.3,662,0
64,Female,64,1.7996,0.9,62,1
26,Male,51,1.0469,0.69,363,1
36,Male,79,5.2481,0.3,228,0
59,Female,62,17.6008,0.92,106,0
53,Female,47,8.5687,0.32,361,0
27,Male,57,14.4745,0.7,209,0
57,Female,65,18.3147,0.51,356,0
62,Male,56,8.416,0.19,220,0
56,Male,80,4.2108,0.78,911,0
24,Female,47,10.5321,0.39,106,1
21,Female,53,18.1168,0.42,277,0
32,Male,55,16.1049,0.29,245,1
29,Male,52,1.7771,0.82,67,1
65,Female,61,13.9359,0.24,658,0
23,Male,70,11.5948,0.3,208,0
26,Female,54,18.1048,0.47,292,0
52,Male,74,2.8761,0.23,362,0
25,Female,51,10.8603,0.2,66,0
24,Male,65,17.5616,0.57,132,0
21,Other,57,8.4545,0.96,883,0
30,Male,66,9.8507,0.82,118,1
36,Female,53,1.8669,0.26,270,1
24,Male,70,5.896,0.63,90,1
27,Male,73,6.7954,0.81,799,0
42,Male,71,18.8354,0.23,65,0
61,Female,58,5.9837,0.17,223,0
52,Male,72,9.4409,0.9,270,1
42,Male,81,13.5233,0.32,287,0
46,Male,60,3.6464,0.55,74,1
29,Other,52,9.937,0.29,654,0
64,Male,53,14.8277,0.14,306,0
57,Male,74,17.317,0.56,139,0
29,Female,58,12.6494,0.49,88,0
23,Female,64,13.4796,0.75,754,0
27,Male,80,2.9499,0.87,143,1
19,Female,45,18.8481,0.23,80,0
62,Male,61,3.0719,0.25,137,0
42,Male,55,15.5287,0.96,401,0
24,Female,59,5.6374,0.48,100,1
57,Female,73,18.6117,0.96,99,1
40,Male,71,14.4672,0.4,295,0
65,Male,60,15.124,0.41,261,0
28,Male,57,4.7497,0.74,353,1
53,Female,58,9.095,0.19,301,0
65,Other,71,12.4856,0.47,79,0
40,Male,66,15.4375,0.44,217,0
60,Female,57,2.5168,0.13,115,0
24,Male,81,19.1699,0.38,247,0
44,Female,55,17.7703,0.46,278,0
30,Male,45,5.7448,0.15,314,0
34,Female,71,16.4615,0.12,57,0
49,Male,65,10.5555,0.64,89,1
43,Female,63,9.459,0.29,822,0
39,Male,63,6.6,0.43,595,0
30,Male,63,11.7708,0.17,291,0
29,Female,51,14.6598,0.19,103,0
24,Male,69,8.4721,0.24,853,0
18,Male,67,12.7069,0.13,289,0
50,Female,54,14.0667,0.79,354,1
31,Female,49,14.2958,0.92,341,0
64,Male,73,1.5081,0.57,60,0
60,Male,74,17.1791,0.83,360,0
58,Male,68,9.3901,0.22,720,0
34,Female,53,5.5909,0.5,94,1
21,Male,69,5.1902,0.23,254,0
56,Male,62,9.8705,0.99,178,0
18,Female,59,17.7045,0.15,555,0
58,Male,84,7.8399,0.5,104,0
62,Male,67,15.0447,0.2,419,0
41,Female,48,2.3783,0.16,325,1
51,Male,76,9.7355,0.76,130,0
51,Female,59,19.7387,0.17,118,0
41,Female,60,15.4465,0.12,594,0
32,Male,45,4.5843,0.95,59,1
34,Male,48,10.228,0.27,431,0
30,Female,45,5.0323,0.86,146,1
24,Female,47,8.4455,0.96,478,0
26,Male,66,15.6336,0.78,183,1
61,Male,81,15.4618,0.19,98,0
52,Female,61,4.9251,0.25,296,0
40,Male,80,18.3911,0.26,209,0
64,Female,47,11.9958,0.69,135,0
56,Female,53,7.8705,0.26,192,0
40,Male,66,10.2376,0.13,109,1
43,Female,56,12.2384,0.51,235,0
18,Female,42,11.3619,0.63,56,1
31,Male,56,9.9363,0.51,84,0
49,Female,59,10.2957,0.54,476,0
65,Female,55,3.9224,0.51,126,0
27,Male,59,16.267,0.34,180,0
18,Male,59,11.0102,0.96,93,1
22,Female,52,3.0429,0.85,93,1
20,Female,59,15.3634,0.39,348,0
44,Other,61,18.5894,0.14,239,0
39,Female,56,18.8778,0.87,101,1
35,Male,60,7.6589,0.77,60,1
33,Female,51,3.129,0.17,118,1
19,Male,68,10.557,0.73,150,0
64,Male,59,2.6846,0.51,532,0
30,Male,78,18.6194,0.22,210,0
62,Female,58,4.0614,0.75,125,1
33,Male,60,5.4037,0.42,60,0
25,Male,64,8.3887,0.92,731,0
60,Male,69,7.9334,0.14,73,0
25,Male,81,15.9165,0.94,301,1
27,Female,42,9.3525,0.18,68,1
50,Other,55,3.8129,0.13,233,0
48,Female,52,5.6839,0.62,652,0
29,Female,48,10.3768,0.65,138,0
26,Female,65,3.3606,0.28,607,0
54,Female,42,12.3661,0.89,517,0
26,Female,53,11.4755,0.82,68,0
65,Male,66,14.3652,0.35,222,0
35,Male,64,18.6915,0.5,702,0
47,Male,56,18.1977,0.8,68,0
49,Male,66,18.8539,0.85,214,0
57,Male,58,5.2475,0.82,495,1
40,Female,50,3.0524,0.34,140,0
28,Female,48,6.3642,0.79,262,1
37,Male,56,17.8647,0.67,524,0
36,Male,87,19.3578,0.57,342,0
53,Female,52,17.1709,0.97,321,1
43,Male,87,2.6343,0.64,113,1
27,Male,62,18.8801,0.88,143,0
41,Female,54,8.7131,0.78,676,0
30,Male,72,0.6806,0.14,179,1
63,Female,42,9.0824,0.34,147,0
51,Female,53,1.3937,0.65,339,1
46,Female,50,11.0512,0.49,528,0
53,Male,56,7.0679,0.96,75,1
24,Male,69,9.6846,0.63,198,0
47,Male,59,12.3955,0.94,494,0
34,Male,53,17.3547,0.29,65,0
65,Female,55,13.3409,0.91,627,0
30,Female,49,8.9205,0.58,519,0
41,Female,58,16.3969,0.29,700,0
48,Female,59,18.0683,0.45,197,0
44,Male,68,2.8233,0.97,318,1
38,Female,61,10.8195,0.96,234,1
61,Male,68,6.0195,0.12,155,0
18,Male,73,1.413,0.38,73,1
32,Female,56,13.4698,0.91,873,0
20,Male,52,17.2378,0.13,301,0
23,Female,46,3.6603,0.96,74,1
31,Female,50,16.2608,0.45,79,0
55,Male,53,17.0559,0.2,232,0
50,Other,49,18.2382,0.37,453,0
55,Male,52,5.6465,0.83,216,1
25,Female,50,18.0367,0.99,100,1
43,Male,53,6.7209,0.22,167,0
32,Male,62,11.2154,0.67,239,1
31,Male,60,1.4798,0.93,112,1
65,Female,72,1.3513,0.91,162,1
37,Female,60,14.4752,0.45,160,1
65,Female,60,9.1229,0.88,264,1
36,Female,74,5.4721,0.27,833,0
50,Female,57,4.194,0.67,337,1
53,Male,78,13.4971,0.64,569,0
41,Female,52,0.5078,0.8,394,1
27,Male,77,16.1343,0.31,265,0
51,Male,76,2.0374,0.67,63,1
53,Male,67,4.2149,0.65,649,1
64,Male,64,7.993,0.18,756,0
53,Female,60,9.9063,0.4,238,1
33,Male,54,7.3869,0.29,362,0
32,Female,53,6.7218,0.99,261,1
35,Female,61,19.2,0.99,81,1
24,Male,69,12.9466,0.33,246,0
64,Female,56,0.9546,0.83,60,1
39,Female,54,8.8454,0.83,76,1
49,Male,76,17.4752,0.94,348,1
60,Female,59,6.3483,0.22,921,0
36,Male,46,2.3344,0.7,770,1
57,Male,69,15.2127,0.29,955,0
18,Male,79,12.2567,0.69,295,0
52,Female,56,11.5641,0.88,218,0
22,Female,57,1.5394,0.17,451,0
29,Male,70,3.2257,0.67,202,1
29,Male,68,12.5775,0.58,105,0
38,Female,58,4.5318,0.26,238,1
36,Female,46,10.279,0.31,524,0
26,Female,55,11.0707,0.57,76,1
60,Male,60,6.0,0.87,59,1
65,Male,48,18.8994,0.71,122,0
53,Female,61,16.8438,0.12,508,0
59,Male,70,14.514,0.21,96,0
64,Male,65,2.0131,0.89,363,1
49,Male,72,2.5589,0.69,79,1
52,Female,54,10.06,0.12,311,0
48,Male,62,3.6178,0.64,294,1
49,Male,58,19.4783,0.25,112,0
54,Female,58,3.5753,0.93,903,0
49,Female,58,9.9569,0.21,787,0
60,Female,42,7.5639,0.17,285,0
54,Male,66,12.9041,0.68,87,1
56,Female,45,3.0033,0.81,253,1
55,Male,61,8.8481,0.35,366,0
47,Female,55,5.8293,0.37,113,0
49,Female,46,17.7224,0.42,251,0
62,Male,48,1.2874,0.79,271,1
19,Male,63,18.2263,0.34,77,0
28,Male,58,16.6601,0.18,145,0
37,Male,66,6.2729,0.38,174,0
54,Female,57,15.8122,0.97,245,0
26,Female,58,1.1055,0.49,676,0
55,Male,56,19.2572,0.6,568,0
36,Female,50,10.7159,0.79,162,1
57,Male,71,6.3837,0.6,307,0
24,Male,65,7.5341,0.69,280,1
22,Male,54,1.7883,0.89,140,1
64,Female,64,19.6934,0.44,86,0
59,Female,45,1.2623,0.2,72,0
41,Female,48,13.2052,0.19,464,0
65,Male,62,9.0891,0.8,56,0
58,Male,63,18.909,0.69,220,0
24,Female,53,5.2724,0.61,268,1
28,Female,59,10.8225,0.94,108,1
26,Female,62,9.8577,0.66,354,1
47,Male,76,14.1356,0.14,614,0
58,Female,56,1.8194,0.52,152,1
20,Male,59,4.2595,0.29,972,0
39,Female,57,4.6626,0.66,98,1
57,Male,65,14.8201,0.27,826,0
37,Female,74,4.1693,0.68,195,1
49,Female,58,11.6257,0.89,308,1
65,Male,70,4.6757,0.17,89,0
24,Male,60,17.2155,0.33,239,0
24,Male,65,18.7784,0.71,537,0
37,Male,64,10.5588,0.74,156,0
42,Male,77,7.3348,0.63,201,1
62,Male,48,5.0407,0.23,862,0
52,Female,51,1.4658,0.32,164,0
61,Male,71,5.7089,0.92,318,0
41,Male,66,13.1922,0.84,513,0
57,Female,58,10.8522,0.96,583,0
30,Male,50,18.8144,0.47,300,0
65,Female,51,8.1878,0.5,147,0
56,Female,57,13.9609,0.33,934,0
21,Female,47,9.9929,0.57,102,0
29,Male,70,10.444,0.85,76,1
34,Female,58,5.6948,0.32,361,1
18,Male,65,9.326,0.23,226,0
34,Female,58,9.6332,0.78,363,1
19,Male,78,14.2089,0.72,286,0
23,Female,62,18.7484,0.85,78,0
61,Male,62,6.8888,0.78,724,0
28,Female,52,1.3187,0.48,228,1
60,Female,59,10.1281,0.24,261,0
35,Male,73,11.0625,0.74,198,1
57,Male,91,3.7677,0.89,668,0
42,Male,55,15.253,0.24,102,0
56,Male,69,19.6076,0.57,71,0
45,Male,68,18.848,0.4,643,0
63,Other,62,4.3239,0.57,572,0
33,Female,65,17.482,0.13,67,0
29,Female,54,14.1672,0.42,67,0
58,Male,46,9.3046,0.54,295,0
46,Female,51,10.9879,0.24,272,0
40,Male,55,16.9822,0.47,395,0
38,Male,58,9.8146,0.26,239,0
33,Female,56,7.7402,0.29,76,1
65,Male,63,10.069,0.98,202,0
58,Other,66,11.7351,0.64,221,0
62,Female,49,4.1681,0.45,194,0
43,Female,54,17.9776,0.57,891,0
54,Female,54,13.5792,0.44,350,0
39,Male,74,12.7854,0.64,105,1
27,Male,63,2.4302,0.1,221,0
24,Male,56,12.221,0.31,184,0
26,Male,48,2.8466,0.99,287,1
42,Female,54,2.0267,0.2,684,0
63,Female,61,10.7298,0.17,176,0
32,Male,69,8.314,0.54,72,0
30,Female,54,11.9229,0.36,165,1
59,Male,63,2.2309,0.58,63,1
63,Female,60,8.8611,0.96,71,1
43,Male,58,3.8909,0.21,238,0
38,Male,70,19.6497,0.5,270,0
40,Male,59,11.3863,0.78,199,1
61,Male,80,13.8363,0.24,194,0
45,Male,76,6.8131,0.74,269,0
55,Male,61,2.3379,0.46,57,1
29,Male,63,19.4319,0.66,245,1
41,Male,85,6.0534,0.57,980,1
30,Male,73,8.7219,0.51,160,0
57,Female,46,13.1074,0.53,542,0
65,Female,58,0.9791,0.23,285,0
19,Male,66,16.219,0.49,303,0
56,Male,65,10.9096,0.78,182,0
29,Female,44,5.8974,0.91,67,1
56,Male,61,1.6952,0.66,204,0
31,Female,49,3.6525,0.84,323,1
47,Male,72,17.8637,0.56,302,0
58,Male,64,13.8089,0.29,298,0
60,Male,72,5.3481,0.75,906,0
65,Male,54,1.7727,0.73,360,0
36,Female,42,13.8979,0.11,364,0
48,Male,77,11.6047,0.53,662,0
60,Other,60,8.3477,0.94,224,0
60,Male,60,7.5541,0.99,972,0
42,Female,61,4.7062,0.51,101,1
21,Male,52,13.4905,0.75,274,0
30,Male,63,19.331,0.12,66,0
53,Female,59,3.9089,0.34,112,0
59,Male,61,12.0841,0.75,343,0
54,Female,58,8.7292,0.69,191,1
20,Male,72,9.1658,0.69,95,1
33,Female,45,5.4305,0.73,748,0
43,Male,59,16.5076,0.49,987,0
57,Female,57,9.914,0.94,89,1
56,Female,44,11.0421,0.43,303,0
36,Female,52,6.4124,0.91,300,1
63,Male,54,4.0271,0.15,841,0
32,Female,51,2.1667,0.86,508,0
49,Other,54,14.3539,0.37,213,0
38,Female,52,4.3069,0.69,142,1
18,Female,59,13.8875,0.15,111,0
23,Male,68,8.0733,0.17,275,0
44,Male,70,8.566,0.15,62,0
40,Female,59,9.602,0.54,98,0
64,Female,56,7.6335,0.47,135,0
48,Male,65,2.452,0.39,116,1
29,Male,69,6.5069,0.5,683,0
38,Female,56,13.3764,0.38,121,0
19,Male,67,13.4162,0.88,83,1
22,Male,68,6.0528,0.61,421,0
26,Other,64,9.426,0.38,741,0
37,Female,48,4.2529,0.51,215,1
63,Female,49,4.5812,0.88,327,0
35,Male,64,0.9471,0.47,364,1
39,Male,80,17.8969,0.48,103,0
25,Female,62,4.5877,0.4,196,0
51,Female,44,4.9142,0.33,84,1
26,Male,64,5.9243,0.52,338,1
24,Female,64,2.9717,0.76,79,1
47,Female,50,12.9017,0.43,342,0
35,Male,63,1.9578,0.3,216,0
44,Male,74,3.1035,0.69,140,1
33,Male,65,13.0083,0.83,266,1
38,Female,60,7.0894,0.12,231,0
22,Male,43,14.2342,0.67,829,0
46,Male,60,11.314,0.91,196,0
64,Male,58,5.4668,0.18,179,0
54,Female,63,13.1261,0.91,637,0
60,Male,66,2.7557,0.21,218,0
39,Female,54,10.9064,0.99,86,1
31,Female,47,8.9807,0.56,118,1
36,Female,60,5.6967,0.76,119,1
52,Female,60,12.2177,0.16,280,0
41,Female,49,17.4039,0.19,186,0
59,Female,42,19.8788,0.97,359,0
23,Male,68,12.2906,0.99,447,0
20,Female,57,8.3513,0.35,100,0
51,Female,54,4.869,0.41,206,1
62,Other,65,5.4877,0.11,167,0
19,Male,76,9.8014,0.96,592,1
32,Male,82,7.6252,0.93,110,1
54,Female,45,18.228,0.2,118,0
32,Male,77,7.6449,0.43,100,1
49,Female,48,7.7448,0.97,187,1
38,Other,59,7.9406,0.21,315,0
34,Female,58,16.7304,0.89,262,0
51,Male,59,13.1253,0.28,211,0
49,Male,82,12.4149,0.16,56,0
64,Female,65,6.9824,0.23,191,0
40,Female,65,16.3673,0.74,845,0
52,Female,62,1.2443,0.22,217,0
54,Female,59,17.3935,0.1,783,0
60,Female,62,10.4473,0.8,270,0
58,Male,65,8.2261,0.69,307,0
54,Female,62,10.145,0.89,210,1
50,Male,71,13.4479,0.62,83,0
42,Male,66,0.7476,0.14,94,1
63,Female,51,17.4081,0.12,110,0
54,Female,55,9.1667,0.81,59,1
57,Female,55,7.1536,0.9,346,0
38,Male,70,3.182,0.82,162,1
63,Male,65,9.0256,0.44,190,0
65,Male,76,10.1287,0.7,263,0
55,Female,47,8.3307,0.17,205,0
57,Male,75,13.666,0.75,92,0
51,Female,45,8.6654,0.32,279,0
36,Female,42,19.1515,0.94,190,0
44,Male,56,12.126,0.4,333,0
26,Female,63,16.1651,0.41,226,0
22,Female,51,2.6215,0.36,249,0
22,Female,54,8.2075,0.67,319,0
42,Female,52,7.0348,0.19,126,0
43,Male,66,11.548,0.15,157,0
36,Female,51,17.2056,0.73,295,0
47,Female,57,2.0198,0.95,332,1
53,Male,86,1.908,0.77,226,1
65,Female,57,16.9962,0.32,205,0
65,Female,66,4.6293,0.43,346,0
33,Male,66,13.4738,0.28,201,0
24,Female,55,11.0318,0.72,110,1
35,Male,58,16.6581,0.31,78,0
38,Male,63,2.9267,0.61,816,1
48,Female,42,3.0178,0.86,78,1
18,Female,65,11.3023,0.56,289,1
20,Female,47,18.8597,0.63,396,0
48,Male,65,8.551,0.97,90,1
42,Female,53,6.8427,0.39,424,0
25,Male,62,12.2698,0.82,102,0
18,Female,63,18.5507,0.72,105,1
24,Female,56,16.7364,0.2,65,0
24,Female,60,19.8124,0.99,193,0
25,Male,72,0.9378,0.72,432,0
36,Female,60,2.6894,0.11,587,0
34,Female,46,12.3237,0.75,159,1
28,Male,63,16.4192,0.22,71,0
64,Male,69,6.0337,0.36,674,0
58,Female,68,5.1407,0.41,222,0
28,Female,59,15.7673,0.38,298,0
55,Male,72,1.5938,0.77,733,1
58,Male,68,7.666,0.78,930,0
19,Female,47,10.3127,0.58,264,0
21,Male,61,11.3708,0.61,91,1
45,Female,60,14.6351,0.38,692,0
50,Male,93,7.384,0.12,65,0
28,Female,53,12.3861,0.42,167,0
20,Female,55,11.8563,0.11,98,0
57,Female,53,11.1238,0.88,676,0
22,Female,47,12.9254,0.68,186,1
38,Male,69,5.5333,0.98,242,1
39,Male,57,2.1422,0.26,58,0
54,Male,56,2.8139,0.69,191,0
28,Male,62,4.8569,0.27,391,0
61,Other,60,10.2038,0.68,719,0
39,Female,48,16.8046,0.54,90,1
58,Male,66,14.1051,0.7,190,1
30,Male,60,15.8074,0.75,155,0
20,Male,51,7.3089,0.57,186,1
30,Male,53,8.3503,0.54,418,0
45,Female,44,8.1374,0.16,289,0
28,Male,60,4.2223,0.43,338,0
28,Male,76,1.6876,0.37,186,0
38,Male,65,11.9638,0.66,217,0
38,Female,42,19.6908,0.35,97,0
24,Female,48,3.7365,0.31,96,0
34,Female,57,1.4057,0.86,64,1
65,Male,62,15.6229,0.85,112,0
31,Female,45,5.4002,0.4,327,0
50,Female,49,16.5951,0.18,988,0
28,Male,61,14.1564,0.55,107,1
30,Male,55,18.8461,0.51,577,0
18,Male,54,8.4332,0.88,197,0
51,Male,61,13.3422,0.59,149,1
26,Male,57,9.5182,0.95,113,1
30,Female,64,12.7334,0.54,78,1
54,Male,71,9.2222,0.7,84,0
47,Female,46,4.1595,0.53,228,0
58,Male,52,10.3532,0.39,195,0
62,Female,50,10.7545,0.12,720,0
54,Female,54,16.2257,0.81,273,0
64,Other,63,14.7691,0.91,359,0
24,Male,61,13.3776,0.76,340,0
31,Male,64,2.6997,0.35,142,1
65,Female,54,14.48,0.84,232,0
23,Male,55,10.2059,0.65,563,0
51,Female,45,17.8455,0.71,267,0
33,Other,52,18.3455,0.16,514,0
54,Female,45,1.57,0.62,165,1
53,Male,71,16.4204,0.61,327,0
63,Female,45,1.2313,0.7,278,1
23,Other,57,7.6231,0.79,82,1
25,Female,44,11.0206,0.46,510,0
41,Male,66,3.3732,0.24,414,0
20,Female,42,14.9785,0.93,286,0
21,Other,63,0.6621,0.8,975,1
49,Female,58,3.7708,0.59,96,1
18,Male,79,11.7675,0.42,139,0
51,Female,44,14.3591,0.99,387,0
62,Female,52,18.2829,0.18,142,0
26,Male,68,14.1866,0.94,82,1
29,Female,53,13.5325,0.46,64,1
27,Female,63,8.1502,0.19,320,1
27,Female,59,0.5249,0.44,250,1
61,Female,53,2.8311,0.77,102,1
65,Male,68,10.8704,0.48,210,0
40,Female,62,13.5975,0.54,101,1
23,Male,67,8.5985,0.84,199,1
41,Female,50,14.6752,0.65,838,0
41,Male,71,10.6241,0.7,334,1
38,Female,52,1.939,0.24,128,0
59,Female,49,4.2251,0.33,110,0
48,Female,53,16.796,0.47,117,1
64,Male,71,14.5633,0.2,64,0
58,Female,59,17.8584,0.35,346,0
47,Other,59,2.7806,0.85,81,1
51,Female,58,19.7103,0.12,198,0
35,Male,66,4.5625,0.15,140,0
29,Male,46,0.7285,0.72,349,1
52,Female,52,19.85,0.45,219,0
24,Male,68,5.9528,0.8,334,1
58,Female,51,13.4596,0.94,76,1
57,Female,54,3.9276,0.34,84,1
42,Other,51,11.7564,0.13,316,0
23,Male,82,18.0383,0.51,230,0
18,Female,50,6.7115,0.97,68,1
63,Male,82,13.5029,0.59,222,0
33,Male,72,4.1453,0.44,289,0
65,Male,58,12.621,0.6,228,0
21,Female,56,7.0271,0.25,94,1
46,Female,69,4.5974,0.78,245,1
55,Male,58,6.5757,0.71,354,1
64,Male,61,3.9695,0.75,103,1
45,Female,49,17.9972,0.37,267,0
39,Female,52,8.2054,0.83,290,1
25,Female,52,5.2584,0.9,90,1
49,Other,66,9.1991,0.96,346,1
50,Female,45,6.7184,0.67,995,0
30,Male,76,14.9417,0.41,368,0
44,Male,70,19.3417,0.45,928,0
35,Female,62,8.9979,0.61,282,1
35,Female,47,17.204,0.62,299,0
30,Male,59,11.4777,0.81,365,0
39,Female,42,3.5504,0.18,297,0
31,Male,70,13.8981,0.61,188,0
28,Female,47,10.4606,0.41,276,0
56,Female,54,13.1218,0.85,419,0
39,Male,59,17.7599,0.42,993,0
53,Male,50,9.0444,0.52,338,0
34,Male,50,17.9828,0.3,636,0
49,Female,65,15.063,0.37,120,0
31,Female,47,9.9789,0.6,192,1
59,Female,58,12.2025,0.48,751,0
46,Male,67,6.8163,0.28,974,0
23,Male,53,19.5818,0.53,312,0
21,Male,57,13.4466,0.25,533,0
28,Male,71,1.3506,0.89,136,1
62,Male,58,6.8365,0.93,309,1
57,Male,77,12.5923,0.3,641,0
27,Male,60,1.5929,0.15,512,0
45,Female,44,0.9634,0.93,213,1
28,Female,70,9.2305,0.38,326,1
52,Male,58,6.9542,0.27,289,0
32,Female,57,9.003,0.93,965,0
25,Male,65,5.5963,0.89,363,1
37,Female,52,3.6955,0.15,865,0
38,Female,55,13.8694,0.29,339,0
18,Male,61,10.4827,0.83,124,1
46,Male,78,4.383,0.34,964,0
41,Male,77,6.7,0.7,70,1
47,Female,56,11.9811,0.14,285,0
57,Female,55,1.9012,0.86,327,1
52,Male,67,3.3606,0.48,163,0
50,Male,51,1.921,0.52,328,0
37,Female,54,16.259,0.83,687,0
33,Male,61,15.0967,0.51,337,0
26,Male,70,15.1143,0.19,112,0
48,Female,53,14.3967,0.55,512,0
34,Male,49,13.4861,0.51,237,0
48,Female,56,9.7536,0.51,318,0
65,Other,68,12.9602,0.27,143,0
40,Male,66,1.2442,0.25,97,1
23,Female,56,12.5564,0.8,329,0
47,Female,63,15.5908,0.66,306,0
24,Female,53,10.207,0.11,127,0
65,Male,70,7.4358,0.85,210,0
57,Female,54,5.8821,0.21,209,0
59,Other,44,12.9704,0.76,214,0
63,Female,52,13.9403,0.19,609,0
28,Female,49,17.3968,0.97,121,0
51,Female,57,7.1413,0.91,74,1
29,Female,53,15.4336,0.26,334,0
62,Male,84,11.3903,0.11,303,0
64,Female,61,17.627,0.15,104,0
44,Female,47,10.7396,0.83,103,1
29,Male,54,10.542,0.17,910,0
30,Male,80,11.7108,0.8,141,0
25,Female,52,15.0367,0.84,61,0
33,Male,64,19.215,0.38,364,0
46,Male,70,1.9271,0.76,697,1
52,Male,58,1.5366,0.84,198,1
46,Other,55,18.6885,0.8,106,1
48,Male,59,10.7796,0.27,186,0
30,Female,47,12.4291,0.5,93,1
29,Male,75,9.859,0.16,241,0
19,Female,53,2.317,0.57,142,1
50,Female,59,15.4009,0.5,230,0
25,Female,62,14.9962,0.91,249,0
58,Female,54,6.547,0.12,225,0
57,Female,42,6.441,0.58,695,0
58,Female,59,16.7541,0.76,273,0
49,Male,76,1.9037,0.52,138,1
55,Female,59,17.5934,0.31,806,0
45,Female,52,5.4792,0.65,58,0
32,Male,57,12.0039,0.99,111,1
40,Female,60,18.6583,0.14,172,0
41,Female,55,13.6556,0.28,253,0
30,Male,67,8.5399,0.54,309,1
38,Female,46,13.877,0.64,731,0
29,Female,51,7.1732,0.66,354,1
30,Male,65,5.8788,0.15,784,0
56,Male,50,19.8357,0.21,641,0
40,Other,61,15.0653,0.95,80,1
63,Female,51,13.0076,0.17,207,0
60,Male,47,7.3926,0.48,750,0
45,Female,49,1.4537,0.62,325,1
31,Female,58,1.1025,0.38,187,0
34,Female,54,11.2511,0.33,224,1
41,Female,63,15.2834,0.36,59,0
51,Female,46,10.9252,0.35,116,0
65,Female,53,16.8112,0.44,304,0
39,Female,59,1.1485,0.2,359,1
27,Other,73,7.615,0.87,270,1
25,Female,46,5.0992,0.78,897,0
38,Female,62,9.1771,0.13,81,1
54,Female,55,1.9041,0.79,338,1
24,Male,58,19.0102,0.85,347,0
43,Female,53,4.8312,0.93,582,1
30,Male,74,18.3928,0.65,221,0
33,Male,65,8.7623,0.87,333,1
47,Female,52,19.6192,0.78,258,0
48,Female,57,11.2487,0.12,251,0
22,Female,42,18.5582,0.83,66,0
49,Female,42,0.6038,0.62,111,1
33,Male,48,15.0158,0.69,79,1
64,Other,55,18.0192,0.9,100,0
26,Male,58,3.2106,0.11,177,1
39,Female,59,2.3648,0.2,238,0
61,Male,74,8.7367,0.62,95,1
57,Female,52,18.6134,0.47,98,0
62,Male,61,11.0223,0.48,345,0
54,Female,58,10.7327,0.38,73,0
31,Male,67,3.2378,0.84,85,1
33,Male,73,0.5153,0.19,599,0
60,Male,56,16.2167,0.58,92,0
37,Female,51,2.1989,0.51,206,1
61,Other,64,12.7967,0.6,118,0
32,Male,60,18.2436,0.15,530,0
61,Female,58,4.5478,0.71,175,1
43,Female,49,13.4063,0.11,59,0
26,Male,63,2.0268,0.58,154,1
18,Male,51,12.2128,0.34,96,0
52,Male,64,3.6803,0.38,226,0
61,Male,80,14.7775,0.76,314,0
37,Male,75,6.3439,0.99,114,1
62,Male,56,9.4898,0.53,241,0
23,Male,69,12.129,0.7,214,1
59,Female,55,3.8227,0.32,459,0
27,Female,50,14.8878,0.6,853,0
65,Female,46,6.3712,0.19,150,0
50,Female,57,13.35,0.87,797,0
33,Male,82,3.5707,0.51,312,1
53,Male,42,13.8495,0.43,697,0
23,Male,70,2.9868,0.56,245,0
36,Female,45,8.7519,0.92,265,1
48,Female,51,5.2958,0.8,685,1
19,Male,59,15.0185,0.24,838,0
35,Male,61,5.5835,0.79,104,1
59,Female,55,17.6053,0.45,74,0
45,Female,54,17.8013,0.46,831,0
21,Male,62,4.311,0.78,270,1
18,Male,73,12.4086,0.51,588,0
64,Female,48,2.2017,0.17,149,0
59,Male,77,8.0958,0.32,819,0
33,Female,47,14.3384,0.91,164,1
62,Female,49,13.2928,0.63,99,0
64,Female,58,12.6192,0.88,341,0
19,Male,66,5.9813,0.37,522,0
53,Male,78,7.8337,0.72,241,0
18,Male,69,2.4972,0.81,138,1
56,Female,72,14.449,0.26,311,0
40,Female,53,10.2754,0.12,252,0
43,Other,62,14.2501,0.67,897,0
28,Female,48,5.3295,0.62,175,1
59,Female,56,6.7941,0.14,86,0
18,Male,61,6.9838,0.47,192,0
28,Male,61,0.9994,0.61,222,1
41,Male,48,7.1163,0.29,619,0
27,Male,68,16.0841,0.19,99,0
31,Female,46,17.9076,0.82,918,0
31,Female,55,10.5534,0.93,485,0
24,Male,69,9.3367,0.5,89,1
40,Female,54,1.098,0.22,750,0
60,Male,52,17.5566,0.48,278,0
39,Male,62,0.7524,0.35,143,1
53,Female,46,18.8282,0.54,71,0
44,Female,58,9.9908,0.11,825,0
19,Male,65,7.1335,0.88,221,1
56,Female,52,18.4298,0.15,697,0
63,Male,65,0.9732,0.49,332,0
36,Male,71,11.7796,0.7,176,1
24,Female,56,11.1493,0.69,57,1
29,Male,76,4.7548,0.37,111,1
20,Male,62,8.8204,0.55,166,1
64,Male,70,13.1539,0.55,457,0
22,Male,73,14.6063,0.22,73,0
25,Male,64,0.5139,0.44,984,0
31,Male,59,18.675,0.21,640,0
53,Male,66,3.6918,0.15,208,0
24,Female,50,5.0315,0.15,92,1
24,Male,59,5.6114,0.49,673,1
63,Male,67,1.2337,0.76,95,1
49,Male,63,2.8872,0.99,276,1
25,Female,60,19.6352,0.61,109,0
29,Male,51,6.6152,0.37,603,0
27,Female,45,2.7368,0.29,319,1
31,Male,45,2.5756,0.73,124,1
26,Female,52,14.4575,0.15,163,0
55,Male,64,17.0786,0.34,210,0
47,Male,76,5.4849,0.72,88,1
22,Female,56,0.9056,0.5,784,0
18,Female,52,4.8279,0.55,354,0
18,Female,57,1.5964,0.98,345,1
37,Male,63,2.5059,0.46,104,1
28,Male,77,8.8713,0.64,271,1
43,Female,46,4.9604,0.99,60,1
61,Female,52,10.5094,0.72,976,0
20,Female,61,5.4178,0.56,132,0
23,Female,58,18.7464,0.39,63,0
60,Male,82,18.0753,0.98,75,1
62,Male,71,11.496,0.36,519,0
28,Female,54,7.3758,0.2,73,1
25,Female,65,7.8942,0.93,221,1
46,Female,51,8.4899,0.39,202,0
27,Female,59,14.615,0.63,62,1
51,Female,55,9.2618,0.68,296,1
41,Female,58,17.1206,0.33,232,0
63,Female,61,18.8154,0.48,201,0
65,Female,61,7.0174,0.24,209,0
34,Male,50,11.3775,0.9,459,0
49,Female,50,2.3441,0.63,58,1
28,Female,53,4.3891,0.9,149,1
51,Male,57,8.5212,0.33,101,0
41,Female,57,4.5003,0.67,510,0
22,Male,42,17.5053,0.3,58,0
46,Female,42,3.5708,0.36,187,1
65,Female,62,9.3398,0.43,220,0
65,Female,42,12.2506,0.59,632,0
51,Female,49,13.9222,0.6,153,0
33,Male,74,7.9315,0.28,322,0
42,Male,67,17.3605,0.14,947,0
54,Female,64,11.5254,0.79,218,1
25,Male,84,9.0265,0.57,492,0
46,Female,51,1.8045,0.38,62,1
63,Male,52,9.515,0.15,322,0
42,Female,55,16.4223,0.19,936,0
59,Male,63,12.4221,0.48,971,0
40,Female,45,16.644,0.54,436,0
51,Female,63,10.0838,0.44,237,0
20,Male,64,2.7982,0.61,646,1
47,Female,55,0.7646,0.83,75,1
51,Female,62,6.3825,0.71,64,1
49,Female,53,14.041,0.88,108,1
46,Male,63,15.831,0.65,523,0
26,Female,60,6.2376,0.19,342,0
19,Male,65,10.1157,0.23,215,0
56,Male,52,8.6697,0.45,100,0
24,Female,55,8.4641,0.36,174,0
63,Male,75,4.9882,0.69,297,0
22,Female,45,3.1456,0.66,141,0
25,Female,57,4.3158,0.52,116,1
49,Female,52,1.5734,0.68,364,1
35,Male,81,4.3437,0.92,93,1
55,Female,58,0.6785,0.54,333,0
63,Female,61,12.6688,0.41,81,0
35,Female,46,6.6377,0.53,334,1
58,Female,54,19.379,0.23,116,0
62,Male,74,4.2581,0.19,239,0
33,Female,48,7.2091,0.47,83,1
38,Female,66,7.4421,0.93,259,1
27,Female,52,0.664,0.88,302,1
59,Female,54,16.7806,0.71,332,0
21,Male,72,1.1207,0.75,245,1
61,Male,71,18.7395,0.87,688,0
25,Female,49,17.8062,0.92,628,0
64,Female,60,10.8891,0.69,342,0
36,Male,76,11.0458,0.45,128,0
64,Female,72,13.1833,0.23,326,0
57,Female,53,8.0088,0.11,151,0
57,Male,61,13.0561,0.68,354,0
26,Other,52,1.3685,0.46,192,0
47,Male,63,1.5485,0.17,335,1
34,Female,49,9.3703,0.35,255,1
57,Female,52,11.1627,0.52,235,0
61,Male,77,17.7237,0.81,275,0
32,Female,57,2.5304,0.38,73,1
21,Male,64,16.4594,0.69,201,0
23,Male,63,4.5749,0.14,501,0
33,Female,50,8.1452,0.97,57,1
43,Female,48,6.6421,0.97,155,1
54,Other,53,8.263,0.58,861,0
40,Male,54,3.4196,0.69,284,1
30,Male,68,10.2693,0.79,961,0
64,Male,56,16.0519,0.97,924,0
34,Female,46,9.0658,0.59,286,0
44,Female,45,10.0179,0.78,60,1
39,Other,52,16.9661,0.27,106,0
54,Female,50,14.1975,0.24,265,0
36,Female,62,10.0148,0.74,730,1
56,Other,50,5.4993,0.93,152,1
52,Male,72,17.6676,0.61,601,0
30,Male,57,11.6942,0.58,58,1
31,Male,75,4.7903,0.61,423,0
65,Male,74,5.7209,0.89,298,0
48,Female,53,16.0808,0.82,290,0
62,Male,63,1.3564,0.82,111,1
19,Male,65,19.7466,0.2,123,0
63,Male,74,3.0288,0.78,69,1
56,Male,59,15.9437,0.79,71,1
54,Male,67,8.1586,0.22,67,0
31,Male,75,10.049,0.52,327,0
26,Male,67,17.5846,0.19,244,0
27,Male,48,8.5105,0.46,121,0
24,Female,59,10.9274,0.68,164,0
45,Male,73,1.4564,0.3,330,1
63,Female,47,0.5455,0.22,400,0
42,Female,67,5.2491,0.67,817,1
63,Male,67,13.7033,0.84,234,0
45,Female,68,2.8525,0.24,287,0
19,Male,70,2.707,0.91,249,1
34,Male,71,8.4726,0.76,279,1
21,Female,46,13.068,0.71,120,0
30,Female,50,14.3142,0.21,360,0
35,Female,56,3.9619,0.94,72,1
20,Female,59,2.044,0.53,61,1
54,Male,59,18.7437,0.58,311,0
50,Male,62,5.5569,0.56,88,1
58,Female,54,17.0549,0.58,109,1
41,Female,58,17.2517,0.84,174,0
25,Male,76,15.4869,0.19,186,1
52,Female,57,3.7754,0.54,143,1
19,Male,71,16.4429,0.65,240,0
50,Female,52,15.4235,0.21,60,0
29,Other,56,12.0764,0.62,58,1
39,Female,72,7.0417,0.56,90,1
30,Female,62,5.5927,0.3,212,0
27,Male,61,2.8647,0.33,224,1
34,Male,56,10.3893,0.18,131,0
60,Male,65,11.8541,0.73,357,1
22,Female,54,7.4712,0.23,240,0
26,Female,61,9.722,0.81,315,1
30,Female,50,7.5522,0.9,209,1
40,Male,71,12.9355,0.32,900,0
47,Female,44,17.9844,0.33,104,0
60,Female,59,3.6801,0.21,75,0
21,Female,61,7.8993,0.59,150,1
38,Male,53,3.2329,0.97,585,1
60,Female,52,12.6239,0.32,930,0
26,Male,71,14.6401,0.24,735,0
24,Female,55,18.5791,0.65,208,0
33,Female,62,5.9101,0.87,484,1
40,Male,70,18.9341,0.88,88,1
40,Male,56,1.7273,0.41,316,1
48,Male,79,12.1985,0.81,731,0
22,Male,66,1.6084,0.63,299,1
23,Female,45,17.8392,0.76,214,0
18,Male,58,10.7783,0.71,283,0
65,Male,67,13.4854,0.21,314,0
45,Female,59,16.6325,0.42,95,0
35,Female,54,3.416,0.79,259,0
41,Male,51,1.2487,0.78,88,1
30,Female,46,17.5503,0.21,71,0
50,Female,50,6.6097,0.52,191,1
27,Male,52,3.0022,0.88,258,1
24,Female,53,9.5881,0.81,85,1
54,Female,59,12.1071,0.62,115,0
49,Male,75,1.1008,0.29,388,0
62,Female,54,5.833,0.39,65,0
39,Female,65,1.1363,0.69,301,1
33,Female,60,8.6545,0.8,640,0
41,Female,55,17.8649,0.65,280,0
31,Female,44,19.5635,0.46,58,0
28,Female,44,12.8587,0.62,232,0
36,Female,58,3.6358,0.1,149,0
40,Male,53,18.0735,0.76,203,0
51,Male,86,10.5152,0.86,213,1
57,Male,72,3.4827,0.14,100,0
30,Male,57,18.3815,0.46,111,0
56,Male,76,15.1949,0.86,173,0
61,Female,60,14.6951,0.64,253,0
45,Female,59,14.2581,0.54,124,0
57,Female,53,4.3866,0.18,110,1
33,Female,59,4.5935,0.76,170,1
45,Other,68,13.8529,0.72,261,0
21,Other,45,4.7626,0.63,564,0
45,Female,63,9.0102,0.15,288,0
29,Male,62,15.6708,0.68,208,1
33,Male,77,15.7087,0.15,286,0
53,Female,50,9.2933,0.84,265,0
37,Male,59,15.8685,0.88,139,1
43,Female,49,16.7693,0.58,226,0
43,Male,45,13.2026,0.86,255,0
39,Male,71,4.9315,0.46,145,1
26,Male,68,5.8158,0.36,204,0
22,Female,61,6.6079,0.54,389,0
34,Female,47,2.766,0.6,93,1
51,Female,50,5.7993,0.79,73,1
19,Male,67,4.5647,0.64,75,1
24,Female,42,9.3334,0.87,101,1
53,Female,55,18.1237,0.94,60,1
30,Female,62,2.5269,0.57,98,1
37,Male,58,14.4732,0.75,310,1
47,Male,67,13.8333,0.53,64,0
47,Male,83,2.3576,0.92,743,1
28,Female,64,18.3979,0.13,72,0
48,Male,56,11.5284,0.75,487,0
20,Male,76,7.5563,0.55,418,0
19,Male,68,15.1768,0.16,81,0
65,Female,60,5.4929,0.77,88,1
20,Female,62,13.9541,0.45,88,0
32,Female,64,1.2704,0.57,161,1
34,Female,58,16.7845,0.74,289,0
65,Male,49,9.1945,0.33,296,0
24,Male,68,12.8518,0.36,358,0
65,Male,54,4.792,0.42,176,0
22,Male,61,13.6352,0.77,219,0
51,Female,49,15.4815,0.98,928,0
50,Female,55,9.6803,0.43,257,0
62,Female,52,12.4839,0.65,79,0
33,Male,52,9.3527,0.39,77,1
54,Male,60,17.8454,0.89,248,0
20,Male,70,10.1587,0.94,239,1
64,Female,46,16.8311,0.27,56,0
65,Male,58,16.0462,0.69,183,0
60,Male,77,8.4638,0.92,200,0
38,Female,42,4.9636,0.53,131,1
58,Other,51,8.378,0.4,70,0
25,Male,49,16.5286,0.92,304,0
39,Male,68,4.9161,0.33,324,0
22,Male,71,10.6741,0.29,208,0
34,Female,48,16.1383,0.89,145,1
54,Male,87,7.3575,0.67,357,1
31,Female,54,12.9589,0.27,159,0
56,Female,55,5.2653,0.68,229,0
58,Male,73,2.62,0.89,367,1
45,Male,66,15.9111,0.18,232,0
48,Male,77,2.42,0.33,162,1
34,Male,83,5.7648,0.64,344,1
52,Male,55,17.0891,0.2,114,0
57,Female,51,7.2215,0.91,260,1
39,Female,45,19.3771,0.63,209,0
62,Male,50,19.5068,0.63,521,0
65,Female,53,5.7046,0.15,112,0
46,Male,80,1.295,0.48,207,1
27,Female,42,14.1782,0.28,143,0
35,Female,50,9.2491,0.83,670,0
52,Female,47,2.4546,0.4,64,1
61,Male,68,14.2259,0.46,606,0
33,Female,50,1.1048,0.68,543,1
24,Female,57,17.3818,0.75,413,0
47,Male,63,3.1899,0.81,544,0
36,Female,65,2.9699,0.26,680,0
40,Female,54,3.908,0.34,341,1
25,Male,62,19.1292,0.18,852,0
34,Male,67,13.9475,0.87,314,0
38,Female,60,16.0466,0.38,216,0
43,Male,67,8.2141,0.21,170,0
45,Male,71,7.0245,0.38,801,0
56,Male,45,5.049,0.15,89,0
50,Male,66,9.8246,0.85,713,0
57,Male,75,11.2055,0.36,359,0
36,Male,76,12.7564,0.42,211,0
46,Male,75,5.4881,0.95,107,1
37,Female,59,18.9039,0.27,286,0
37,Male,69,3.7933,0.28,971,0
27,Male,59,19.2337,0.6,324,0
29,Male,73,0.7882,0.98,220,1
50,Male,59,9.8338,0.91,78,1
42,Male,71,6.9673,0.63,745,0
42,Male,65,9.213,0.83,490,0
21,Female,58,11.5709,0.54,266,0
21,Male,74,8.9504,0.49,125,0
26,Male,70,8.548,0.46,265,0
32,Female,60,14.7148,0.51,351,0
43,Female,53,13.806,0.74,62,1
32,Female,45,16.6655,0.84,819,0
43,Female,66,5.3492,0.62,698,1
45,Male,72,12.3249,0.88,173,1
24,Other,52,11.8528,0.67,493,0
49,Female,57,7.6729,0.82,85,1
29,Male,68,9.9295,0.72,189,1
52,Female,62,6.5874,0.8,258,1
49,Female,69,3.2518,0.12,102,1
26,Female,60,4.6477,0.88,59,1
31,Female,47,2.547,0.9,104,1
30,Female,42,13.7515,0.86,209,1
61,Male,56,13.3181,0.76,794,0
50,Male,68,18.9418,0.81,191,0
49,Male,61,14.6558,0.26,364,0
36,Male,65,1.5097,0.14,186,0
47,Other,59,17.6544,0.36,249,0
33,Male,74,17.2359,0.5,446,0
29,Female,54,9.1004,0.34,313,0
27,Male,68,11.8657,0.88,101,1
19,Male,66,19.4359,0.97,74,0
35,Female,51,10.8267,0.79,720,0
30,Male,64,18.0632,0.53,105,1
46,Other,52,2.111,0.23,599,0
41,Male,54,4.2064,0.88,119,1
55,Male,73,9.0506,0.86,197,1
29,Male,80,11.8443,0.25,185,0
46,Male,57,16.3348,0.14,843,0
39,Male,62,19.6723,0.91,254,0
53,Female,42,8.0437,0.84,77,1
18,Female,48,1.4199,0.94,258,1
60,Male,49,16.0427,0.42,303,0
57,Male,72,12.225,0.69,784,0
51,Female,71,4.3517,0.88,173,1
51,Male,48,10.0997,0.41,657,0
65,Male,81,14.9008,0.53,104,0
50,Female,53,15.446,0.58,177,0
21,Female,59,10.1926,0.13,579,0
55,Female,52,6.4212,0.85,239,0
47,Female,53,19.3906,0.95,61,1
63,Male,77,13.3692,0.48,309,0
37,Male,68,8.4198,0.65,158,0
43,Male,65,5.941,0.59,339,0
32,Female,68,14.6834,0.41,67,1
24,Male,58,5.1984,0.17,59,1
24,Female,50,3.8312,0.57,421,0
46,Female,55,10.7788,0.32,71,0
40,Female,56,6.1258,0.69,274,1
51,Male,58,12.7008,0.58,317,0
37,Male,68,2.788,0.63,345,1
32,Male,62,13.2059,0.64,968,0
50,Male,61,5.996,0.9,117,1
34,Male,67,0.5047,0.23,329,1
37,Female,57,2.9626,0.83,81,1
30,Female,47,18.6121,0.96,83,0
61,Female,47,17.3267,0.75,97,0
41,Female,55,5.032,0.23,277,0
64,Male,69,15.6004,0.87,344,0
54,Male,66,12.3063,0.81,305,1
24,Male,61,19.3356,0.88,81,1
25,Male,73,7.7479,0.54,245,1
40,Female,58,13.7203,0.84,88,1
31,Other,54,1.7326,0.24,116,1
21,Male,43,8.1872,0.62,357,0
38,Male,72,19.1981,0.6,361,0
63,Male,63,10.9562,0.91,252,0
27,Male,72,6.0849,0.88,243,1
39,Female,54,2.8333,0.74,91,1
47,Female,48,14.1484,0.26,783,0
47,Female,52,13.0102,0.83,259,0
33,Female,71,7.7544,0.65,104,1
28,Male,88,18.9483,0.83,307,0
39,Female,64,0.9307,0.94,202,1
46,Female,56,6.3922,0.51,363,0
42,Male,63,18.3687,0.77,258,0
31,Male,57,6.7261,0.98,813,1
31,Female,54,5.3937,0.29,549,0
19,Male,79,10.8639,0.86,192,0
30,Female,59,16.4818,0.23,203,0
20,Male,63,2.501,0.12,107,0
47,Female,52,18.7946,0.86,491,0
35,Female,62,15.9244,0.96,110,1
53,Female,51,4.0163,0.13,252,0
38,Female,44,14.313,0.86,86,1
36,Female,42,7.9682,0.73,256,1
33,Female,45,8.3045,0.73,80,1
45,Male,52,15.6958,0.51,92,0
21,Male,59,19.178,0.48,117,0
32,Male,67,2.9571,0.44,244,1
18,Male,66,8.6602,0.44,151,0
65,Female,60,9.8303,0.94,319,0
64,Female,58,7.8004,0.83,301,1
33,Male,57,7.5459,0.38,292,0
37,Male,63,1.514,0.77,578,1
50,Male,64,13.7994,0.69,333,0
34,Male,58,8.9626,0.86,100,1
22,Male,86,4.279,0.18,59,1
22,Female,53,16.331,0.73,206,0
56,Female,47,16.0697,0.32,584,0
30,Female,57,9.936,0.32,116,1
61,Male,72,6.2899,0.74,160,0
53,Male,66,12.879,0.91,87,0
47,Female,56,6.0902,0.56,126,0
21,Male,61,5.0786,0.52,124,0
40,Male,69,14.672,0.83,140,0
38,Male,66,1.2823,0.12,253,0
38,Female,47,2.3385,0.74,696,1
23,Female,42,0.6317,0.15,76,1
41,Female,52,3.4671,0.32,361,1
64,Male,59,1.8384,0.7,282,0
48,Female,58,19.8186,0.44,622,0
36,Female,47,6.1029,0.37,206,0
55,Male,70,3.3958,0.55,80,0
29,Other,66,5.1753,0.86,975,0
31,Female,54,18.6608,0.48,84,0
29,Female,50,10.5911,0.58,89,1
32,Female,59,7.5775,0.24,199,0
36,Male,74,17.4438,0.5,336,0
45,Female,47,8.1628,0.11,232,0
57,Male,57,6.9992,0.85,263,1
58,Female,58,4.5213,0.29,208,0
22,Female,59,7.8293,0.93,824,0
22,Female,56,6.6437,0.42,535,0
23,Male,61,13.6397,0.85,127,0
40,Female,52,6.1179,0.45,69,1
20,Male,71,11.6977,0.24,712,0
54,Male,71,1.7783,0.55,247,1
50,Female,62,4.211,0.33,937,0
60,Male,61,8.4037,0.39,95,0
38,Male,42,18.6768,0.38,361,0
37,Male,49,7.8187,0.41,589,0
18,Male,65,13.383,0.55,337,0
56,Male,68,5.4487,0.21,169,0
64,Female,54,2.9645,0.33,477,0
34,Female,51,1.6356,0.67,253,1
46,Male,68,6.425,0.78,252,1
25,Male,64,3.5586,0.32,77,1
43,Male,61,3.8758,0.34,180,0
45,Female,66,15.2587,0.53,60,1
51,Male,57,0.8073,0.98,95,1
43,Male,73,11.3215,0.6,214,0
30,Male,56,7.8616,0.83,67,1
61,Male,71,10.3271,0.93,509,0
54,Female,57,11.4189,0.67,304,1
30,Male,58,6.5793,0.57,322,0
55,Male,61,6.2251,0.79,112,1
42,Male,74,14.728,0.39,76,0
64,Female,54,17.4028,0.98,87,0
40,Female,49,4.2361,0.53,104,1
39,Male,50,2.3938,0.94,493,0
38,Male,76,17.9172,0.78,199,0
47,Female,50,7.288,0.29,850,0
28,Male,69,11.1956,0.3,198,0
21,Other,63,7.4751,0.41,255,0
50,Male,54,2.9406,0.43,165,0
64,Male,69,11.933,0.11,295,0
29,Female,63,10.6877,0.87,234,1
26,Female,57,4.4381,0.32,57,1
49,Other,65,9.2663,0.84,196,1
28,Female,56,15.9608,0.53,98,0
54,Male,70,11.9543,0.63,147,0
41,Female,56,2.3802,0.58,192,1
24,Female,45,11.1316,0.95,64,0
25,Female,63,14.1331,0.48,272,0
50,Male,59,15.8784,0.45,103,0
42,Male,62,12.7049,0.65,116,1
18,Male,69,3.4616,0.44,298,1
20,Female,57,14.2774,0.65,158,1
57,Male,59,13.6404,0.62,390,0
45,Male,55,0.9739,0.8,202,0
60,Female,50,8.4879,0.99,761,0
50,Male,54,6.9592,0.98,113,1
63,Female,52,13.4866,0.21,186,0
18,Female,45,4.693,0.51,333,1
55,Male,62,11.9629,0.48,97,1
44,Male,54,18.2162,0.27,111,0
55,Female,45,15.9774,0.77,299,0
52,Female,64,18.3763,0.97,310,0
27,Female,64,19.483,0.24,92,0
29,Male,71,0.707,0.35,77,1
27,Male,72,12.5812,0.87,204,0
51,Female,69,8.5091,0.37,80,1
41,Male,66,17.1812,0.5,557,0
45,Female,48,5.3852,0.77,850,1
39,Female,60,19.532,0.21,559,0
62,Female,59,12.4059,0.57,76,0
33,Female,49,15.8946,0.2,96,0
30,Male,59,2.1606,0.37,933,0
53,Male,67,4.0591,0.31,285,1
53,Female,53,15.213,0.76,258,0
60,Male,63,0.9265,0.24,274,1
40,Female,66,16.3474,0.7,108,1
31,Other,65,0.7706,0.62,147,1
49,Female,64,13.2481,0.71,453,0
20,Female,57,7.5828,0.89,222,1
44,Female,61,12.363,0.58,280,1
36,Male,70,14.003,0.75,279,0
39,Male,59,7.144,0.82,301,1
18,Male,56,2.5945,0.73,79,1
22,Male,57,1.8511,0.39,75,1
50,Male,59,11.9254,0.97,87,1
36,Female,44,10.6007,0.15,274,0
53,Female,51,14.8987,0.44,65,0
23,Female,62,10.3889,0.84,732,0
32,Male,65,8.6954,0.41,805,0
53,Male,60,8.2229,0.59,86,1
50,Female,64,1.0131,0.22,188,1
41,Female,42,7.0098,0.87,340,1
44,Female,53,19.4348,0.94,552,0
28,Female,54,17.447,0.99,748,0
40,Female,48,6.8899,0.17,95,0
50,Female,64,11.9032,0.28,86,1
58,Male,73,16.9376,0.55,276,0
63,Male,67,9.0607,0.35,194,0
64,Female,42,0.8484,0.68,205,1
46,Male,42,1.9455,0.86,150,1
48,Female,52,10.4016,0.21,102,0
18,Male,64,19.3071,0.1,673,0
51,Male,71,13.9483,0.99,65,1
35,Male,55,1.8758,0.51,202,1
35,Male,72,4.1736,0.16,193,0
23,Female,42,15.4637,0.63,128,0
57,Male,62,16.8239,0.78,132,0
18,Female,46,12.4833,0.82,239,1
64,Male,54,13.0018,0.61,511,0
59,Male,72,1.0497,0.71,658,0
47,Male,53,16.5735,0.53,397,0
21,Female,57,15.7925,0.66,223,0
49,Male,63,5.5253,0.96,163,1
27,Female,59,14.2483,0.99,99,1
60,Male,42,4.6682,0.66,276,1
22,Male,60,1.2824,0.63,654,1
26,Female,58,4.402,0.41,79,1
22,Female,45,3.9654,0.39,131,1
28,Female,45,7.0523,0.93,923,0
52,Male,59,8.6179,0.7,416,0
44,Male,73,10.3657,0.51,186,0
21,Female,42,9.749,0.7,297,0
27,Female,53,5.7511,0.21,61,1
56,Male,67,1.0659,0.95,124,1
50,Female,53,12.239,0.57,81,1
55,Male,73,8.1774,0.4,321,0
25,Female,55,6.2942,0.11,236,0
41,Male,73,17.3187,0.71,294,0
56,Male,63,14.9868,0.97,253,0
50,Male,70,17.1407,0.6,199,0
58,Male,82,10.1027,0.4,494,0
60,Other,52,3.0401,0.48,90,0
36,Female,53,14.0067,0.61,213,0
19,Female,51,4.4978,0.72,351,1
28,Male,71,9.0599,0.26,71,0
52,Female,63,1.761,0.94,967,0
34,Male,81,16.511,0.47,100,0
59,Female,51,2.9432,0.66,316,1
20,Male,70,18.0201,0.92,310,1
39,Male,75,17.2661,0.62,230,0
52,Other,70,9.5129,0.72,186,1
38,Male,57,14.9407,0.67,294,0
42,Female,42,12.5172,0.32,281,0
56,Male,67,16.0797,0.97,131,0
19,Female,66,8.877,0.53,498,0
18,Female,56,15.7447,0.19,316,0
24,Female,65,9.4717,0.99,224,1
37,Female,50,18.7547,0.69,89,0
60,Male,75,9.9356,0.65,315,0
23,Male,60,9.4748,0.92,236,1
53,Male,64,15.7304,0.59,106,0
38,Female,51,16.4386,0.42,109,0
63,Female,62,11.2571,0.26,117,0
52,Male,69,3.9881,0.83,292,1
53,Female,61,9.5745,0.4,345,0
25,Female,57,19.2806,0.56,249,0
21,Male,78,15.1079,0.56,256,0
60,Female,53,16.2366,0.77,326,0
33,Female,52,1.1368,0.72,150,1
20,Male,64,9.5765,0.48,106,0
24,Male,63,13.0444,0.48,106,0
19,Male,69,16.6026,0.34,224,0
18,Female,48,1.4559,0.41,898,0
18,Male,72,17.0373,0.74,216,0
55,Female,58,11.139,0.61,737,0
24,Male,86,4.3279,0.15,91,1
41,Female,51,6.6548,0.56,93,0
22,Female,64,5.9694,0.96,121,1
38,Female,48,10.7987,0.2,320,0
45,Male,66,1.5027,0.19,162,1
35,Male,60,3.5756,0.7,234,1
41,Male,67,16.2662,0.96,70,1
49,Male,70,3.0725,0.12,120,1
62,Male,43,5.0279,0.41,105,0
50,Other,60,9.2954,0.16,128,0
27,Female,42,10.5321,0.34,307,0
26,Male,86,15.314,0.6,249,1
50,Female,47,9.1782,0.5,220,0
50,Male,79,15.8234,0.43,360,1
24,Male,70,12.4959,0.29,305,0
21,Female,73,2.6941,0.66,600,0
45,Other,67,3.5328,0.62,229,1
40,Male,75,8.9785,0.7,259,1
49,Female,55,8.1997,0.81,302,1
61,Female,56,14.9248,0.76,337,0
33,Male,59,11.7663,0.96,257,0
63,Male,73,8.0298,0.25,362,0
27,Female,60,3.8127,0.96,90,1
31,Female,51,4.9006,0.25,68,1
56,Male,71,11.6647,0.86,184,0
53,Male,64,8.7147,0.81,99,0
51,Female,42,10.4896,0.7,756,0
41,Female,56,3.8111,0.74,214,1
35,Female,57,13.3604,0.72,322,0
33,Male,56,17.0393,0.58,316,1
58,Female,62,5.504,0.13,154,0
54,Female,49,10.0354,0.62,258,1
58,Female,62,19.4252,0.45,315,0
42,Female,60,6.9649,0.35,653,0
25,Female,67,12.0439,0.54,108,0
41,Female,42,2.2498,0.86,158,1
37,Female,51,12.2567,0.62,815,0
65,Female,48,2.2389,0.97,698,1
47,Female,59,19.1092,0.48,283,0
37,Female,65,14.3839,0.25,229,0
35,Female,51,15.7903,0.38,870,0
21,Male,59,14.1596,0.23,846,0
65,Male,81,11.9407,0.72,139,0
53,Male,70,9.2283,0.24,162,0
23,Male,65,17.1524,0.57,357,0
20,Male,55,19.0626,0.93,117,0
35,Female,65,10.1813,0.49,65,1
64,Male,69,18.5718,0.46,183,0
57,Male,81,11.8167,0.28,226,0
35,Female,48,10.9447,0.78,151,1
40,Male,67,9.317,0.37,155,1
52,Female,60,4.5602,0.99,224,1
23,Male,66,0.5722,0.25,75,1
43,Male,67,5.1852,0.1,228,1
38,Female,59,10.3886,0.59,563,0
41,Female,44,7.8712,0.16,251,0
32,Female,57,9.2006,0.43,84,1
44,Male,78,19.5246,0.51,345,0
49,Male,72,7.2953,0.32,475,0
29,Female,50,9.2723,0.98,362,1
22,Male,63,3.0902,0.41,318,1
24,Male,72,1.4304,0.23,363,0
39,Male,79,15.5429,0.13,271,0
44,Female,54,11.5713,0.38,100,1
32,Female,56,15.2577,0.84,91,1
56,Male,72,3.4073,0.32,320,0
62,Male,67,11.5935,0.64,266,0
52,Female,54,5.4207,0.99,331,1
43,Male,66,4.9244,0.41,275,0
40,Female,47,0.7236,0.65,279,1
30,Female,42,3.0286,0.64,153,1
43,Female,51,6.4998,0.63,999,0
20,Male,69,2.7674,0.96,135,1
46,Female,63,19.6257,0.81,157,0
19,Male,78,6.4875,0.11,234,0
45,Male,70,3.0283,0.13,361,1
40,Male,58,4.3622,0.14,833,0
53,Male,72,11.9014,0.43,322,0
23,Male,77,1.7424,0.5,825,0
28,Female,51,17.2312,0.83,251,0
55,Male,68,19.1531,0.67,71,1
51,Female,60,5.2869,0.99,822,1
34,Male,59,9.2318,0.81,239,1
20,Male,62,0.9294,0.89,112,1
61,Male,66,12.9298,0.26,653,0
63,Female,55,8.5302,0.68,236,0
51,Female,58,5.7391,0.23,65,0
39,Female,42,4.5126,0.71,225,1
46,Female,49,13.188,0.83,201,0
46,Female,50,8.5746,0.37,76,0
22,Male,45,3.9854,0.25,168,0
27,Female,52,13.8687,0.31,167,0
27,Female,56,11.4624,0.83,922,0
26,Male,63,17.1582,0.59,357,0
38,Male,73,2.779,0.58,343,1
30,Female,69,15.7419,0.62,245,0
27,Female,43,13.5662,0.54,109,0
55,Female,54,2.7312,0.88,198,1
28,Male,74,13.9795,0.56,292,0
21,Female,49,9.066,0.64,263,0
63,Male,65,18.8327,0.98,231,0
48,Male,62,3.2473,0.51,104,1
51,Male,70,12.971,0.27,119,0
59,Male,78,7.9104,0.61,239,0
52,Female,42,19.0622,0.73,303,0
56,Female,55,6.9015,0.21,220,0
56,Female,56,19.1664,0.25,226,0
50,Female,47,17.9888,0.12,374,0
25,Female,52,5.7454,0.77,884,0
49,Female,44,16.0887,0.28,127,0
50,Male,62,19.8147,0.91,218,0
25,Female,51,5.4017,0.56,119,1
63,Male,68,8.9735,0.96,219,1
31,Male,63,10.5915,0.44,146,0
51,Male,60,6.2217,0.96,637,1
25,Male,83,0.7961,0.98,79,1
59,Male,77,4.7705,0.22,334,1
24,Female,69,5.9696,0.21,878,0
30,Male,62,9.1058,0.48,391,0
38,Male,71,3.8194,0.47,317,1
64,Female,46,17.4411,0.68,109,0
49,Male,61,14.1753,0.2,100,0
28,Female,55,2.1529,0.78,74,1
31,Female,57,13.1118,0.3,323,0
28,Male,71,13.1809,0.24,80,0
19,Female,58,19.0507,0.82,274,1
51,Male,47,0.5586,0.17,279,0
61,Female,59,5.3099,0.74,340,0
64,Female,47,18.4992,0.2,297,0
34,Male,84,18.5834,0.77,859,0
31,Male,57,14.4794,0.81,104,1
42,Female,65,15.3558,0.63,159,0
65,Male,68,2.2748,0.42,223,0
44,Male,46,10.4692,0.31,355,0
25,Other,69,4.9927,0.83,152,1
34,Male,61,4.0156,0.2,148,1
22,Female,61,16.2199,0.98,152,0
29,Male,55,3.1197,0.8,67,1
55,Female,59,9.5918,0.72,476,0
35,Male,68,18.7084,0.99,928,0
43,Male,55,4.1051,0.72,79,1
48,Female,51,19.4731,0.19,241,0
54,Female,49,19.7892,0.39,162,0
23,Female,48,11.279,0.63,117,0
58,Male,50,3.8008,0.62,236,0
32,Female,56,6.6324,0.11,96,1
59,Female,48,8.7352,0.33,728,0
43,Other,58,6.5009,0.76,339,1
29,Female,56,5.9443,0.69,627,0
58,Female,42,19.3613,0.91,91,0
64,Female,61,3.4753,0.96,78,1
31,Female,55,14.7266,0.88,305,1
18,Female,56,0.508,0.6,651,1
34,Male,56,12.0659,0.59,210,1
50,Male,63,18.2693,0.43,162,0
46,Male,69,6.0859,0.91,284,0
62,Other,68,4.0992,0.85,94,1
48,Male,60,13.1426,0.8,144,0
25,Male,60,14.3245,0.8,217,0
47,Male,79,13.8478,0.86,88,1
30,Female,57,6.6947,0.93,66,1
33,Female,57,5.3927,0.84,218,1
19,Female,55,19.0448,0.83,354,1
62,Male,66,18.412,0.69,224,0
35,Female,42,9.3719,0.51,298,0
52,Male,63,16.9162,0.6,193,0
62,Other,59,9.2751,0.58,236,0
36,Male,69,8.7331,0.84,157,0
30,Female,68,3.5412,0.34,285,1
21,Male,72,8.7723,0.43,524,0
36,Female,51,10.9259,0.6,173,1
42,Male,67,0.9366,0.99,582,1
55,Male,81,9.1158,0.54,215,0
48,Female,54,15.6583,0.21,77,0
53,Male,65,13.6929,0.71,308,0
21,Female,55,12.822,0.65,305,0
56,Female,52,18.1454,0.86,78,0
24,Female,59,0.8498,0.87,138,1
33,Male,60,11.3067,0.33,346,0
65,Female,56,15.7746,0.14,317,0
22,Female,55,11.0019,0.81,153,0
64,Male,66,6.7836,0.69,326,0
40,Male,66,3.1433,0.23,78,1
53,Male,65,17.7187,0.99,115,1
49,Male,61,9.6328,0.93,353,1
41,Female,48,17.5354,0.75,362,0
42,Female,51,11.8655,0.15,86,0
62,Female,48,13.5793,0.29,228,0
45,Female,49,16.1027,0.39,72,0
36,Male,68,13.2876,0.15,110,0
24,Male,61,8.2223,0.84,299,1
61,Female,59,10.4645,0.17,82,0
58,Female,54,16.0791,0.28,76,0
34,Female,57,7.7488,0.39,356,0
19,Male,77,8.0296,0.4,148,0
33,Female,57,2.3564,0.34,261,1
56,Male,63,18.2429,0.98,341,0
35,Male,48,2.2661,0.96,387,1
56,Female,65,13.0753,0.66,134,0
18,Male,59,8.516,0.21,361,0
20,Female,57,8.369,0.74,91,0
38,Male,67,13.6833,0.98,110,1
47,Female,64,1.8016,0.99,234,1
28,Female,54,12.0179,0.65,314,0
39,Male,86,15.4774,0.27,67,0
64,Female,55,16.5673,0.85,939,0
42,Female,55,3.8083,0.66,206,0
20,Female,66,17.9099,0.51,244,0
47,Male,64,13.2292,0.23,732,0
41,Male,62,17.608,0.32,991,0
62,Male,66,9.9144,0.62,203,0
53,Female,42,11.0154,0.33,699,0
40,Male,54,18.3293,0.53,571,0
25,Male,65,17.9582,0.74,472,0
21,Male,68,9.1943,0.99,244,1
56,Male,64,5.8236,0.14,198,0
60,Female,54,8.1275,0.82,68,1
48,Male,49,8.0226,0.22,590,0
46,Male,82,6.0652,0.95,84,1
53,Male,53,5.7104,0.79,177,1
30,Female,53,17.2046,0.46,58,1
58,Female,72,1.8553,0.56,305,1
26,Female,43,13.6457,0.71,250,0
38,Male,69,3.8527,0.6,100,1
20,Male,68,7.1834,0.98,360,1
42,Male,66,1.6939,0.99,343,1
42,Female,50,5.7375,0.15,199,0
29,Female,63,15.4074,0.76,701,0
46,Female,60,17.6693,0.77,120,1
28,Female,48,4.7976,0.81,102,1
28,Male,67,9.4928,0.93,399,0
43,Male,68,9.6243,0.63,267,1
31,Male,83,17.4474,0.33,339,0
33,Male,55,15.2983,0.7,333,1
27,Female,53,10.4537,0.39,347,0
48,Female,60,13.5125,0.41,181,0
48,Male,79,16.9387,0.65,75,0
53,Female,65,0.6851,0.36,352,1
27,Female,48,8.3161,0.73,300,0
43,Other,64,18.1005,0.87,312,0
37,Female,59,14.8621,0.99,175,0
61,Female,44,11.0311,0.25,197,0
26,Male,72,10.7751,0.51,292,0
32,Female,56,7.2467,0.77,104,1
26,Male,53,10.5981,0.62,82,0
24,Female,53,13.2144,0.16,79,0
43,Male,82,8.6162,0.41,799,0
41,Male,60,14.3546,0.81,896,0
29,Male,62,17.2079,0.54,571,0
37,Male,68,3.5009,0.72,327,1
31,Male,73,9.26,0.68,322,0
39,Other,60,8.4156,0.95,318,1
33,Male,55,13.8368,0.87,192,1
46,Female,62,5.3474,0.41,248,0
49,Male,67,12.9209,0.55,289,0
36,Male,68,17.5233,0.53,244,0
52,Male,73,8.6118,0.35,243,0
60,Male,72,18.1737,0.66,319,0
49,Male,65,19.7674,0.33,493,0
37,Male,75,2.5582,0.24,316,1
57,Male,74,5.0212,0.2,276,0
37,Female,60,18.9374,0.36,253,0
25,Male,60,19.0916,0.53,175,0
52,Female,52,2.3955,0.2,239,0
59,Other,52,0.791,0.71,131,1
30,Female,59,3.6253,0.88,111,1
58,Female,56,19.8226,0.48,516,0
23,Male,79,3.992,0.89,102,1
64,Female,48,10.2494,0.24,227,0
33,Male,64,16.9593,0.17,830,0
22,Male,78,0.8958,0.83,90,1
62,Female,45,12.2271,0.98,115,0
51,Female,64,5.8743,0.41,469,0
23,Female,56,17.2293,0.69,79,1
50,Male,75,5.9991,0.69,107,0
32,Male,70,13.8231,0.72,109,1
32,Female,44,13.5799,0.62,721,0
31,Female,55,4.797,0.33,204,1
56,Male,67,1.1751,0.17,330,1
22,Male,63,8.4394,0.11,247,0
43,Female,61,6.1103,0.26,162,1
65,Female,54,16.1942,0.21,85,0
34,Male,69,16.0271,0.13,436,0
60,Female,53,9.3663,0.18,205,0
64,Female,57,12.2663,0.14,80,0
33,Female,60,12.2226,0.59,97,1
52,Female,46,16.5469,0.15,130,0
55,Male,59,8.745,0.99,303,0
40,Female,61,5.8437,0.55,111,0
30,Male,64,5.6417,0.91,272,1
50,Female,54,10.9021,0.54,218,1
46,Female,42,9.2135,0.22,316,0
63,Female,42,9.0383,0.86,87,1
51,Male,69,2.2681,0.31,65,1
51,Female,63,14.4409,0.14,214,0
44,Female,69,4.6465,0.27,64,1
32,Female,51,4.3209,0.64,80,1
26,Male,69,8.5075,0.49,153,1
43,Male,62,4.9189,0.25,217,1
20,Female,59,11.8269,0.58,329,0
53,Male,76,7.7064,0.96,179,1
64,Female,52,9.2089,0.75,183,1
22,Male,62,10.9211,0.16,71,0
37,Female,52,4.4486,0.39,85,1
37,Male,76,3.5216,0.72,93,1
22,Male,67,17.5802,0.23,471,0
27,Male,72,8.9142,0.58,223,0
33,Female,47,8.4946,0.59,68,1
42,Female,46,1.1909,0.18,63,1
61,Female,58,10.1607,0.65,317,1
42,Female,46,11.2509,0.91,117,1
47,Male,70,11.3415,0.69,308,1
31,Other,59,14.2164,0.92,679,0
39,Female,47,3.9431,0.65,75,1
60,Male,69,5.3931,0.78,87,0
45,Female,61,16.2282,0.9,84,1
47,Female,53,18.8751,0.52,56,0
36,Female,49,3.1371,0.24,251,1
55,Female,47,10.1544,0.21,75,0
59,Female,45,4.655,0.96,341,1
37,Female,49,1.6654,0.59,303,1
52,Female,44,6.8148,0.71,545,0
39,Male,58,3.2875,0.65,143,1
32,Female,49,14.2727,0.61,61,1
28,Male,73,10.8543,0.6,235,0
51,Female,63,3.2904,0.53,268,1
41,Female,52,0.6793,0.9,115,1
23,Male,68,16.1782,0.21,84,0
34,Male,64,3.9182,0.74,987,0
45,Female,44,12.2606,0.71,111,0
48,Male,58,7.0363,0.16,112,0
53,Male,79,11.8584,0.3,593,0
26,Female,54,6.6237,0.81,87,1
27,Other,62,2.1866,0.31,117,0
38,Female,42,4.8252,0.62,107,1
51,Female,60,4.1483,0.18,317,0
48,Female,56,8.8036,0.3,971,0
46,Male,76,13.2707,0.9,323,1
60,Female,45,5.6178,0.43,83,0
60,Female,59,0.7342,0.83,87,1
28,Other,57,10.5674,0.53,135,0
50,Other,64,12.2517,0.39,170,0
63,Male,63,19.1797,0.61,343,0
18,Other,53,11.9357,0.58,247,0
38,Female,51,9.6407,0.99,651,0
40,Female,53,11.624,0.41,68,0
26,Male,74,18.5013,0.69,61,0
18,Female,54,16.5705,0.72,962,0
38,Male,77,6.7658,0.66,340,1
39,Female,68,5.1027,0.53,299,1
21,Male,67,5.5951,0.81,345,1
18,Female,47,10.2858,0.79,320,0
27,Female,66,14.9346,0.96,257,1
32,Male,56,10.2625,0.98,853,1
53,Female,64,1.8153,0.29,77,1
46,Male,67,14.5375,0.69,283,0
63,Female,55,16.1358,0.87,87,0
22,Female,51,6.1163,0.97,530,1
46,Male,53,13.384,0.23,87,0
64,Female,66,8.7759,0.95,125,0
64,Female,55,17.7489,0.3,107,0
44,Male,66,16.8974,0.62,313,0
42,Female,51,10.6934,0.69,192,1
33,Female,49,13.9152,0.89,183,0
33,Male,67,17.637,0.82,157,1
53,Female,48,10.1169,0.94,316,1
42,Female,51,6.5771,0.81,117,1
58,Male,61,15.1211,0.4,864,0
18,Male,60,4.7693,0.26,76,1
22,Male,58,8.0375,0.24,321,0
58,Female,58,17.2951,0.18,995,0
37,Female,56,14.5538,0.94,230,1
22,Female,56,8.3339,0.54,93,1
53,Female,55,4.666,0.97,72,1
46,Male,74,7.4058,0.8,592,1
65,Female,45,6.0116,0.96,322,1
51,Other,44,3.9161,0.88,196,1
65,Other,55,14.9207,0.62,76,0
35,Male,76,5.3902,0.3,100,1
19,Female,55,9.3108,0.33,328,0
33,Male,42,7.9857,0.43,744,0
46,Male,81,19.5523,0.12,95,0
50,Female,47,8.0872,0.7,283,1
33,Male,59,2.0517,0.6,107,1
52,Male,57,2.2426,0.19,129,0
64,Female,43,11.9606,0.84,281,0
60,Female,55,12.1277,0.84,164,0
59,Female,49,8.6239,0.21,643,0
34,Female,45,8.8778,0.28,132,0
21,Male,53,1.5463,0.33,383,0
21,Male,65,10.521,0.57,99,0
42,Female,54,10.2919,0.95,737,1
50,Female,65,3.4013,0.7,604,1
31,Female,59,2.5145,0.71,86,1
41,Female,67,2.8973,0.36,235,1
28,Male,72,2.4599,0.66,699,1
42,Male,56,12.3283,0.29,68,0
45,Male,65,4.3118,0.74,321,1
24,Female,61,5.3777,0.31,350,1
53,Male,59,3.8673,0.11,95,1
27,Female,49,19.082,0.57,210,0
53,Male,65,17.0796,0.37,169,0
48,Female,42,4.9716,0.67,98,1
36,Female,48,6.8548,0.77,283,0
35,Female,59,4.5719,0.83,152,1
23,Female,56,10.0424,0.98,809,1
45,Female,55,0.8804,0.6,223,1
24,Male,57,13.5245,0.53,354,0
55,Male,64,10.6493,0.32,250,0
29,Female,60,17.9336,0.77,278,0
58,Male,62,3.6892,0.53,987,0
51,Male,42,16.0997,0.39,148,0
42,Male,53,15.864,0.49,291,0
34,Male,46,2.9673,0.43,292,1
50,Male,66,8.232,0.98,830,0
40,Female,60,3.801,0.3,361,1
26,Other,76,5.4416,0.47,79,1
23,Female,52,5.607,0.38,161,0
19,Male,67,11.291,0.25,268,0
55,Female,57,8.4814,0.37,104,1
26,Female,42,18.886,0.54,275,0
20,Female,56,2.9516,0.67,95,1
33,Male,56,19.3896,0.66,294,0
42,Male,61,4.9744,0.8,218,1
41,Female,49,15.4938,0.16,101,0
64,Female,55,7.076,0.38,65,0
46,Female,55,3.2758,0.42,166,1
61,Male,74,17.1431,0.72,115,0
57,Female,54,6.4919,0.29,613,0
43,Male,73,13.2818,0.29,67,1
55,Male,89,11.489,0.19,608,0
52,Male,48,9.6521,0.58,152,0
40,Male,65,10.1189,0.75,448,0
21,Male,53,14.7054,0.73,84,0
59,Male,79,2.2028,0.77,66,0
31,Male,67,13.4627,0.25,360,0
64,Male,59,17.8788,0.63,158,0
56,Male,63,1.6211,0.18,336,0
24,Male,77,3.2287,0.97,113,1
25,Male,69,14.4027,0.19,238,0
59,Male,70,8.9833,0.89,61,1
36,Male,78,8.3288,0.13,171,0
19,Male,74,3.1572,0.58,299,1
64,Male,75,10.3313,0.87,276,0
18,Female,48,2.955,0.67,967,0
59,Female,56,9.7464,0.54,86,0
55,Female,69,15.3141,0.21,267,0
30,Female,50,5.5103,0.69,113,1
59,Female,68,9.8273,0.64,72,1
61,Male,49,19.7451,0.51,155,0
41,Female,56,13.821,0.31,151,0
49,Female,56,16.8223,0.3,788,0
47,Female,42,8.548,0.97,223,1
23,Male,71,15.3965,0.97,98,1
55,Female,42,1.2859,0.94,106,1
50,Female,55,2.8845,0.56,187,1
61,Female,55,4.4396,0.99,350,1
40,Female,43,8.2979,0.37,269,0
27,Other,52,16.9075,0.48,344,0
63,Female,52,7.2176,0.26,835,0
32,Male,66,13.1997,0.52,288,0
40,Male,65,14.2607,0.27,340,0
53,Male,49,11.8719,0.16,519,0
18,Male,53,7.4305,0.11,129,0
25,Male,64,11.6948,0.44,102,1
20,Female,52,7.14,0.91,116,1
31,Female,54,2.1272,0.49,284,1
34,Male,57,19.7604,0.68,175,0
51,Female,70,2.9673,0.84,590,0
64,Male,67,1.9036,0.6,394,0
23,Female,42,17.5435,0.61,104,0
22,Male,68,6.3556,0.57,219,0
63,Female,58,13.1158,0.21,362,0
58,Other,67,6.8827,0.67,263,0
57,Male,61,8.0942,0.75,121,1
46,Female,54,5.585,0.1,262,0
52,Female,54,7.1551,0.18,288,0
35,Male,61,8.4676,0.59,82,1
57,Other,65,14.4761,0.86,296,0
65,Female,62,10.4238,0.58,273,0
47,Male,63,18.8052,0.49,213,0
32,Male,53,1.3125,0.94,116,1
32,Female,61,10.2595,0.17,237,0
33,Female,58,11.834,0.22,86,0
50,Male,67,18.3518,0.72,84,0
27,Female,61,1.4537,0.2,56,1
36,Male,59,11.6259,0.22,398,0
54,Female,42,17.0604,0.88,102,1
20,Female,47,5.1934,0.29,130,0
53,Female,45,17.5001,0.66,101,0
21,Female,61,0.8694,0.46,245,1
28,Female,49,14.7096,0.22,206,0
58,Male,65,18.6024,0.45,59,0
50,Female,69,13.2496,0.47,84,1
45,Male,72,9.0172,0.67,198,1
49,Female,51,1.3707,0.24,320,0
33,Female,49,18.3502,0.13,99,0
26,Male,74,9.6237,0.65,345,0
28,Female,47,1.0625,0.16,58,1
23,Female,46,13.8825,0.24,200,0
44,Female,48,9.8476,0.98,218,1
29,Male,63,2.9123,0.12,112,1
39,Male,56,4.6569,0.68,944,0
57,Female,52,1.7511,0.22,661,0
65,Female,57,11.6413,0.84,61,1
54,Male,75,12.5674,0.62,147,0
38,Other,58,10.3114,0.53,309,1
50,Female,42,16.3518,0.51,167,0
34,Other,56,17.2036,0.7,147,0
46,Female,46,12.4431,0.85,801,0
57,Male,70,0.7475,0.11,311,0
27,Male,50,13.9875,0.12,639,0
35,Other,57,8.6092,0.35,202,1
64,Male,75,11.4718,0.76,114,1
30,Female,56,13.0922,0.27,78,0
44,Female,49,7.2946,0.47,343,0
27,Male,62,18.2917,0.56,355,0
49,Female,58,3.0991,0.44,942,0
58,Female,60,13.5273,0.52,872,0
62,Female,53,0.5846,0.82,130,1
20,Male,55,18.4382,0.31,122,0
39,Female,56,2.6826,0.39,83,1
44,Female,49,2.3408,0.57,382,0
20,Female,50,6.9603,0.88,108,1
50,Female,59,7.7472,0.28,316,1
19,Male,79,4.6574,0.57,211,1
28,Female,46,11.8514,0.89,415,1
63,Female,59,9.0925,0.2,71,0
27,Male,64,1.163,0.75,525,0
56,Female,50,6.7013,0.3,239,0
50,Male,56,16.2224,0.26,77,0
24,Female,48,13.8802,0.31,307,0
32,Female,64,14.5625,0.55,117,0
43,Female,58,14.0435,0.64,78,0
28,Male,75,6.5329,0.27,269,0
55,Female,59,2.4335,0.2,106,1
44,Female,45,5.7859,0.51,300,1
56,Female,54,16.6366,0.15,307,0
24,Female,60,19.5211,0.59,158,0
18,Female,59,10.0806,0.71,174,0
27,Female,53,0.6882,0.95,99,1
38,Female,52,3.2169,0.23,82,1
32,Male,58,6.7484,0.49,94,1
47,Male,73,11.7246,0.33,336,1
47,Female,60,1.9568,0.3,249,1
25,Female,68,18.8011,0.57,115,0
41,Male,61,7.5826,0.23,233,0
36,Female,60,18.2041,0.11,369,0
20,Male,64,15.6421,0.25,648,0
32,Male,43,15.1555,0.4,87,1
53,Male,65,12.2704,0.11,275,0
23,Other,67,12.6596,0.87,618,0
59,Other,67,12.8773,0.63,285,0
65,Female,53,12.6972,0.12,532,0
35,Male,70,11.2423,0.31,370,0
55,Female,58,19.6364,0.7,68,0
36,Female,50,14.7064,0.13,332,0
47,Male,50,15.5728,0.44,62,0
30,Male,54,17.4258,0.19,142,0
56,Female,46,4.6834,0.45,759,0
29,Male,66,2.1258,0.97,531,1
51,Male,62,9.8682,0.51,388,0
29,Female,46,10.4732,0.65,104,0
61,Female,48,16.5861,0.47,574,0
41,Other,65,9.1094,0.38,971,0
21,Male,43,11.5745,0.65,566,0
53,Female,45,10.7252,0.66,774,0
65,Male,59,1.2411,0.65,265,0
31,Male,60,12.4352,0.12,97,0
34,Female,53,16.564,0.73,94,0
20,Male,72,3.5555,0.71,118,1
55,Male,59,12.03,0.16,276,0
40,Female,52,12.016,0.27,273,0
30,Male,72,3.6852,0.57,179,1
26,Other,57,2.8952,0.42,119,1
38,Male,69,19.513,0.62,639,0
58,Male,66,8.1382,0.78,84,1
25,Male,55,4.912,0.59,201,0
34,Male,67,3.8237,0.51,276,1
33,Female,59,13.4515,0.34,62,0
33,Female,59,12.3232,0.65,310,1
45,Male,66,12.9849,0.84,225,0
33,Female,62,2.2073,0.34,260,1
63,Other,68,17.8346,0.81,780,0
63,Male,61,8.0518,0.48,111,0
31,Male,65,6.5794,0.2,656,0
63,Male,83,9.4698,0.92,841,0
61,Female,59,8.0673,0.71,805,0
55,Male,75,17.2534,0.86,242,0
37,Male,79,18.5277,0.69,119,1
62,Female,58,6.387,0.21,240,0
65,Female,55,17.2604,0.59,75,0
58,Female,42,15.6615,0.67,60,0
51,Male,83,18.5577,0.34,237,0
46,Female,66,5.2676,0.67,255,1
20,Other,64,11.693,0.61,57,1
27,Male,74,5.8262,0.12,718,0
37,Male,59,16.4874,0.89,360,1
19,Female,67,0.6033,0.58,109,1
44,Female,56,11.4575,0.63,988,0
49,Male,69,7.0805,0.24,621,0
27,Male,59,6.7601,0.82,296,1
57,Female,52,13.0112,0.58,88,0
34,Female,42,17.0188,0.18,269,0
50,Female,45,12.3184,0.73,589,0
23,Female,44,17.0516,0.54,102,0
56,Male,64,5.6332,0.4,282,1
64,Female,59,10.5783,0.93,138,0
35,Male,62,9.2404,0.84,251,1
26,Female,45,0.7259,0.14,138,1
25,Female,55,11.3022,0.73,352,1
42,Female,47,13.3336,0.25,108,0
48,Female,48,11.9831,0.12,360,0
59,Male,91,14.7838,0.3,123,0
21,Male,67,11.584,0.14,477,0
37,Male,78,1.795,0.67,631,1
45,Female,45,2.759,0.78,106,1
57,Male,69,12.0716,0.26,109,0
18,Male,59,5.8346,0.29,750,0
57,Female,49,2.0451,0.22,872,0
61,Male,72,8.8343,0.61,58,1
40,Female,42,11.2539,0.54,288,1
64,Male,54,6.8777,0.11,317,0
30,Male,71,14.4764,0.43,298,0
33,Male,61,12.9891,0.18,222,0
43,Female,51,6.9567,0.62,549,0
48,Male,49,15.1445,0.53,135,0
18,Male,54,13.0847,0.51,166,0
34,Female,55,12.8664,0.76,199,0
33,Female,62,11.2365,0.51,165,1
54,Male,73,0.721,0.54,219,1
27,Female,51,14.0122,0.67,114,1
55,Female,44,7.7952,0.37,87,0
61,Female,60,18.7866,0.94,350,0
48,Female,55,16.3689,0.35,335,0
27,Male,70,11.9013,0.92,71,0
51,Male,55,5.3923,0.83,286,1
23,Female,52,4.4521,0.92,253,1
45,Male,75,7.1035,0.26,203,1
45,Female,57,9.7454,0.31,180,0
30,Male,69,6.2437,0.86,128,1
58,Male,68,10.4896,0.96,86,1
29,Female,46,3.7082,0.78,332,1
57,Female,42,19.4676,0.67,117,0
19,Female,47,2.5937,0.83,359,1
25,Male,84,18.5797,0.14,341,0
59,Male,71,18.2234,0.87,80,0
26,Female,50,10.692,0.35,90,1
25,Female,52,14.5633,0.15,90,0
20,Female,48,8.9593,0.71,178,0
26,Male,52,12.7227,0.78,62,1
30,Female,49,7.1072,0.66,232,1
26,Female,65,6.3425,0.42,317,0
48,Male,63,11.7177,0.21,108,0
42,Female,59,10.1637,0.79,354,1
61,Male,42,11.743,0.14,917,0
62,Male,65,6.0612,0.78,526,0
25,Male,69,7.619,0.96,75,1
64,Female,55,2.1276,0.99,180,1
48,Male,66,1.5142,0.46,176,1
62,Female,56,5.4171,0.2,440,0
62,Male,67,1.9404,0.19,281,0
48,Male,69,2.5132,0.54,203,1
34,Male,65,16.2708,0.81,490,0
64,Female,48,1.2541,0.14,116,0
36,Male,70,13.2835,0.25,134,0
20,Male,67,5.7876,0.63,358,1
63,Male,58,17.408,0.18,556,0
47,Male,62,9.9089,0.89,886,0
27,Male,79,6.4282,0.55,87,1
46,Male,43,10.5422,0.45,293,0
57,Male,66,7.91,0.11,155,0
35,Female,59,11.4474,0.2,88,0
29,Male,70,2.7219,0.84,161,1
40,Female,68,19.8416,0.73,277,0
28,Male,79,8.7558,0.12,258,0
26,Male,66,7.2557,0.98,237,1
41,Female,50,14.2781,0.42,76,0
42,Female,52,7.5596,0.65,245,0
42,Female,65,16.6655,0.75,733,0
64,Male,71,9.3129,0.96,287,0
26,Female,42,14.4594,0.9,56,1
29,Female,50,2.5846,0.64,76,1
28,Female,75,16.9147,0.23,229,0
55,Female,51,14.7729,0.86,286,0
45,Male,70,4.6073,0.84,244,1
25,Male,63,3.3185,0.68,441,0
27,Female,60,6.6361,0.99,884,1
42,Male,74,19.4358,0.58,300,0
64,Female,56,5.4825,0.29,202,1
53,Male,57,9.3489,0.33,333,0
60,Female,54,1.0824,0.47,558,0
26,Male,65,8.2062,0.48,115,0
58,Male,64,11.5836,0.85,701,0
25,Other,53,18.9906,0.9,144,0
20,Male,63,10.5247,0.44,160,0
35,Male,60,16.3907,0.95,297,1
63,Male,58,11.1143,0.94,178,1
52,Female,58,1.2912,0.47,296,0
34,Female,43,6.6112,0.88,149,1
53,Female,42,11.6657,0.2,56,0
45,Female,51,18.9415,0.56,81,0
32,Male,58,17.1671,0.74,81,0
36,Male,58,4.9301,0.41,273,1
39,Male,69,4.7701,0.12,318,1
23,Female,52,4.4028,0.15,159,0
64,Female,54,18.3965,0.91,76,0
24,Male,64,17.0417,0.57,101,0
61,Male,75,15.5327,0.24,67,0
65,Male,63,8.1191,0.91,93,0
26,Male,64,10.285,0.95,69,1
37,Male,64,9.508,0.39,665,0
54,Male,49,5.4159,0.63,355,0
28,Male,71,10.2975,0.39,913,0
19,Female,52,1.0916,0.75,90,1
39,Male,72,3.0571,0.95,565,1
65,Female,48,17.6998,0.13,234,0
53,Male,53,15.0826,0.52,297,0
22,Female,56,8.7036,0.82,223,0
24,Male,71,10.5327,0.72,253,1
23,Female,53,7.678,0.26,872,0
39,Male,56,14.8711,0.45,307,0
27,Male,62,15.7132,0.52,310,0
63,Female,42,15.3077,0.77,59,0
57,Female,51,14.5187,0.51,117,0
63,Male,85,4.4674,0.38,677,0
63,Male,50,7.0566,0.47,317,0
37,Male,52,9.615,0.97,125,1
45,Female,51,6.9174,0.14,156,0
40,Female,65,15.1458,0.4,298,0
52,Male,58,6.8895,0.28,61,0
18,Male,63,3.1817,0.46,99,0
46,Male,61,8.2414,0.63,352,1
26,Male,53,19.5103,0.27,293,0
26,Female,60,4.8821,0.48,188,1
39,Female,59,12.3759,0.85,242,1
19,Female,44,8.8997,0.68,350,1
33,Male,61,1.8779,0.71,792,0
57,Female,48,9.9648,0.95,69,1
23,Male,61,14.122,0.47,69,0
30,Female,73,10.4565,0.99,920,1
50,Female,51,17.4189,0.44,237,0
36,Female,55,6.1054,0.26,142,0
32,Male,54,2.1732,0.83,112,1
50,Male,54,18.6694,0.56,706,0
27,Female,64,7.837,0.41,313,1
18,Male,72,11.6823,0.32,129,0
29,Female,52,15.8649,0.84,821,0
60,Male,73,6.7917,0.61,287,1
46,Male,54,14.3936,0.66,192,0
34,Male,54,3.1271,0.52,262,0
21,Male,50,6.1511,0.29,162,0
46,Female,52,3.3074,0.4,207,1
24,Female,48,16.2379,0.22,131,0
61,Female,44,4.8194,0.41,94,0
30,Male,58,14.4176,0.92,509,0
22,Male,87,18.8,0.62,313,0
23,Female,56,10.7388,0.14,90,1
51,Male,77,10.9766,0.79,308,1
24,Female,45,9.4441,0.79,917,0
63,Male,60,6.8223,0.78,198,0
45,Female,58,9.7277,0.65,80,1
63,Female,57,12.1945,0.13,93,0
27,Male,65,19.6282,0.44,113,0
21,Female,42,18.6926,0.39,66,0
20,Female,53,17.2258,0.12,497,0
42,Female,53,17.7491,0.18,86,0
40,Male,69,9.5763,0.48,607,0
44,Male,61,13.2544,0.89,109,1
31,Female,52,17.8643,0.97,606,0
55,Female,52,8.1232,0.77,110,1
49,Female,55,19.1582,0.3,282,0
40,Female,54,8.5662,0.93,67,1
64,Male,70,12.161,0.98,314,0
57,Other,43,14.2702,0.49,68,0
54,Male,81,18.9415,0.57,249,0
20,Female,57,5.2456,0.41,228,0
52,Male,62,14.9749,0.87,520,0
30,Male,79,10.6038,0.37,114,1
51,Male,73,5.71,0.2,182,0
41,Female,42,15.5662,0.51,77,1
18,Female,66,11.2131,0.25,363,0
29,Female,63,13.3229,0.49,95,1
25,Male,72,6.7643,0.63,115,1
36,Male,63,9.8367,0.82,160,1
26,Female,61,12.4767,0.72,96,1
45,Male,69,8.3553,0.76,204,1
31,Female,44,4.3484,0.63,100,1
44,Female,48,19.1558,0.17,272,0
35,Male,63,10.4225,0.89,569,1
59,Female,51,14.7381,0.73,100,0
58,Female,49,8.4743,0.81,128,1
23,Female,60,7.3896,0.95,480,0
50,Female,48,8.399,0.97,314,0
54,Female,71,8.4384,0.97,227,1
59,Female,65,11.0571,0.34,220,0
42,Male,60,11.0433,0.87,241,0
30,Male,72,10.1448,0.96,472,0
40,Male,65,3.1148,0.74,123,0
53,Male,62,10.1239,0.74,268,0
50,Male,63,3.7806,0.9,904,0
38,Female,57,2.947,0.36,145,0
51,Female,48,18.5933,0.27,236,0
53,Male,57,12.236,0.49,734,0
34,Male,62,13.2941,0.95,111,1
27,Male,78,8.2948,0.15,76,1
40,Male,62,18.1342,0.5,70,0
61,Male,68,12.8759,0.72,544,0
19,Female,56,15.4219,0.69,337,0
52,Female,47,7.6501,0.83,321,1
31,Female,48,19.1242,0.34,57,0
64,Female,52,16.4169,0.31,107,0
62,Male,74,17.0666,0.84,97,0
58,Male,75,3.8406,0.84,574,1
19,Female,53,5.7567,0.32,321,0
36,Female,60,6.0412,0.5,426,0
33,Male,71,5.7556,0.51,166,1
60,Female,58,17.0949,0.56,207,0
61,Male,79,1.1186,0.85,202,1
42,Female,53,1.9763,0.64,887,0
18,Female,56,5.8139,0.57,838,0
19,Female,50,4.3775,0.36,751,0
65,Female,58,4.9981,0.14,239,0
44,Male,57,15.9801,0.93,58,0
19,Male,73,11.4247,0.74,323,1
47,Male,72,0.612,0.17,105,1
27,Male,69,8.8289,0.37,91,1
36,Male,67,8.413,0.68,114,0
59,Female,64,2.7105,0.29,144,0
33,Male,70,13.6172,0.19,186,0
30,Male,66,14.1207,0.6,260,0
65,Female,55,14.4853,0.4,140,0
25,Female,53,14.6323,0.84,84,1
48,Female,54,0.501,0.96,294,1
62,Female,48,19.0061,0.63,310,0
42,Female,53,16.2957,0.74,78,0
56,Male,49,18.0372,0.99,168,0
38,Female,62,0.8035,0.3,226,1
55,Male,75,18.6169,0.91,144,0
58,Male,64,16.2099,0.6,270,0
46,Male,56,16.7421,0.27,195,0
23,Male,51,2.3098,0.36,88,1
35,Female,56,14.8323,0.72,270,0
61,Female,47,19.1224,0.93,124,0
52,Male,58,13.6638,0.21,64,0
44,Female,58,11.5689,0.68,124,1
22,Female,58,18.8452,0.44,158,0
24,Male,65,9.093,0.39,106,0
27,Female,56,12.1263,0.26,282,0
27,Male,60,9.741,0.9,200,0
45,Female,47,18.5972,0.43,111,0
53,Male,59,1.976,0.5,303,1
27,Female,65,10.2217,0.29,121,0
52,Female,54,13.8269,0.65,114,0
52,Female,57,15.863,0.5,671,0
54,Male,58,11.8106,0.27,766,0
65,Male,62,18.133,0.38,858,0
37,Male,65,18.7746,0.45,145,0
30,Female,57,1.7478,0.17,707,0
28,Male,76,8.306,0.15,497,0
62,Male,58,0.9551,0.99,876,0
36,Female,52,6.8907,0.93,682,0
45,Male,77,10.9152,0.63,325,0
55,Female,57,18.1694,0.32,102,0
62,Male,79,16.9232,0.31,190,0
21,Male,48,2.9735,0.5,257,0
54,Male,67,2.3048,0.45,605,0
36,Female,66,11.9318,0.76,216,1
54,Male,60,10.8231,0.47,229,0
31,Male,68,5.6677,0.96,338,1
48,Female,50,17.9494,0.33,109,0
45,Female,51,18.4909,0.12,72,0
53,Male,96,8.3107,0.64,190,1
61,Female,42,17.7719,0.99,329,0
55,Male,68,7.9486,0.87,935,1
36,Male,72,14.7942,0.1,209,0
59,Female,56,9.7333,0.62,709,0
18,Male,55,2.8781,0.51,64,1
40,Female,42,18.5019,0.79,242,1
45,Male,65,9.3095,0.33,80,0
65,Female,55,14.749,0.32,96,0
21,Male,47,7.6232,0.39,571,0
58,Female,60,0.8663,0.32,686,0
35,Male,66,2.4503,0.12,57,1
64,Female,56,10.1267,0.67,329,0
56,Male,45,13.8853,0.65,110,0
42,Female,62,6.9939,0.87,56,1
35,Female,57,13.9925,0.73,347,0
23,Male,76,14.0535,0.68,265,0
36,Male,67,14.1564,0.31,265,0
29,Female,56,10.0549,0.77,99,1
42,Male,69,18.2488,0.87,208,0
52,Female,57,9.9904,0.5,237,0
18,Male,59,9.2351,0.59,299,0
22,Other,53,4.368,0.81,558,0
18,Female,57,6.4685,0.52,85,1
25,Male,61,1.3213,0.7,128,1
56,Male,59,12.7906,0.29,169,0
64,Male,52,5.3216,0.63,107,0
60,Male,69,6.4006,0.13,89,0
35,Male,65,15.4538,0.29,804,0
63,Female,54,6.8481,0.93,666,0
26,Female,55,5.1986,0.64,90,1
22,Male,63,3.7797,0.51,174,0
21,Female,42,15.5323,0.57,144,0
61,Male,68,3.0163,0.1,58,0
46,Male,42,9.3028,0.51,188,0
18,Male,64,10.3344,0.23,194,0
47,Female,52,13.8354,0.87,260,1
62,Female,42,12.7857,0.47,578,0
18,Male,60,16.228,0.31,191,0
20,Male,45,1.3682,0.56,114,0
39,Male,42,6.251,0.43,210,0
25,Female,57,5.9346,0.51,75,1
35,Male,62,3.3327,0.75,183,1
42,Female,49,6.1101,0.56,201,0
65,Female,43,6.5094,0.92,939,0
37,Male,68,10.6246,0.33,862,0
48,Female,58,13.3759,0.39,393,0
47,Male,67,7.8933,0.8,136,1
33,Female,57,14.4577,0.81,360,0
19,Male,90,7.0216,0.98,124,1
34,Other,63,6.1315,0.67,101,1
27,Female,52,10.999,0.62,186,0
24,Female,52,0.9601,0.63,91,1
59,Female,48,2.0479,0.43,220,0
26,Female,56,8.6086,0.45,964,0
34,Male,53,18.7925,0.35,64,0
26,Male,68,14.4973,0.64,303,0
26,Male,78,2.2097,0.86,254,1
54,Female,54,16.9186,0.67,955,0
41,Female,50,14.7066,0.53,148,0
56,Female,61,12.3524,0.16,887,0
28,Female,45,16.4137,0.32,56,0
25,Female,49,8.3397,0.86,903,1
42,Female,42,4.7971,0.46,128,1
63,Female,46,10.4333,0.9,319,0
19,Female,50,11.1475,0.32,92,0
27,Male,74,10.9435,0.62,197,0
41,Male,60,11.4624,0.97,965,1
65,Female,46,18.9049,0.6,349,0
33,Female,63,18.0036,0.29,256,0
36,Other,73,17.4889,0.31,179,0
48,Female,42,16.0475,0.24,171,0
28,Male,57,18.8025,0.12,240,0
23,Male,74,2.4108,0.72,194,1
23,Male,69,5.6434,0.8,663,0
49,Male,60,10.1041,0.84,385,0
56,Male,64,16.9228,0.17,374,0
65,Female,56,10.3002,0.95,194,1
30,Male,66,15.0119,0.66,155,1
20,Female,61,3.1958,0.18,302,0
58,Male,61,5.3968,0.18,250,0
52,Female,57,14.6965,0.56,66,0
55,Female,52,3.6958,0.32,661,0
34,Female,64,7.3163,0.32,319,0
20,Male,67,5.6384,0.11,300,0
51,Female,48,7.2873,0.53,794,0
29,Male,58,14.2415,0.18,477,0
41,Female,49,7.6362,0.17,173,0
23,Male,76,11.2721,0.24,102,1
59,Female,63,2.4387,0.11,184,0
28,Male,64,16.1173,0.19,97,0
65,Female,48,7.6758,0.63,600,0
44,Female,61,13.0816,0.33,341,0
65,Male,67,14.5726,0.16,804,0
41,Female,49,4.5674,0.22,613,0
35,Male,64,17.6627,0.14,421,0
44,Female,61,12.4548,0.8,67,1
58,Male,67,8.8173,0.61,109,0
38,Female,63,4.0373,0.53,308,1
51,Female,45,18.7806,0.89,935,0
50,Male,57,15.1483,0.17,655,0
65,Male,65,4.5357,0.13,111,0
35,Female,47,7.0516,0.48,340,1
20,Female,60,16.2077,0.34,348,0
41,Female,54,13.9961,0.53,249,0
18,Male,64,15.3562,0.91,167,0
23,Male,69,9.0593,0.5,120,1
36,Female,49,14.3996,0.25,178,0
39,Female,56,7.998,0.82,279,1
60,Female,70,4.5985,0.45,207,0
25,Male,64,12.7739,0.78,121,1
22,Male,72,19.4347,0.23,178,0
26,Female,65,6.5257,0.4,250,0
64,Male,82,9.4428,0.12,574,0
38,Female,63,13.5756,0.31,810,0
45,Male,70,11.0052,0.68,919,1
63,Male,65,16.8625,0.36,85,0
21,Female,52,15.2778,0.23,87,0
41,Male,55,1.631,0.15,567,1
25,Male,79,19.8694,0.64,104,0
34,Female,57,15.0966,0.17,142,0
51,Female,51,17.2597,0.82,106,1
37,Female,55,13.1332,0.42,299,0
33,Other,64,17.1119,0.37,367,0
27,Male,56,2.6802,0.66,453,0
51,Male,76,7.2461,0.6,415,0
60,Male,53,17.5026,0.99,817,0
27,Female,59,4.4121,0.15,275,0
47,Female,48,2.0179,0.87,209,1
47,Female,65,15.7895,0.64,103,0
42,Female,55,16.7084,0.89,164,1
63,Female,43,3.6555,0.72,77,1
60,Male,57,17.0743,0.79,829,0
58,Male,59,13.8233,0.81,342,0
24,Male,68,10.5896,0.11,179,0
64,Male,73,16.6069,0.85,322,0
37,Male,71,8.6334,0.71,303,0
34,Female,57,4.2635,0.95,351,1
20,Male,67,6.0261,0.22,669,0
64,Female,46,10.3002,0.93,251,0
63,Female,52,10.8078,0.87,265,1
57,Other,58,16.1283,0.3,276,0
53,Female,42,15.8522,0.21,599,0
43,Other,68,11.7785,0.67,239,1
27,Male,66,15.6472,0.71,535,0
51,Male,46,4.2204,0.74,839,0
31,Female,55,1.4713,0.86,108,1
25,Male,60,17.4485,0.6,729,0
44,Female,54,1.9658,0.36,369,0
27,Male,74,5.2858,0.87,234,1
32,Female,57,13.9892,0.49,275,1
54,Female,52,8.4433,0.49,797,0
39,Male,59,17.5005,0.54,87,0
62,Other,60,6.2808,0.85,865,0
48,Male,67,0.7303,0.97,168,1
19,Male,69,6.3327,0.25,644,0
62,Female,63,11.7147,0.21,194,0
48,Female,50,7.7932,0.36,325,1
31,Female,52,10.8765,0.91,689,0
27,Female,52,17.506,0.58,219,0
47,Male,73,18.2022,0.11,248,0
53,Male,55,5.6599,0.62,291,0
64,Male,70,9.4655,0.59,222,1
57,Male,49,11.1534,0.17,284,0
32,Other,64,18.9128,0.23,82,0
31,Female,60,19.8732,0.18,268,0
48,Male,61,5.0669,0.57,207,0
46,Female,55,14.6034,0.58,287,1
44,Female,61,7.8338,0.51,308,0
38,Male,59,0.6573,0.51,233,1
26,Male,61,0.6795,0.62,79,1
37,Female,59,9.435,0.7,61,1
52,Female,45,9.9737,0.97,345,1
32,Male,82,0.9379,0.59,285,1
41,Female,56,13.8264,0.34,276,0
33,Male,66,6.2037,0.98,67,1
53,Male,72,11.3619,0.2,183,0
28,Male,59,6.3378,0.38,642,0
25,Female,60,3.7424,0.91,223,1
20,Female,59,8.3992,0.95,95,1
36,Female,42,5.0061,0.68,124,1
63,Male,79,10.8751,0.11,423,0
58,Male,71,4.3573,0.5,340,0
20,Male,72,10.3631,0.94,258,0
53,Male,74,3.5531,0.9,540,1
42,Female,60,13.5169,0.9,275,0
53,Male,86,15.1264,0.36,296,0
28,Male,68,2.6416,0.84,70,1
33,Male,64,9.5754,0.71,67,1
34,Male,75,1.8749,0.9,277,1
59,Female,63,12.1047,0.67,108,1
41,Female,72,5.6294,0.44,90,1
34,Female,61,10.7359,0.67,490,0
65,Female,58,10.5387,0.42,69,0
37,Male,67,18.4325,0.1,321,0
39,Female,67,11.1522,0.84,336,0
23,Male,50,11.8102,0.86,951,0
24,Female,51,8.2921,0.77,861,0
31,Female,64,18.9121,0.3,313,0
28,Female,55,15.5774,0.22,314,0
29,Male,59,6.0369,0.25,148,0
63,Other,66,16.8777,0.55,60,0
22,Female,47,8.8885,0.34,348,0
22,Female,48,16.5761,0.89,671,0
37,Male,59,16.464,0.59,65,0
32,Male,63,4.1641,0.51,522,0
43,Male,71,14.1021,0.88,61,0
50,Male,62,6.1385,0.17,330,0
47,Female,47,6.2714,0.88,129,1
41,Female,63,6.2492,0.82,246,1
40,Male,67,14.576,0.72,145,1
26,Female,42,4.9586,0.2,190,0
20,Male,71,0.5176,0.15,210,1
53,Male,68,14.3756,0.25,105,0
65,Female,55,3.821,0.34,195,0
24,Female,50,2.527,0.65,223,1
39,Female,63,5.1078,0.17,61,1
31,Male,74,7.8701,0.26,316,0
65,Male,59,9.7326,0.28,64,0
46,Male,68,1.3647,0.7,196,1
33,Male,70,19.3291,0.41,311,0
65,Male,70,14.3916,0.35,449,0
51,Female,51,6.77,0.13,64,1
27,Male,55,6.6827,0.18,185,0
24,Male,53,9.2017,0.59,284,0
42,Female,60,12.6491,0.67,98,0
44,Female,45,3.3396,0.77,241,1
32,Other,68,4.1652,0.55,169,1
49,Female,53,17.173,0.34,317,0
45,Male,76,5.4713,0.36,631,0
26,Male,61,7.8758,0.69,322,1
24,Female,57,17.4027,0.48,161,0
33,Female,47,13.3651,0.24,91,0
43,Female,54,7.1292,0.1,153,1
52,Male,57,13.7638,0.33,332,0
34,Male,65,0.8819,0.78,96,1
40,Female,55,14.7715,0.7,124,1
25,Male,66,9.9481,0.19,92,1
19,Female,48,16.2757,0.5,291,0
48,Other,61,19.02,0.23,90,0
49,Female,48,18.4603,0.53,268,0
46,Male,80,18.1397,0.2,61,0
20,Male,65,10.4361,0.71,281,0
25,Male,64,7.4868,0.63,148,1
19,Female,58,9.5217,0.33,221,0
48,Female,69,13.884,0.99,744,0
54,Male,61,17.6496,0.63,71,1
37,Male,59,4.5155,0.34,327,0
46,Male,67,18.3129,0.42,234,0
34,Other,58,16.3145,0.92,77,0
27,Female,62,19.4898,0.28,60,0
58,Male,65,17.5769,0.28,60,0
39,Female,50,5.9308,0.61,308,1
23,Female,68,2.5555,0.4,184,1
60,Female,65,2.6775,0.37,668,0
51,Female,61,6.1497,0.47,283,0
48,Female,59,12.4152,0.85,343,0
29,Male,65,16.1038,0.86,339,0
29,Female,55,17.9455,0.7,189,0
33,Female,60,12.6008,0.62,72,1
42,Male,65,0.6092,0.11,948,0
39,Male,59,4.1145,0.61,93,1
44,Male,60,2.4347,0.96,116,1
41,Male,70,7.5485,0.85,117,1
29,Male,59,10.2262,0.23,118,0
35,Female,55,1.3419,0.98,73,1
62,Male,70,7.2605,0.29,136,0
64,Male,79,3.9761,0.21,64,0
33,Female,46,13.0532,0.36,319,0
21,Female,61,9.5069,0.23,688,0
29,Male,44,10.1092,0.3,145,0
50,Male,57,8.7972,0.38,264,0
39,Female,52,19.0468,0.63,282,0
35,Female,44,4.6659,0.65,75,1
